CustomerID,Churn,Tenure,PreferredLoginDevice,CityTier,WarehouseToHome,PreferredPaymentMode,Gender,HourSpendOnApp,NumberOfDeviceRegistered,PreferedOrderCat,SatisfactionScore,MaritalStatus,NumberOfAddress,Complain,OrderAmountHikeFromlastYear,CouponUsed,OrderCount,DaySinceLastOrder,CashbackAmount,Predicted_Churn,Churn_Probability,Risk_Level
50001,1,4.0,Mobile Phone,3,6.0,Debit Card,Female,3.0,3,Laptop & Accessory,2,Single,9,1,11.0,1.0,1.0,5.0,159.93,1,0.72,High Risk
50002,1,9.0,Phone,1,8.0,UPI,Male,3.0,4,Mobile,3,Single,7,1,15.0,0.0,1.0,0.0,120.9,1,0.82,High Risk
50003,1,9.0,Phone,1,30.0,Debit Card,Male,2.0,4,Mobile,3,Single,6,1,14.0,0.0,1.0,3.0,120.28,1,0.96,High Risk
50004,1,0.0,Phone,3,15.0,Debit Card,Male,2.0,4,Laptop & Accessory,5,Single,8,0,23.0,0.0,1.0,3.0,134.07,1,0.88,High Risk
50005,1,0.0,Phone,1,12.0,CC,Male,3.0,3,Mobile,5,Single,3,0,11.0,1.0,1.0,3.0,129.6,1,0.89,High Risk
50006,1,0.0,Computer,1,22.0,Debit Card,Female,3.0,5,Mobile Phone,5,Single,2,1,22.0,4.0,6.0,7.0,139.19,1,0.99,High Risk
50007,1,9.0,Phone,3,11.0,Cash on Delivery,Male,2.0,3,Laptop & Accessory,2,Divorced,4,0,14.0,0.0,1.0,0.0,120.86000000000001,1,0.89,High Risk
50008,1,9.0,Phone,1,6.0,CC,Male,3.0,3,Mobile,2,Divorced,3,1,16.0,2.0,2.0,0.0,122.93,1,0.59,Medium Risk
50009,1,13.0,Phone,3,9.0,E wallet,Male,3.0,4,Mobile,3,Divorced,2,1,14.0,0.0,1.0,2.0,126.83000000000001,1,0.89,High Risk
50010,1,9.0,Phone,1,31.0,Debit Card,Male,2.0,5,Mobile,3,Single,2,0,12.0,1.0,1.0,1.0,122.93,1,0.77,High Risk
50011,1,4.0,Mobile Phone,1,18.0,Cash on Delivery,Female,2.0,3,Others,3,Divorced,2,0,15.0,9.0,15.0,8.0,295.45,1,0.54,Medium Risk
50012,1,11.0,Mobile Phone,1,6.0,Debit Card,Male,3.0,4,Fashion,3,Single,10,1,13.0,0.0,1.0,0.0,153.81,1,0.91,High Risk
50013,1,0.0,Phone,1,11.0,COD,Male,2.0,3,Mobile,3,Single,2,1,13.0,2.0,2.0,2.0,134.41,1,0.76,High Risk
50014,1,0.0,Phone,1,15.0,CC,Male,3.0,4,Mobile,3,Divorced,1,1,17.0,0.0,1.0,0.0,133.88,1,0.78,High Risk
50015,1,9.0,Mobile Phone,3,15.0,Credit Card,Male,3.0,4,Fashion,2,Single,2,0,16.0,0.0,4.0,7.0,196.19,1,0.71,High Risk
50016,1,9.0,Phone,2,12.0,UPI,Male,3.0,3,Mobile,5,Married,5,1,22.0,1.0,1.0,2.0,120.72999999999999,1,0.94,High Risk
50017,1,0.0,Computer,1,12.0,Debit Card,Female,3.0,4,Mobile,2,Single,2,1,18.0,1.0,1.0,0.0,129.26,1,0.98,High Risk
50018,1,0.0,Mobile Phone,3,11.0,E wallet,Male,2.0,4,Laptop & Accessory,3,Single,2,1,11.0,1.0,1.0,3.0,157.44,1,0.92,High Risk
50019,1,0.0,Computer,1,13.0,Debit Card,Male,3.0,5,Laptop & Accessory,3,Single,2,1,24.0,1.0,1.0,6.0,160.74,1,0.83,High Risk
50020,1,19.0,Mobile Phone,1,20.0,Debit Card,Female,3.0,3,Mobile Phone,4,Divorced,10,1,18.0,1.0,4.0,3.0,149.63,1,0.83,High Risk
50021,1,0.0,Mobile Phone,3,12.0,Debit Card,Male,3.0,5,Laptop & Accessory,3,Divorced,5,1,18.0,6.0,7.0,7.0,161.72,1,0.92,High Risk
50022,1,20.0,Mobile Phone,1,29.0,Credit Card,Female,3.0,3,Fashion,2,Divorced,2,0,12.0,11.0,15.0,6.0,203.12,1,0.91,High Risk
50023,1,9.0,Mobile Phone,3,28.0,E wallet,Male,2.0,3,Mobile Phone,3,Single,2,1,19.0,0.0,1.0,0.0,116.75,1,0.94,High Risk
50024,1,0.0,Phone,3,26.0,Debit Card,Female,3.0,5,Laptop & Accessory,3,Divorced,4,1,11.0,1.0,2.0,2.0,145.59,1,0.9,High Risk
50025,1,14.0,Computer,1,14.0,Debit Card,Male,2.0,5,Fashion,2,Single,3,0,15.0,0.0,1.0,3.0,206.5,1,0.79,High Risk
50026,1,0.0,Phone,1,15.0,Credit Card,Female,2.0,3,Mobile Phone,5,Single,8,0,22.0,1.0,1.0,4.0,142.0,1,0.93,High Risk
50027,0,8.0,Mobile Phone,3,6.0,E wallet,Male,3.0,3,Fashion,4,Divorced,2,0,13.0,1.0,1.0,6.0,172.95,0,0.01,Low Risk
50028,0,9.0,Phone,3,12.0,E wallet,Male,2.0,3,Laptop & Accessory,3,Divorced,3,1,20.0,0.0,4.0,5.0,123.06,0,0.01,Low Risk
50029,0,18.0,Phone,1,14.0,Debit Card,Male,2.0,3,Laptop & Accessory,4,Married,9,0,18.0,1.0,1.0,15.0,123.47999999999999,0,0.01,Low Risk
50030,0,5.0,Computer,3,14.0,E wallet,Female,2.0,3,Fashion,2,Single,2,0,14.0,2.0,3.0,7.0,189.98,0,0.04,Low Risk
50031,0,2.0,Computer,1,6.0,COD,Male,2.0,3,Laptop & Accessory,3,Divorced,2,0,13.0,0.0,1.0,9.0,143.19,0,0.03,Low Risk
50032,0,0.0,Mobile Phone,1,13.0,Credit Card,Male,2.0,4,Laptop & Accessory,3,Divorced,3,0,17.0,1.0,1.0,0.0,161.32,0,0.42,Medium Risk
50033,0,30.0,Phone,1,15.0,CC,Female,3.0,4,Mobile,4,Divorced,5,1,20.0,1.0,1.0,0.0,133.46,0,0.0,Low Risk
50034,0,13.0,Mobile Phone,3,10.0,E wallet,Male,3.0,4,Fashion,2,Divorced,8,0,11.0,2.0,2.0,11.0,208.55,0,0.02,Low Risk
50035,0,9.0,Computer,3,8.0,E wallet,Female,3.0,3,Mobile,3,Divorced,7,0,18.0,1.0,1.0,2.0,122.31,0,0.01,Low Risk
50036,0,0.0,Phone,1,14.0,CC,Male,3.0,3,Mobile,2,Divorced,2,0,24.0,0.0,2.0,2.0,123.22999999999999,0,0.13,Low Risk
50037,0,9.0,Computer,1,15.0,CC,Male,2.0,3,Mobile,4,Married,7,0,18.0,0.0,2.0,2.0,120.24000000000001,0,0.07,Low Risk
50038,0,1.0,Phone,1,27.0,CC,Male,3.0,3,Mobile,2,Divorced,2,0,11.0,0.0,1.0,2.0,127.13,0,0.02,Low Risk
50039,0,30.0,Mobile Phone,1,30.0,Debit Card,Male,2.0,2,Fashion,2,Married,4,1,16.0,1.0,1.0,4.0,194.39,0,0.0,Low Risk
50040,0,0.0,Computer,1,14.0,CC,Male,3.0,4,Mobile,3,Married,2,1,15.0,0.0,1.0,1.0,125.66,0,0.39,Low Risk
50041,0,23.0,Mobile Phone,1,17.0,Debit Card,Female,2.0,3,Others,4,Single,4,0,15.0,2.0,4.0,4.0,299.26,0,0.01,Low Risk
50042,0,14.0,Phone,1,14.0,Debit Card,Male,2.0,3,Mobile,3,Married,5,0,12.0,1.0,1.0,8.0,124.50999999999999,0,0.02,Low Risk
50043,0,3.0,Mobile Phone,3,11.0,Debit Card,Female,2.0,3,Fashion,2,Divorced,3,0,12.0,2.0,7.0,4.0,194.19,0,0.06,Low Risk
50044,0,11.0,Mobile Phone,3,6.0,Debit Card,Female,2.0,4,Laptop & Accessory,2,Single,5,0,22.0,1.0,1.0,1.0,186.86,0,0.0,Low Risk
50045,0,5.0,Phone,1,12.0,Debit Card,Male,3.0,3,Mobile,3,Single,4,0,20.0,0.0,1.0,4.0,130.38,0,0.0,Low Risk
50046,0,0.0,Phone,1,23.0,COD,Male,3.0,3,Mobile,4,Divorced,1,1,16.0,1.0,1.0,1.0,130.58,0,0.21,Low Risk
50047,1,0.0,Computer,3,14.0,COD,Female,3.0,5,Mobile,5,Single,1,0,21.0,1.0,1.0,0.0,123.25,1,0.89,High Risk
50048,0,9.0,Computer,1,9.0,CC,Male,1.0,3,Mobile,4,Single,5,0,12.0,4.0,7.0,2.0,120.88,0,0.0,Low Risk
50049,0,3.0,Computer,1,15.0,CC,Male,3.0,3,Laptop & Accessory,5,Married,2,0,11.0,0.0,6.0,10.0,130.72,0,0.02,Low Risk
50050,0,18.0,Mobile Phone,3,10.0,Debit Card,Female,1.0,3,Laptop & Accessory,5,Married,5,1,11.0,0.0,1.0,3.0,150.06,0,0.0,Low Risk
50051,0,29.0,Phone,1,14.0,Debit Card,Female,3.0,3,Mobile Phone,5,Married,5,1,18.0,1.0,2.0,2.0,142.57,0,0.03,Low Risk
50052,0,6.0,Phone,1,14.0,Debit Card,Male,2.0,3,Mobile,2,Single,1,0,14.0,0.0,1.0,2.0,125.0,0,0.0,Low Risk
50053,1,0.0,Mobile Phone,1,8.0,Debit Card,Male,2.0,4,Mobile Phone,2,Single,2,0,22.0,0.0,1.0,0.0,111.02000000000001,1,0.91,High Risk
50054,0,19.0,Mobile Phone,3,6.0,E wallet,Female,3.0,3,Fashion,5,Married,2,0,25.0,4.0,15.0,7.0,204.53,0,0.0,Low Risk
50055,0,9.0,Phone,1,15.0,Debit Card,Female,3.0,3,Mobile,2,Single,2,0,12.0,1.0,2.0,1.0,122.88,0,0.01,Low Risk
50056,0,4.0,Phone,1,18.0,Credit Card,Female,3.0,3,Mobile Phone,2,Divorced,9,1,23.0,1.0,1.0,2.0,139.29,0,0.12,Low Risk
50057,0,9.0,Phone,1,33.0,CC,Female,3.0,3,Mobile,4,Single,3,0,15.0,1.0,1.0,2.0,123.11000000000001,0,0.01,Low Risk
50058,1,4.0,Phone,3,26.0,E wallet,Female,3.0,3,Mobile,4,Single,2,1,22.0,0.0,1.0,2.0,131.4,0,0.49,Medium Risk
50059,0,23.0,Phone,1,6.0,Credit Card,Male,2.0,4,Mobile Phone,3,Divorced,3,0,15.0,0.0,1.0,2.0,136.9,0,0.0,Low Risk
50060,0,26.0,Phone,1,19.0,Credit Card,Female,2.0,2,Laptop & Accessory,5,Married,2,0,11.0,1.0,1.0,3.0,144.5,0,0.0,Low Risk
50061,0,6.0,Phone,1,20.0,CC,Female,3.0,3,Mobile,4,Divorced,2,0,13.0,0.0,1.0,6.0,127.56,0,0.01,Low Risk
50062,0,13.0,Mobile Phone,1,10.0,Credit Card,Female,2.0,3,Others,3,Divorced,2,0,14.0,1.0,9.0,9.0,290.33,0,0.0,Low Risk
50063,0,28.0,Mobile Phone,1,20.0,Credit Card,Male,3.0,2,Others,4,Single,9,0,11.0,1.0,2.0,15.0,287.22,0,0.0,Low Risk
50064,0,7.0,Computer,1,8.0,Debit Card,Male,2.0,4,Laptop & Accessory,3,Divorced,2,0,17.0,0.0,1.0,9.0,195.47,0,0.01,Low Risk
50065,0,24.0,Mobile Phone,1,9.0,Credit Card,Female,3.0,3,Grocery,4,Single,4,0,18.0,0.0,2.0,0.0,237.33999999999997,0,0.0,Low Risk
50066,0,25.0,Mobile Phone,1,6.0,Debit Card,Male,3.0,4,Others,3,Divorced,1,0,15.0,1.0,11.0,9.0,299.99,0,0.0,Low Risk
50067,0,9.0,Phone,1,15.0,CC,Female,2.0,3,Mobile,4,Single,2,0,16.0,1.0,1.0,3.0,122.78999999999999,0,0.0,Low Risk
50068,1,0.0,Mobile Phone,1,29.0,Debit Card,Male,2.0,4,Laptop & Accessory,3,Divorced,4,1,13.0,1.0,1.0,1.0,159.16,1,0.96,High Risk
50069,0,9.0,Computer,1,13.0,CC,Male,2.0,2,Mobile,2,Married,5,0,14.0,0.0,2.0,2.0,120.88999999999999,0,0.01,Low Risk
50070,0,18.0,Computer,1,8.0,Credit Card,Male,3.0,4,Grocery,2,Divorced,10,0,23.0,1.0,11.0,8.0,267.92,0,0.0,Low Risk
50071,0,10.0,Phone,1,27.0,Debit Card,Male,3.0,2,Mobile Phone,5,Divorced,2,1,12.0,0.0,1.0,7.0,135.64,0,0.08,Low Risk
50072,0,8.0,Computer,1,8.0,Credit Card,Female,2.0,3,Laptop & Accessory,4,Single,6,0,11.0,1.0,1.0,2.0,144.25,0,0.0,Low Risk
50073,0,15.0,Computer,1,27.0,Credit Card,Female,2.0,3,Laptop & Accessory,3,Married,3,0,16.0,0.0,1.0,2.0,152.65,0,0.0,Low Risk
50074,0,11.0,Mobile Phone,1,8.0,Debit Card,Male,2.0,3,Laptop & Accessory,3,Divorced,10,0,14.0,0.0,1.0,0.0,165.53,0,0.01,Low Risk
50075,0,11.0,Mobile Phone,1,35.0,COD,Male,2.0,3,Laptop & Accessory,2,Divorced,4,0,18.0,0.0,1.0,7.0,162.61,0,0.01,Low Risk
50076,0,0.0,Computer,1,6.0,COD,Male,2.0,4,Laptop & Accessory,5,Divorced,6,0,19.0,0.0,2.0,0.0,142.98,0,0.1,Low Risk
50077,0,22.0,Computer,1,24.0,Debit Card,Male,3.0,3,Laptop & Accessory,2,Married,2,1,15.0,0.0,1.0,7.0,168.04,0,0.01,Low Risk
50078,0,7.0,Computer,1,16.0,Credit Card,Male,2.0,3,Mobile Phone,3,Married,2,1,17.0,2.0,2.0,0.0,138.15,0,0.27,Low Risk
50079,0,13.0,Phone,1,25.0,CC,Male,3.0,3,Laptop & Accessory,2,Divorced,9,1,15.0,1.0,3.0,7.0,127.41,0,0.02,Low Risk
50080,1,1.0,Mobile Phone,1,35.0,Credit Card,Male,3.0,3,Laptop & Accessory,5,Divorced,8,1,19.0,0.0,1.0,0.0,166.73,1,0.53,Medium Risk
50081,1,0.0,Mobile Phone,3,33.0,E wallet,Female,2.0,3,Fashion,2,Divorced,2,0,22.0,1.0,1.0,9.0,176.39,1,0.9,High Risk
50082,0,0.0,Phone,1,14.0,Debit Card,Male,2.0,2,Mobile,4,Married,2,1,16.0,0.0,2.0,2.0,123.28,0,0.21,Low Risk
50083,0,9.0,Computer,1,24.0,CC,Female,3.0,3,Mobile,2,Single,2,0,13.0,1.0,1.0,7.0,121.53,0,0.0,Low Risk
50084,0,13.0,Computer,1,15.0,Debit Card,Male,3.0,4,Laptop & Accessory,2,Divorced,10,0,14.0,1.0,1.0,2.0,148.76,0,0.0,Low Risk
50085,0,19.0,Mobile Phone,1,6.0,Credit Card,Male,3.0,3,Fashion,5,Married,8,0,16.0,0.0,1.0,3.0,193.96,0,0.0,Low Risk
50086,1,0.0,Mobile Phone,3,10.0,Credit Card,Male,2.0,5,Fashion,2,Divorced,2,0,11.0,7.0,9.0,8.0,204.0,1,0.96,High Risk
50087,0,3.0,Computer,1,6.0,Debit Card,Male,2.0,4,Fashion,3,Single,2,0,22.0,2.0,5.0,8.0,184.74,0,0.01,Low Risk
50088,0,0.0,Computer,3,26.0,Debit Card,Female,2.0,3,Laptop & Accessory,3,Single,2,0,14.0,1.0,1.0,7.0,199.81,0,0.02,Low Risk
50089,0,24.0,Mobile Phone,1,14.0,Debit Card,Male,2.0,4,Fashion,4,Divorced,6,0,16.0,1.0,4.0,3.0,224.89999999999998,0,0.04,Low Risk
50090,1,0.0,Phone,1,14.0,COD,Female,2.0,3,Mobile,5,Single,6,1,11.0,1.0,1.0,4.0,126.57,1,0.93,High Risk
50091,0,14.0,Mobile Phone,3,12.0,Debit Card,Female,3.0,3,Fashion,2,Single,4,1,18.0,0.0,2.0,0.0,235.91000000000003,0,0.02,Low Risk
50092,1,0.0,Computer,3,32.0,E wallet,Female,2.0,4,Laptop & Accessory,5,Single,6,0,15.0,0.0,1.0,1.0,166.96,1,0.98,High Risk
50093,1,9.0,Phone,1,6.0,Cash on Delivery,Male,2.0,3,Mobile,3,Single,1,0,14.0,0.0,1.0,5.0,120.58000000000001,1,0.65,Medium Risk
50094,0,18.0,Computer,3,12.0,Credit Card,Female,2.0,4,Fashion,2,Single,7,0,12.0,12.0,12.0,8.0,188.65,0,0.04,Low Risk
50095,0,27.0,Mobile Phone,3,9.0,E wallet,Female,2.0,3,Laptop & Accessory,5,Divorced,3,0,14.0,1.0,1.0,5.0,159.4,0,0.0,Low Risk
50096,0,9.0,Mobile Phone,1,11.0,Debit Card,Male,3.0,3,Laptop & Accessory,4,Single,9,0,16.0,0.0,3.0,7.0,159.14,0,0.0,Low Risk
50097,0,6.0,Phone,1,14.0,CC,Female,2.0,4,Mobile,4,Divorced,7,0,21.0,0.0,1.0,1.0,126.22,0,0.1,Low Risk
50098,0,10.0,Computer,1,17.0,UPI,Male,2.0,3,Fashion,2,Married,2,1,14.0,0.0,1.0,3.0,221.85000000000002,0,0.0,Low Risk
50099,0,11.0,Mobile Phone,3,9.0,Debit Card,Male,3.0,3,Fashion,3,Married,1,0,12.0,1.0,5.0,13.0,206.08999999999997,0,0.0,Low Risk
50100,0,4.0,Computer,1,6.0,Credit Card,Male,2.0,5,Laptop & Accessory,3,Divorced,1,0,12.0,1.0,1.0,4.0,143.45,0,0.0,Low Risk
50101,0,9.0,Phone,1,9.0,Debit Card,Male,3.0,4,Mobile,2,Divorced,4,0,17.0,0.0,1.0,0.0,121.77000000000001,0,0.11,Low Risk
50102,0,10.0,Computer,3,10.0,E wallet,Male,2.0,3,Mobile Phone,2,Married,5,0,17.0,1.0,5.0,8.0,0.0,0,0.02,Low Risk
50103,0,2.0,Computer,3,6.0,Credit Card,Female,2.0,3,Fashion,2,Divorced,2,0,14.0,4.0,4.0,1.0,179.18,0,0.08,Low Risk
50104,0,8.0,Computer,3,6.0,E wallet,Female,3.0,3,Fashion,3,Single,2,0,14.0,1.0,1.0,8.0,187.89,0,0.0,Low Risk
50105,1,0.0,Phone,1,14.0,CC,Male,2.0,4,Mobile,2,Single,2,1,13.0,0.0,1.0,1.0,123.88999999999999,1,0.95,High Risk
50106,0,25.0,Phone,1,8.0,Debit Card,Female,2.0,4,Mobile,2,Single,8,0,15.0,0.0,2.0,2.0,132.12,0,0.02,Low Risk
50107,0,15.0,Mobile Phone,1,10.0,Cash on Delivery,Male,2.0,3,Others,2,Divorced,2,0,15.0,0.0,11.0,15.0,292.32,0,0.0,Low Risk
50108,0,9.0,Phone,2,12.0,CC,Male,2.0,3,Mobile,3,Divorced,9,0,17.0,2.0,2.0,2.0,122.66999999999999,0,0.03,Low Risk
50109,0,23.0,Mobile Phone,3,6.0,Credit Card,Female,3.0,3,Others,2,Married,4,0,15.0,1.0,1.0,6.0,295.17,0,0.0,Low Risk
50110,1,0.0,Phone,1,14.0,CC,Male,2.0,3,Mobile,2,Divorced,6,1,13.0,0.0,1.0,4.0,124.36000000000001,1,0.93,High Risk
50111,0,16.0,Mobile Phone,3,22.0,E wallet,Female,3.0,3,Grocery,2,Divorced,6,1,22.0,0.0,2.0,9.0,260.64,0,0.02,Low Risk
50112,1,0.0,Phone,1,8.0,Debit Card,Female,3.0,3,Mobile,5,Divorced,8,0,20.0,1.0,1.0,7.0,127.07,1,0.56,Medium Risk
50113,0,25.0,Computer,3,8.0,Debit Card,Male,3.0,4,Others,3,Single,2,1,18.0,1.0,15.0,12.0,290.68,0,0.03,Low Risk
50114,0,5.0,Phone,3,10.0,Debit Card,Female,2.0,3,Mobile Phone,4,Divorced,3,0,11.0,1.0,1.0,2.0,139.31,0,0.01,Low Risk
50115,1,0.0,Phone,1,6.0,Debit Card,Male,3.0,4,Mobile Phone,3,Single,1,1,14.0,1.0,1.0,2.0,137.3,1,0.86,High Risk
50116,0,9.0,Phone,1,6.0,CC,Female,3.0,3,Mobile,3,Married,8,0,14.0,0.0,1.0,2.0,122.32,0,0.0,Low Risk
50117,0,5.0,Computer,3,32.0,E wallet,Male,3.0,3,Laptop & Accessory,2,Divorced,1,0,18.0,1.0,2.0,2.0,144.65,0,0.01,Low Risk
50118,0,14.0,Phone,1,25.0,Debit Card,Male,3.0,3,Laptop & Accessory,5,Married,3,0,16.0,1.0,1.0,0.0,130.72,0,0.02,Low Risk
50119,0,13.0,Phone,1,30.0,COD,Male,3.0,3,Laptop & Accessory,2,Married,2,0,17.0,2.0,4.0,7.0,133.19,0,0.0,Low Risk
50120,0,18.0,Mobile Phone,1,6.0,UPI,Male,3.0,2,Others,2,Divorced,1,0,15.0,1.0,1.0,7.0,292.02,0,0.0,Low Risk
50121,0,4.0,Computer,1,9.0,Credit Card,Male,3.0,3,Fashion,3,Married,10,0,12.0,1.0,2.0,2.0,236.75,0,0.01,Low Risk
50122,0,6.0,Phone,1,11.0,Debit Card,Female,3.0,4,Mobile,2,Divorced,2,0,13.0,0.0,1.0,2.0,129.11,0,0.0,Low Risk
50123,0,7.0,Mobile Phone,1,8.0,Debit Card,Male,2.0,4,Laptop & Accessory,5,Divorced,7,0,13.0,0.0,5.0,9.0,159.57,0,0.02,Low Risk
50124,0,10.0,Phone,1,6.0,Credit Card,Female,2.0,4,Mobile Phone,5,Divorced,3,0,14.0,1.0,1.0,2.0,139.2,0,0.0,Low Risk
50125,0,18.0,Computer,1,13.0,Debit Card,Male,3.0,2,Laptop & Accessory,3,Divorced,5,0,17.0,0.0,1.0,2.0,164.34,0,0.01,Low Risk
50126,1,0.0,Computer,1,16.0,Credit Card,Male,3.0,3,Fashion,3,Married,7,0,11.0,1.0,1.0,0.0,200.48,1,0.95,High Risk
50127,0,12.0,Computer,1,8.0,Cash on Delivery,Female,3.0,3,Fashion,3,Single,1,0,25.0,10.0,11.0,3.0,209.38,0,0.01,Low Risk
50128,0,2.0,Phone,1,14.0,Debit Card,Male,2.0,3,Mobile,2,Single,2,0,19.0,0.0,1.0,5.0,123.4,0,0.03,Low Risk
50129,0,15.0,Mobile Phone,1,23.0,Debit Card,Female,2.0,2,Laptop & Accessory,5,Single,4,1,13.0,0.0,1.0,2.0,165.45,0,0.0,Low Risk
50130,0,2.0,Mobile Phone,3,26.0,E wallet,Male,2.0,3,Laptop & Accessory,2,Married,3,0,14.0,1.0,1.0,2.0,169.31,0,0.0,Low Risk
50131,0,0.0,Phone,1,6.0,Debit Card,Female,3.0,3,Laptop & Accessory,3,Divorced,1,0,12.0,1.0,1.0,2.0,148.98,0,0.02,Low Risk
50132,0,15.0,Phone,1,14.0,CC,Female,2.0,4,Mobile,5,Married,1,1,11.0,4.0,7.0,8.0,125.93,0,0.05,Low Risk
50133,0,13.0,Mobile Phone,1,8.0,Credit Card,Male,2.0,3,Others,3,Married,1,0,15.0,0.0,3.0,9.0,294.36,0,0.01,Low Risk
50134,0,24.0,Phone,1,6.0,Debit Card,Male,3.0,3,Mobile,2,Divorced,2,0,11.0,1.0,1.0,0.0,127.22999999999999,0,0.06,Low Risk
50135,1,0.0,Computer,1,35.0,CC,Male,3.0,4,Mobile,4,Single,1,0,11.0,1.0,1.0,4.0,134.79,1,0.87,High Risk
50136,0,5.0,Computer,1,13.0,Debit Card,Male,3.0,2,Mobile,4,Divorced,2,0,20.0,0.0,1.0,3.0,127.94,0,0.0,Low Risk
50137,0,11.0,Computer,3,8.0,Debit Card,Male,2.0,4,Laptop & Accessory,2,Divorced,4,0,18.0,6.0,7.0,5.0,152.49,0,0.01,Low Risk
50138,0,9.0,Phone,1,8.0,Cash on Delivery,Male,2.0,4,Laptop & Accessory,5,Single,5,0,13.0,0.0,1.0,4.0,121.75999999999999,0,0.0,Low Risk
50139,0,19.0,Mobile Phone,3,8.0,Cash on Delivery,Female,3.0,5,Grocery,4,Divorced,4,1,12.0,1.0,7.0,7.0,268.72,0,0.07,Low Risk
50140,1,0.0,Phone,1,8.0,Debit Card,Male,3.0,3,Mobile,3,Single,3,0,11.0,1.0,1.0,0.0,134.85,1,0.69,Medium Risk
50141,0,2.0,Mobile Phone,3,8.0,Credit Card,Male,3.0,4,Laptop & Accessory,4,Divorced,3,0,19.0,0.0,1.0,0.0,166.44,0,0.05,Low Risk
50142,0,4.0,Mobile Phone,1,29.0,Credit Card,Male,3.0,4,Laptop & Accessory,2,Divorced,1,0,21.0,1.0,7.0,8.0,155.82,0,0.01,Low Risk
50143,0,0.0,Computer,1,11.0,Debit Card,Male,2.0,2,Laptop & Accessory,5,Married,2,0,12.0,1.0,1.0,5.0,140.0,0,0.02,Low Risk
50144,0,18.0,Mobile Phone,1,26.0,Credit Card,Male,3.0,3,Grocery,2,Divorced,1,1,14.0,0.0,2.0,10.0,234.95999999999998,0,0.01,Low Risk
50145,0,9.0,Phone,1,12.0,Debit Card,Male,2.0,3,Mobile,2,Divorced,1,0,11.0,4.0,10.0,11.0,132.1,0,0.0,Low Risk
50146,0,28.0,Mobile Phone,1,6.0,Credit Card,Male,2.0,3,Others,5,Single,1,1,14.0,1.0,4.0,13.0,290.45,0,0.04,Low Risk
50147,1,10.0,Computer,1,35.0,Debit Card,Male,2.0,3,Fashion,4,Divorced,2,1,12.0,5.0,9.0,3.0,218.49,1,0.86,High Risk
50148,0,9.0,Phone,1,15.0,CC,Male,3.0,3,Mobile,2,Divorced,2,0,23.0,1.0,1.0,4.0,120.69999999999999,0,0.01,Low Risk
50149,0,10.0,Mobile Phone,3,12.0,Credit Card,Male,3.0,3,Laptop & Accessory,2,Divorced,5,0,14.0,0.0,1.0,1.0,165.02,0,0.01,Low Risk
50150,0,0.0,Phone,1,9.0,CC,Male,3.0,4,Mobile,3,Single,2,0,17.0,1.0,1.0,0.0,132.3,0,0.06,Low Risk
50151,0,10.0,Computer,1,6.0,Credit Card,Female,0.0,3,Fashion,2,Married,3,1,18.0,0.0,2.0,2.0,236.02999999999997,0,0.0,Low Risk
50152,0,2.0,Mobile Phone,1,28.0,Debit Card,Female,3.0,2,Fashion,4,Married,8,0,18.0,5.0,6.0,3.0,219.95999999999998,0,0.02,Low Risk
50153,0,11.0,Mobile Phone,3,13.0,Credit Card,Female,2.0,2,Laptop & Accessory,5,Married,2,1,24.0,0.0,7.0,7.0,156.05,0,0.01,Low Risk
50154,0,0.0,Computer,1,6.0,Debit Card,Female,2.0,3,Laptop & Accessory,4,Married,2,0,20.0,0.0,1.0,4.0,163.97,0,0.0,Low Risk
50155,0,23.0,Mobile Phone,1,10.0,Debit Card,Male,3.0,3,Others,4,Married,4,0,14.0,1.0,1.0,6.0,291.44,0,0.0,Low Risk
50156,0,26.0,Mobile Phone,1,9.0,Credit Card,Male,2.0,3,Grocery,3,Divorced,4,1,16.0,1.0,1.0,3.0,275.84,0,0.01,Low Risk
50157,0,15.0,Phone,3,6.0,Debit Card,Male,2.0,3,Laptop & Accessory,3,Divorced,2,0,25.0,4.0,11.0,6.0,149.07,0,0.03,Low Risk
50158,0,2.0,Computer,3,8.0,Debit Card,Male,2.0,3,Laptop & Accessory,2,Single,2,0,18.0,0.0,1.0,9.0,145.54,0,0.0,Low Risk
50159,0,28.0,Mobile Phone,1,26.0,COD,Male,2.0,3,Laptop & Accessory,2,Divorced,4,1,19.0,1.0,1.0,8.0,154.15,0,0.06,Low Risk
50160,0,0.0,Computer,1,17.0,Credit Card,Male,2.0,3,Laptop & Accessory,5,Divorced,2,1,13.0,2.0,3.0,3.0,147.41,0,0.15,Low Risk
50161,0,9.0,Phone,1,6.0,Debit Card,Female,2.0,3,Mobile,2,Single,2,0,12.0,1.0,5.0,7.0,121.15,0,0.04,Low Risk
50162,1,7.0,Computer,1,30.0,Debit Card,Male,3.0,3,Mobile,3,Married,4,1,22.0,0.0,1.0,0.0,131.61,1,0.83,High Risk
50163,0,11.0,Mobile Phone,1,29.0,Debit Card,Male,2.0,3,Laptop & Accessory,2,Married,10,0,14.0,0.0,1.0,2.0,157.45,0,0.01,Low Risk
50164,1,0.0,Phone,1,14.0,CC,Male,2.0,3,Mobile,4,Married,3,1,13.0,1.0,1.0,2.0,123.72999999999999,1,0.95,High Risk
50165,0,1.0,Phone,1,14.0,Debit Card,Female,3.0,3,Mobile,2,Single,2,0,21.0,0.0,1.0,2.0,133.1,0,0.0,Low Risk
50166,0,22.0,Computer,1,16.0,Debit Card,Female,2.0,3,Others,5,Single,10,1,11.0,1.0,1.0,2.0,286.65,0,0.07,Low Risk
50167,0,9.0,Phone,1,9.0,COD,Male,1.0,3,Laptop & Accessory,4,Single,5,0,12.0,6.0,7.0,7.0,144.85,0,0.01,Low Risk
50168,0,4.0,Computer,3,11.0,E wallet,Female,3.0,3,Mobile,4,Married,2,0,11.0,0.0,2.0,2.0,127.88999999999999,0,0.0,Low Risk
50169,1,0.0,Mobile Phone,3,10.0,E wallet,Male,2.0,4,Laptop & Accessory,2,Single,2,1,12.0,7.0,7.0,4.0,158.28,1,0.94,High Risk
50170,0,10.0,Computer,1,14.0,CC,Male,2.0,3,Mobile,2,Divorced,2,1,12.0,0.0,1.0,2.0,123.25999999999999,0,0.04,Low Risk
50171,0,15.0,Computer,3,32.0,E wallet,Female,3.0,3,Grocery,4,Divorced,6,0,14.0,2.0,2.0,8.0,235.25,0,0.0,Low Risk
50172,1,9.0,Mobile Phone,1,9.0,Debit Card,Male,2.0,3,Mobile Phone,3,Single,2,0,13.0,0.0,1.0,0.0,114.19999999999999,1,0.94,High Risk
50173,0,8.0,Mobile Phone,3,22.0,E wallet,Male,3.0,3,Fashion,4,Divorced,1,0,15.0,3.0,6.0,9.0,180.2,0,0.02,Low Risk
50174,0,9.0,Computer,1,24.0,Debit Card,Male,2.0,2,Mobile Phone,2,Divorced,5,0,18.0,0.0,1.0,0.0,136.88,0,0.06,Low Risk
50175,0,24.0,Mobile Phone,1,8.0,Credit Card,Male,2.0,5,Laptop & Accessory,4,Married,6,0,18.0,0.0,1.0,2.0,154.82,0,0.0,Low Risk
50176,0,14.0,Mobile Phone,3,8.0,Debit Card,Male,2.0,3,Grocery,4,Single,2,0,19.0,1.0,2.0,4.0,260.15,0,0.0,Low Risk
50177,0,0.0,Mobile Phone,3,16.0,Credit Card,Female,3.0,4,Mobile Phone,3,Single,2,0,12.0,1.0,1.0,0.0,112.0,0,0.17,Low Risk
50178,0,1.0,Mobile Phone,1,22.0,Credit Card,Male,3.0,2,Laptop & Accessory,5,Single,1,0,19.0,0.0,1.0,7.0,156.61,0,0.03,Low Risk
50179,0,4.0,Mobile Phone,3,13.0,COD,Male,3.0,2,Laptop & Accessory,2,Divorced,5,0,11.0,3.0,7.0,7.0,169.29,0,0.1,Low Risk
50180,0,12.0,Mobile Phone,1,6.0,Credit Card,Male,2.0,2,Fashion,2,Married,1,0,17.0,3.0,3.0,7.0,196.13,0,0.03,Low Risk
50181,0,9.0,Computer,1,30.0,Debit Card,Female,2.0,3,Laptop & Accessory,4,Divorced,8,0,15.0,0.0,1.0,8.0,156.74,0,0.01,Low Risk
50182,0,5.0,Mobile Phone,3,13.0,Debit Card,Male,3.0,4,Laptop & Accessory,3,Divorced,2,0,14.0,1.0,4.0,8.0,154.84,0,0.0,Low Risk
50183,0,11.0,Mobile Phone,1,31.0,Debit Card,Female,2.0,4,Fashion,4,Divorced,4,0,17.0,1.0,1.0,3.0,220.61,0,0.0,Low Risk
50184,0,30.0,Computer,1,6.0,Debit Card,Male,2.0,5,Laptop & Accessory,3,Married,3,1,13.0,1.0,1.0,2.0,156.6,0,0.0,Low Risk
50185,0,4.0,Phone,1,11.0,COD,Male,2.0,3,Mobile Phone,2,Divorced,1,1,12.0,0.0,1.0,3.0,148.21,0,0.02,Low Risk
50186,0,4.0,Mobile Phone,2,8.0,UPI,Male,3.0,4,Laptop & Accessory,5,Divorced,4,0,12.0,0.0,1.0,0.0,164.1,0,0.01,Low Risk
50187,0,18.0,Computer,1,13.0,Debit Card,Male,3.0,3,Fashion,5,Married,2,0,18.0,5.0,9.0,11.0,152.1,0,0.02,Low Risk
50188,0,4.0,Phone,1,8.0,Debit Card,Male,3.0,3,Mobile,2,Married,1,1,18.0,1.0,2.0,2.0,126.94999999999999,0,0.0,Low Risk
50189,0,6.0,Computer,1,11.0,Debit Card,Female,3.0,3,Fashion,4,Divorced,7,0,11.0,2.0,8.0,3.0,218.77999999999997,0,0.03,Low Risk
50190,0,12.0,Mobile Phone,1,16.0,Credit Card,Male,2.0,3,Grocery,5,Divorced,2,1,14.0,1.0,11.0,10.0,270.68,0,0.01,Low Risk
50191,0,16.0,Computer,1,14.0,Debit Card,Female,2.0,3,Mobile,2,Single,1,0,19.0,0.0,1.0,7.0,124.55000000000001,0,0.0,Low Risk
50192,0,22.0,Mobile Phone,1,6.0,Cash on Delivery,Female,2.0,4,Grocery,3,Single,8,1,12.0,1.0,2.0,7.0,239.64,0,0.06,Low Risk
50193,1,15.0,Phone,1,14.0,Credit Card,Male,2.0,4,Laptop & Accessory,4,Divorced,3,0,15.0,7.0,7.0,7.0,149.41,1,0.56,Medium Risk
50194,0,0.0,Phone,1,14.0,Debit Card,Female,2.0,3,Mobile,4,Single,2,1,12.0,0.0,1.0,2.0,124.78,0,0.06,Low Risk
50195,0,5.0,Mobile Phone,3,14.0,COD,Female,3.0,4,Laptop & Accessory,4,Divorced,2,1,11.0,6.0,11.0,9.0,152.28,0,0.01,Low Risk
50196,0,0.0,Phone,3,8.0,Debit Card,Male,3.0,3,Laptop & Accessory,3,Single,2,1,11.0,1.0,1.0,4.0,144.78,0,0.15,Low Risk
50197,0,4.0,Mobile Phone,3,13.0,E wallet,Male,3.0,3,Laptop & Accessory,2,Married,5,0,12.0,0.0,1.0,7.0,175.47,0,0.0,Low Risk
50198,0,5.0,Mobile Phone,1,8.0,Credit Card,Female,3.0,2,Laptop & Accessory,2,Single,8,0,16.0,1.0,1.0,7.0,150.55,0,0.0,Low Risk
50199,1,0.0,Phone,1,8.0,CC,Male,2.0,5,Mobile,2,Divorced,6,1,13.0,2.0,2.0,2.0,134.64,1,0.93,High Risk
50200,0,3.0,Mobile Phone,1,34.0,Credit Card,Female,3.0,3,Laptop & Accessory,2,Divorced,2,0,13.0,0.0,1.0,9.0,157.75,0,0.0,Low Risk
50201,0,4.0,Computer,1,13.0,Debit Card,Female,2.0,4,Fashion,3,Divorced,2,0,24.0,3.0,8.0,9.0,189.43,0,0.01,Low Risk
50202,0,12.0,Computer,1,5.0,Credit Card,Male,2.0,4,Others,2,Divorced,2,0,15.0,9.0,13.0,3.0,292.72,0,0.02,Low Risk
50203,1,2.0,Mobile Phone,3,9.0,Credit Card,Female,2.0,3,Laptop & Accessory,3,Divorced,5,1,18.0,1.0,1.0,0.0,152.38,1,0.74,High Risk
50204,0,6.0,Computer,3,16.0,E wallet,Male,2.0,4,Laptop & Accessory,2,Single,4,0,14.0,1.0,1.0,1.0,146.82,0,0.02,Low Risk
50205,0,20.0,Mobile Phone,1,11.0,Debit Card,Male,2.0,3,Others,3,Divorced,5,0,11.0,1.0,1.0,1.0,283.0,0,0.0,Low Risk
50206,0,16.0,Computer,1,16.0,Debit Card,Female,2.0,4,Laptop & Accessory,3,Married,2,0,11.0,0.0,1.0,0.0,152.57,0,0.05,Low Risk
50207,0,0.0,Computer,3,6.0,E wallet,Male,3.0,3,Laptop & Accessory,4,Divorced,1,1,13.0,0.0,1.0,4.0,163.49,0,0.09,Low Risk
50208,0,27.0,Computer,1,26.0,Debit Card,Female,2.0,3,Laptop & Accessory,3,Single,4,0,12.0,1.0,1.0,3.0,148.69,0,0.0,Low Risk
50209,0,16.0,Mobile Phone,1,13.0,Debit Card,Female,2.0,3,Fashion,5,Divorced,9,0,16.0,1.0,1.0,0.0,199.85,0,0.01,Low Risk
50210,0,18.0,Phone,1,14.0,UPI,Male,3.0,3,Laptop & Accessory,2,Divorced,10,0,14.0,7.0,9.0,8.0,136.97,0,0.06,Low Risk
50211,0,13.0,Mobile Phone,3,6.0,Credit Card,Male,2.0,5,Laptop & Accessory,2,Divorced,3,1,22.0,1.0,1.0,2.0,174.57,0,0.01,Low Risk
50212,1,9.0,Phone,1,14.0,UPI,Male,3.0,5,Mobile,5,Divorced,2,1,11.0,1.0,1.0,7.0,121.19,1,0.9,High Risk
50213,0,2.0,Phone,1,15.0,UPI,Male,1.0,4,Mobile Phone,2,Single,1,0,17.0,2.0,2.0,2.0,139.83,0,0.07,Low Risk
50214,0,3.0,Mobile Phone,3,11.0,E wallet,Female,1.0,4,Laptop & Accessory,3,Married,2,0,13.0,0.0,1.0,2.0,161.18,0,0.01,Low Risk
50215,0,0.0,Mobile Phone,3,14.0,E wallet,Female,2.0,3,Laptop & Accessory,4,Divorced,2,0,18.0,0.0,1.0,7.0,162.14,0,0.01,Low Risk
50216,0,10.0,Mobile Phone,1,11.0,Credit Card,Male,3.0,3,Laptop & Accessory,2,Married,8,0,16.0,0.0,1.0,4.0,163.47,0,0.0,Low Risk
50217,0,11.0,Mobile Phone,1,21.0,Debit Card,Male,3.0,4,Fashion,2,Married,1,1,14.0,1.0,2.0,3.0,215.10000000000002,0,0.0,Low Risk
50218,0,4.0,Mobile Phone,1,13.0,Credit Card,Female,2.0,3,Fashion,2,Single,2,1,14.0,2.0,4.0,10.0,171.43,0,0.0,Low Risk
50219,0,2.0,Mobile Phone,3,16.0,E wallet,Female,2.0,4,Laptop & Accessory,4,Married,2,1,14.0,0.0,1.0,7.0,182.68,0,0.0,Low Risk
50220,0,8.0,Mobile Phone,1,11.0,COD,Male,3.0,3,Fashion,4,Single,1,0,13.0,0.0,1.0,13.0,180.95,0,0.01,Low Risk
50221,0,0.0,Phone,1,32.0,Debit Card,Male,3.0,3,Mobile,2,Married,2,0,12.0,1.0,1.0,2.0,129.04,0,0.0,Low Risk
50222,0,14.0,Mobile Phone,1,12.0,Credit Card,Male,3.0,4,Laptop & Accessory,4,Single,7,1,15.0,1.0,1.0,2.0,160.32,0,0.01,Low Risk
50223,0,20.0,Computer,3,10.0,CC,Male,3.0,3,Laptop & Accessory,3,Single,4,0,19.0,0.0,1.0,0.0,129.76,0,0.02,Low Risk
50224,0,15.0,Mobile Phone,1,29.0,Debit Card,Female,2.0,3,Grocery,2,Single,3,0,14.0,0.0,2.0,0.0,259.92,0,0.0,Low Risk
50225,0,2.0,Computer,3,8.0,Debit Card,Male,3.0,3,Laptop & Accessory,3,Divorced,2,0,14.0,1.0,1.0,2.0,146.49,0,0.0,Low Risk
50226,0,15.0,Phone,2,8.0,COD,Male,3.0,3,Mobile,3,Married,1,1,11.0,1.0,1.0,0.0,126.96000000000001,0,0.03,Low Risk
50227,0,5.0,Phone,1,14.0,CC,Female,3.0,3,Mobile,4,Divorced,2,0,13.0,0.0,1.0,7.0,123.69999999999999,0,0.0,Low Risk
50228,0,21.0,Mobile Phone,3,35.0,Credit Card,Female,3.0,3,Fashion,3,Divorced,4,0,21.0,0.0,1.0,3.0,225.04000000000002,0,0.01,Low Risk
50229,0,10.0,Mobile Phone,1,12.0,Credit Card,Male,2.0,2,Laptop & Accessory,5,Married,5,1,13.0,2.0,6.0,7.0,159.74,0,0.0,Low Risk
50230,0,3.0,Computer,3,31.0,COD,Female,2.0,3,Laptop & Accessory,3,Divorced,8,1,12.0,1.0,2.0,2.0,147.36,0,0.08,Low Risk
50231,0,0.0,Mobile Phone,3,6.0,Debit Card,Male,2.0,3,Laptop & Accessory,3,Divorced,2,0,17.0,2.0,7.0,7.0,152.96,0,0.04,Low Risk
50232,0,15.0,Mobile Phone,1,8.0,UPI,Male,3.0,4,Laptop & Accessory,2,Single,4,0,23.0,0.0,1.0,0.0,167.81,0,0.01,Low Risk
50233,1,9.0,Computer,3,6.0,Cash on Delivery,Female,2.0,4,Mobile,4,Single,2,1,11.0,1.0,1.0,2.0,121.74000000000001,1,0.86,High Risk
50234,0,9.0,Computer,3,6.0,Credit Card,Female,2.0,3,Laptop & Accessory,2,Single,5,0,15.0,1.0,1.0,0.0,166.53,0,0.0,Low Risk
50235,0,9.0,Computer,3,9.0,Credit Card,Male,2.0,4,Fashion,2,Divorced,5,0,11.0,0.0,1.0,12.0,196.99,0,0.01,Low Risk
50236,0,30.0,Mobile Phone,1,6.0,Credit Card,Male,2.0,3,Laptop & Accessory,3,Divorced,3,0,11.0,1.0,1.0,2.0,167.55,0,0.02,Low Risk
50237,0,9.0,Phone,1,16.0,Debit Card,Female,2.0,2,Mobile,3,Divorced,4,1,13.0,0.0,1.0,7.0,122.13,0,0.09,Low Risk
50238,0,0.0,Computer,3,14.0,CC,Male,2.0,3,Mobile,2,Single,2,0,24.0,0.0,2.0,2.0,126.1,0,0.03,Low Risk
50239,1,0.0,Phone,3,11.0,E wallet,Female,3.0,3,Mobile,3,Single,2,1,13.0,1.0,1.0,0.0,128.51,1,0.91,High Risk
50240,0,10.0,Phone,1,16.0,CC,Female,3.0,3,Mobile,5,Divorced,7,0,20.0,1.0,1.0,3.0,134.52,0,0.01,Low Risk
50241,0,19.0,Computer,1,13.0,Credit Card,Female,1.0,3,Laptop & Accessory,3,Divorced,3,0,14.0,0.0,1.0,0.0,152.58,0,0.0,Low Risk
50242,1,4.0,Computer,3,10.0,E wallet,Male,2.0,3,Laptop & Accessory,4,Single,2,0,18.0,7.0,7.0,7.0,193.55,1,0.9,High Risk
50243,0,23.0,Mobile Phone,1,16.0,Cash on Delivery,Male,3.0,4,Fashion,2,Single,7,0,15.0,0.0,1.0,3.0,204.96,0,0.03,Low Risk
50244,1,3.0,Mobile Phone,3,28.0,E wallet,Male,3.0,4,Laptop & Accessory,3,Divorced,3,1,12.0,1.0,1.0,0.0,163.8,1,0.78,High Risk
50245,0,4.0,Phone,1,14.0,Debit Card,Male,2.0,4,Mobile,4,Single,1,1,16.0,1.0,2.0,2.0,126.57,0,0.05,Low Risk
50246,1,0.0,Phone,3,18.0,Debit Card,Female,3.0,2,Mobile,4,Single,2,0,15.0,0.0,1.0,0.0,127.16,1,0.9,High Risk
50247,0,9.0,Phone,1,29.0,Debit Card,Male,2.0,3,Mobile,2,Single,10,0,16.0,1.0,1.0,2.0,122.00999999999999,0,0.06,Low Risk
50248,0,8.0,Mobile Phone,1,15.0,Debit Card,Male,3.0,4,Laptop & Accessory,4,Single,10,0,19.0,1.0,1.0,0.0,165.4,0,0.01,Low Risk
50249,0,0.0,Phone,1,6.0,Credit Card,Male,2.0,3,Mobile Phone,4,Married,2,0,11.0,0.0,1.0,4.0,138.16,0,0.0,Low Risk
50250,0,1.0,Mobile Phone,3,15.0,Debit Card,Male,3.0,3,Laptop & Accessory,2,Single,2,0,16.0,1.0,1.0,7.0,152.53,0,0.0,Low Risk
50251,0,22.0,Phone,1,13.0,UPI,Male,2.0,4,Fashion,3,Single,9,0,24.0,1.0,1.0,0.0,145.0,0,0.2,Low Risk
50252,0,24.0,Phone,3,20.0,Debit Card,Female,2.0,3,Laptop & Accessory,2,Divorced,5,0,11.0,0.0,1.0,7.0,149.36,0,0.02,Low Risk
50253,0,9.0,Phone,1,14.0,Debit Card,Female,3.0,3,Mobile,3,Divorced,5,0,13.0,1.0,2.0,2.0,125.43,0,0.02,Low Risk
50254,1,0.0,Computer,3,25.0,E wallet,Male,3.0,2,Laptop & Accessory,2,Single,9,1,13.0,1.0,1.0,4.0,153.04,1,0.98,High Risk
50255,0,28.0,Mobile Phone,1,8.0,Debit Card,Female,3.0,3,Grocery,2,Single,3,1,13.0,1.0,1.0,2.0,266.59,0,0.0,Low Risk
50256,0,0.0,Phone,3,16.0,E wallet,Female,3.0,3,Laptop & Accessory,3,Married,2,1,12.0,0.0,1.0,3.0,142.6,0,0.21,Low Risk
50257,0,3.0,Phone,3,14.0,COD,Male,3.0,3,Mobile,4,Divorced,2,0,18.0,1.0,1.0,0.0,124.75999999999999,0,0.01,Low Risk
50258,1,0.0,Computer,1,9.0,COD,Male,3.0,3,Mobile,5,Single,1,0,22.0,0.0,1.0,4.0,131.02,1,0.74,High Risk
50259,0,9.0,Phone,1,17.0,CC,Female,2.0,3,Mobile,4,Divorced,2,0,13.0,1.0,1.0,2.0,122.44,0,0.04,Low Risk
50260,0,9.0,Mobile Phone,3,8.0,Credit Card,Male,3.0,4,Fashion,3,Divorced,2,0,13.0,9.0,9.0,0.0,175.96,0,0.04,Low Risk
50261,1,9.0,Computer,1,10.0,COD,Male,2.0,3,Mobile,2,Single,19,1,23.0,1.0,1.0,0.0,122.85,1,0.87,High Risk
50262,0,10.0,Phone,1,20.0,Debit Card,Female,3.0,3,Mobile,5,Married,2,0,12.0,3.0,12.0,17.0,130.34,0,0.04,Low Risk
50263,0,13.0,Mobile Phone,3,8.0,E wallet,Female,2.0,3,Laptop & Accessory,4,Married,8,0,12.0,0.0,1.0,3.0,157.15,0,0.0,Low Risk
50264,0,15.0,Phone,1,14.0,Debit Card,Female,3.0,3,Mobile,5,Married,4,0,16.0,1.0,1.0,2.0,125.75999999999999,0,0.02,Low Risk
50265,0,10.0,Phone,1,16.0,Debit Card,Male,2.0,3,Laptop & Accessory,4,Single,3,1,12.0,0.0,1.0,1.0,141.97,0,0.05,Low Risk
50266,0,16.0,Mobile Phone,1,18.0,Debit Card,Male,2.0,4,Grocery,4,Married,2,0,11.0,0.0,2.0,9.0,243.36,0,0.01,Low Risk
50267,0,13.0,Phone,1,8.0,CC,Female,3.0,4,Laptop & Accessory,3,Divorced,7,0,22.0,1.0,1.0,0.0,134.48,0,0.03,Low Risk
50268,0,27.0,Mobile Phone,1,11.0,Credit Card,Male,2.0,3,Others,5,Divorced,5,0,15.0,1.0,1.0,2.0,294.06,0,0.0,Low Risk
50269,0,7.0,Computer,3,10.0,E wallet,Female,3.0,3,Laptop & Accessory,3,Divorced,10,0,15.0,1.0,1.0,2.0,165.38,0,0.01,Low Risk
50270,0,4.0,Phone,1,13.0,Credit Card,Female,2.0,3,Laptop & Accessory,5,Divorced,2,0,12.0,3.0,3.0,12.0,143.06,0,0.0,Low Risk
50271,0,9.0,Computer,1,27.0,CC,Male,3.0,3,Mobile,2,Divorced,8,0,20.0,0.0,1.0,2.0,122.58000000000001,0,0.03,Low Risk
50272,0,16.0,Phone,1,14.0,UPI,Female,3.0,3,Laptop & Accessory,3,Married,5,1,14.0,0.0,1.0,2.0,145.22,0,0.01,Low Risk
50273,0,0.0,Phone,3,10.0,Debit Card,Female,2.0,4,Laptop & Accessory,2,Single,2,1,11.0,0.0,1.0,3.0,144.87,0,0.16,Low Risk
50274,0,10.0,Computer,1,31.0,Credit Card,Female,3.0,3,Laptop & Accessory,3,Divorced,4,1,15.0,3.0,10.0,7.0,144.49,0,0.02,Low Risk
50275,0,9.0,Phone,1,6.0,Debit Card,Male,3.0,4,Mobile,5,Divorced,2,0,12.0,0.0,3.0,2.0,122.18,0,0.05,Low Risk
50276,0,12.0,Computer,1,6.0,Debit Card,Male,2.0,3,Others,3,Married,2,1,14.0,0.0,1.0,6.0,291.97,0,0.0,Low Risk
50277,0,29.0,Computer,3,12.0,Debit Card,Female,2.0,2,Grocery,5,Divorced,10,0,11.0,2.0,2.0,7.0,232.12,0,0.02,Low Risk
50278,0,3.0,Mobile Phone,3,18.0,COD,Female,2.0,3,Laptop & Accessory,3,Single,1,0,11.0,3.0,4.0,4.0,165.77,0,0.02,Low Risk
50279,0,14.0,Mobile Phone,3,6.0,E wallet,Male,2.0,2,Fashion,5,Divorced,2,0,16.0,1.0,1.0,7.0,183.92,0,0.01,Low Risk
50280,0,1.0,Phone,1,23.0,Credit Card,Male,3.0,3,Laptop & Accessory,5,Married,2,0,12.0,0.0,1.0,8.0,145.58,0,0.02,Low Risk
50281,1,0.0,Phone,1,9.0,Credit Card,Male,3.0,3,Mobile Phone,5,Divorced,6,0,13.0,1.0,1.0,2.0,140.31,1,0.89,High Risk
50282,0,25.0,Mobile Phone,1,9.0,Credit Card,Male,2.0,4,Fashion,3,Divorced,3,1,14.0,0.0,1.0,4.0,179.69,0,0.0,Low Risk
50283,0,18.0,Phone,1,14.0,Debit Card,Male,3.0,3,Mobile,2,Divorced,4,0,21.0,1.0,1.0,2.0,126.53999999999999,0,0.0,Low Risk
50284,0,25.0,Mobile Phone,1,10.0,Debit Card,Female,1.0,3,Grocery,2,Divorced,3,0,13.0,1.0,1.0,4.0,265.55,0,0.0,Low Risk
50285,0,15.0,Computer,1,35.0,Debit Card,Female,3.0,3,Laptop & Accessory,3,Married,3,0,11.0,1.0,1.0,2.0,145.56,0,0.02,Low Risk
50286,0,3.0,Mobile Phone,1,8.0,Debit Card,Female,2.0,5,Laptop & Accessory,2,Single,3,0,20.0,0.0,1.0,2.0,160.91,0,0.02,Low Risk
50287,0,30.0,Mobile Phone,1,13.0,Debit Card,Female,2.0,3,Others,5,Divorced,6,0,15.0,0.0,11.0,10.0,295.66,0,0.0,Low Risk
50288,0,19.0,Phone,1,24.0,Credit Card,Female,2.0,3,Laptop & Accessory,3,Married,3,0,14.0,0.0,1.0,8.0,148.1,0,0.0,Low Risk
50289,0,15.0,Computer,1,34.0,COD,Female,2.0,4,Laptop & Accessory,2,Divorced,1,0,11.0,0.0,1.0,4.0,145.23,0,0.02,Low Risk
50290,1,0.0,Phone,3,6.0,COD,Female,3.0,3,Mobile,4,Single,2,1,16.0,1.0,1.0,4.0,132.02,1,0.94,High Risk
50291,1,0.0,Computer,3,14.0,E wallet,Female,2.0,5,Mobile,3,Married,1,0,16.0,1.0,1.0,0.0,123.50999999999999,1,0.93,High Risk
50292,0,9.0,Computer,1,8.0,Debit Card,Male,2.0,3,Mobile Phone,2,Divorced,2,1,23.0,1.0,1.0,0.0,117.02000000000001,0,0.27,Low Risk
50293,0,13.0,Mobile Phone,3,8.0,Debit Card,Female,3.0,3,Others,3,Divorced,1,0,14.0,1.0,1.0,12.0,280.41,0,0.0,Low Risk
50294,0,0.0,Phone,1,29.0,Debit Card,Female,3.0,3,Mobile,2,Married,2,0,22.0,1.0,1.0,2.0,128.86,0,0.02,Low Risk
50295,0,9.0,Computer,1,9.0,Debit Card,Male,2.0,3,Mobile,2,Divorced,5,0,15.0,0.0,1.0,4.0,120.97,0,0.02,Low Risk
50296,0,2.0,Mobile Phone,1,9.0,Credit Card,Male,3.0,4,Fashion,3,Divorced,2,0,18.0,1.0,1.0,3.0,219.35000000000002,0,0.03,Low Risk
50297,1,0.0,Phone,1,14.0,COD,Female,3.0,4,Mobile,4,Divorced,6,0,16.0,0.0,1.0,1.0,125.46000000000001,1,0.72,High Risk
50298,1,0.0,Phone,2,14.0,COD,Male,2.0,4,Mobile,2,Single,2,0,12.0,1.0,1.0,0.0,125.63999999999999,0,0.34,Low Risk
50299,0,3.0,Computer,3,28.0,UPI,Female,3.0,3,Fashion,5,Divorced,1,0,11.0,2.0,7.0,8.0,184.12,0,0.01,Low Risk
50300,0,30.0,Mobile Phone,3,35.0,E wallet,Male,2.0,4,Grocery,2,Married,4,0,12.0,0.0,2.0,0.0,241.18,0,0.02,Low Risk
50301,0,23.0,Mobile Phone,1,35.0,Debit Card,Male,2.0,4,Grocery,3,Divorced,1,0,15.0,1.0,15.0,7.0,270.46,0,0.03,Low Risk
50302,0,3.0,Computer,1,14.0,CC,Female,2.0,3,Mobile,2,Single,1,0,14.0,5.0,6.0,7.0,125.63999999999999,0,0.01,Low Risk
50303,0,30.0,Computer,3,34.0,E wallet,Female,3.0,4,Fashion,5,Divorced,5,0,19.0,13.0,13.0,11.0,202.66,0,0.06,Low Risk
50304,0,20.0,Mobile Phone,1,8.0,Credit Card,Female,3.0,3,Laptop & Accessory,2,Married,6,0,13.0,0.0,1.0,4.0,150.7,0,0.0,Low Risk
50305,0,19.0,Mobile Phone,1,8.0,Debit Card,Male,2.0,3,Grocery,3,Divorced,7,0,13.0,1.0,1.0,1.0,278.61,0,0.01,Low Risk
50306,0,8.0,Phone,1,28.0,Debit Card,Male,2.0,5,Mobile Phone,3,Single,1,0,15.0,2.0,4.0,3.0,142.3,0,0.05,Low Risk
50307,0,27.0,Phone,1,14.0,Debit Card,Female,2.0,3,Laptop & Accessory,3,Single,8,0,11.0,1.0,1.0,0.0,137.8,0,0.0,Low Risk
50308,0,7.0,Phone,1,8.0,Debit Card,Male,3.0,4,Mobile,3,Married,4,0,12.0,5.0,5.0,7.0,127.68,0,0.02,Low Risk
50309,0,19.0,Mobile Phone,3,16.0,E wallet,Female,3.0,4,Fashion,2,Divorced,3,1,19.0,1.0,1.0,2.0,190.71,0,0.03,Low Risk
50310,0,4.0,Mobile Phone,1,15.0,Debit Card,Male,2.0,3,Fashion,4,Married,2,0,25.0,1.0,1.0,8.0,206.48000000000002,0,0.0,Low Risk
50311,1,0.0,Mobile Phone,1,21.0,Credit Card,Male,2.0,3,Fashion,3,Divorced,8,1,12.0,0.0,2.0,7.0,236.10000000000002,1,0.95,High Risk
50312,1,0.0,Phone,1,16.0,CC,Male,2.0,5,Mobile,2,Married,8,0,13.0,0.0,1.0,3.0,134.08,1,0.9,High Risk
50313,0,3.0,Phone,3,13.0,E wallet,Male,3.0,3,Mobile,4,Single,1,0,14.0,1.0,1.0,2.0,129.83,0,0.01,Low Risk
50314,0,8.0,Mobile Phone,1,22.0,Debit Card,Male,3.0,3,Fashion,3,Divorced,5,1,12.0,0.0,1.0,0.0,176.32,0,0.02,Low Risk
50315,1,0.0,Computer,1,26.0,Debit Card,Male,3.0,3,Fashion,3,Divorced,4,0,12.0,1.0,1.0,0.0,198.24,1,0.94,High Risk
50316,1,0.0,Computer,2,29.0,UPI,Female,2.0,3,Fashion,5,Married,10,1,15.0,1.0,1.0,2.0,199.5,1,0.96,High Risk
50317,0,9.0,Computer,1,11.0,UPI,Male,3.0,3,Mobile,3,Divorced,5,0,17.0,2.0,2.0,0.0,120.93,0,0.04,Low Risk
50318,0,9.0,Computer,3,16.0,Credit Card,Male,2.0,3,Fashion,2,Single,2,0,14.0,1.0,9.0,7.0,199.8,0,0.15,Low Risk
50319,1,0.0,Computer,1,10.0,COD,Male,2.0,4,Mobile Phone,3,Single,6,0,16.0,1.0,1.0,2.0,138.94,1,0.95,High Risk
50320,0,21.0,Phone,3,8.0,E wallet,Female,2.0,3,Laptop & Accessory,2,Divorced,3,0,14.0,4.0,6.0,7.0,140.51,0,0.03,Low Risk
50321,0,28.0,Mobile Phone,3,24.0,Debit Card,Female,2.0,3,Grocery,4,Single,4,0,23.0,1.0,7.0,7.0,268.35,0,0.01,Low Risk
50322,0,14.0,Computer,3,16.0,Debit Card,Male,2.0,3,Laptop & Accessory,2,Single,8,0,14.0,0.0,1.0,10.0,162.3,0,0.01,Low Risk
50323,0,8.0,Phone,3,6.0,E wallet,Male,2.0,3,Laptop & Accessory,3,Divorced,10,0,11.0,3.0,6.0,9.0,147.17,0,0.01,Low Risk
50324,0,13.0,Mobile Phone,1,12.0,Debit Card,Female,3.0,3,Grocery,3,Single,8,0,15.0,4.0,2.0,13.0,232.37,0,0.0,Low Risk
50325,0,12.0,Computer,1,14.0,Debit Card,Female,2.0,3,Mobile Phone,3,Divorced,2,0,11.0,0.0,1.0,7.0,137.55,0,0.0,Low Risk
50326,0,4.0,Mobile Phone,3,8.0,Debit Card,Male,3.0,3,Laptop & Accessory,2,Single,5,1,13.0,1.0,1.0,5.0,165.82,0,0.11,Low Risk
50327,0,15.0,Mobile Phone,1,30.0,Credit Card,Male,2.0,3,Fashion,5,Divorced,2,1,21.0,4.0,5.0,8.0,174.06,0,0.01,Low Risk
50328,0,18.0,Phone,3,8.0,UPI,Male,3.0,3,Laptop & Accessory,4,Divorced,1,0,19.0,3.0,3.0,7.0,148.05,0,0.0,Low Risk
50329,1,0.0,Computer,2,23.0,Debit Card,Female,3.0,3,Mobile,3,Married,1,1,11.0,0.0,1.0,0.0,127.41,1,0.9,High Risk
50330,0,2.0,Phone,1,25.0,COD,Male,2.0,3,Laptop & Accessory,2,Married,5,0,12.0,0.0,1.0,2.0,142.62,0,0.0,Low Risk
50331,0,6.0,Mobile Phone,1,6.0,Credit Card,Female,3.0,2,Grocery,3,Married,5,0,19.0,1.0,1.0,5.0,261.84,0,0.0,Low Risk
50332,0,0.0,Mobile Phone,3,13.0,Debit Card,Male,2.0,4,Fashion,2,Married,10,0,21.0,1.0,1.0,3.0,215.57,0,0.41,Medium Risk
50333,1,9.0,Computer,3,11.0,E wallet,Male,3.0,3,Mobile Phone,4,Single,2,1,14.0,1.0,1.0,0.0,118.78,1,0.96,High Risk
50334,0,13.0,Computer,3,34.0,UPI,Male,2.0,5,Fashion,5,Married,4,0,15.0,1.0,1.0,3.0,209.32,0,0.02,Low Risk
50335,0,14.0,Computer,1,8.0,UPI,Female,3.0,4,Laptop & Accessory,3,Single,3,1,17.0,0.0,1.0,7.0,168.11,0,0.06,Low Risk
50336,0,0.0,Phone,3,35.0,Credit Card,Male,2.0,3,Laptop & Accessory,3,Married,6,0,12.0,1.0,1.0,0.0,143.06,0,0.01,Low Risk
50337,0,8.0,Phone,3,6.0,Credit Card,Female,3.0,3,Laptop & Accessory,3,Single,2,0,16.0,0.0,1.0,3.0,148.59,0,0.03,Low Risk
50338,0,7.0,Mobile Phone,3,27.0,Debit Card,Male,3.0,2,Laptop & Accessory,2,Single,2,0,12.0,5.0,5.0,7.0,153.37,0,0.0,Low Risk
50339,1,0.0,Phone,1,14.0,COD,Male,3.0,5,Mobile,2,Single,2,1,18.0,1.0,1.0,0.0,123.4,1,0.94,High Risk
50340,0,10.0,Mobile Phone,1,6.0,COD,Female,2.0,3,Fashion,2,Single,5,0,17.0,1.0,1.0,2.0,174.91,0,0.0,Low Risk
50341,0,19.0,Computer,1,24.0,Credit Card,Female,2.0,3,Fashion,3,Divorced,6,0,11.0,1.0,1.0,2.0,205.27,0,0.02,Low Risk
50342,0,14.0,Mobile Phone,3,8.0,Debit Card,Female,3.0,3,Grocery,5,Divorced,8,0,16.0,1.0,11.0,8.0,265.95,0,0.0,Low Risk
50343,0,10.0,Computer,3,15.0,Credit Card,Male,3.0,3,Fashion,4,Married,2,0,13.0,6.0,7.0,7.0,188.34,0,0.01,Low Risk
50344,0,25.0,Mobile Phone,1,12.0,COD,Male,3.0,3,Laptop & Accessory,5,Married,4,1,12.0,2.0,6.0,9.0,155.77,0,0.0,Low Risk
50345,1,0.0,Computer,3,17.0,UPI,Male,2.0,2,Laptop & Accessory,3,Divorced,9,0,12.0,1.0,1.0,2.0,147.07,1,0.9,High Risk
50346,0,0.0,Computer,3,14.0,CC,Male,2.0,3,Mobile,2,Divorced,1,0,13.0,0.0,2.0,1.0,124.0,0,0.06,Low Risk
50347,0,11.0,Mobile Phone,1,16.0,Credit Card,Female,3.0,3,Laptop & Accessory,3,Divorced,4,0,19.0,1.0,1.0,0.0,198.24,0,0.0,Low Risk
50348,0,10.0,Mobile Phone,1,6.0,Debit Card,Female,3.0,3,Laptop & Accessory,4,Divorced,7,0,12.0,3.0,4.0,3.0,164.47,0,0.0,Low Risk
50349,0,22.0,Mobile Phone,1,24.0,Debit Card,Male,2.0,4,Others,3,Married,2,1,15.0,0.0,1.0,9.0,295.02,0,0.01,Low Risk
50350,0,0.0,Phone,1,29.0,CC,Male,3.0,2,Mobile,2,Divorced,2,1,11.0,0.0,1.0,4.0,127.25,0,0.09,Low Risk
50351,0,0.0,Mobile Phone,3,34.0,E wallet,Male,3.0,3,Laptop & Accessory,4,Divorced,2,0,20.0,1.0,1.0,4.0,162.72,0,0.05,Low Risk
50352,0,9.0,Phone,1,23.0,UPI,Male,3.0,4,Mobile,4,Divorced,2,0,21.0,1.0,1.0,0.0,121.27000000000001,0,0.06,Low Risk
50353,0,23.0,Computer,2,9.0,Credit Card,Male,2.0,3,Others,4,Divorced,2,0,11.0,1.0,10.0,7.0,282.0,0,0.0,Low Risk
50354,0,9.0,Phone,3,19.0,CC,Male,2.0,3,Mobile,3,Divorced,2,0,11.0,1.0,1.0,6.0,120.96000000000001,0,0.03,Low Risk
50355,1,0.0,Computer,1,13.0,Debit Card,Female,3.0,3,Mobile,3,Divorced,2,1,16.0,0.0,1.0,2.0,128.86,1,0.81,High Risk
50356,1,9.0,Computer,3,18.0,Debit Card,Male,3.0,4,Mobile,5,Divorced,2,0,18.0,1.0,1.0,0.0,120.33000000000001,1,0.91,High Risk
50357,0,7.0,Phone,1,6.0,Debit Card,Male,2.0,4,Mobile Phone,2,Divorced,2,1,13.0,0.0,1.0,3.0,136.22,0,0.12,Low Risk
50358,1,0.0,Phone,3,19.0,Credit Card,Male,2.0,3,Laptop & Accessory,5,Married,3,0,17.0,0.0,1.0,2.0,142.33,1,0.97,High Risk
50359,0,8.0,Phone,1,31.0,UPI,Male,2.0,4,Laptop & Accessory,2,Single,5,0,14.0,0.0,1.0,2.0,136.81,0,0.01,Low Risk
50360,0,4.0,Mobile Phone,3,12.0,Credit Card,Male,3.0,2,Laptop & Accessory,2,Married,5,0,22.0,3.0,5.0,7.0,154.6,0,0.0,Low Risk
50361,0,9.0,Phone,1,12.0,CC,Female,3.0,4,Mobile,3,Married,1,0,12.0,1.0,1.0,3.0,121.87,0,0.04,Low Risk
50362,0,10.0,Mobile Phone,3,8.0,E wallet,Male,3.0,3,Laptop & Accessory,3,Divorced,5,1,11.0,0.0,1.0,0.0,196.02,0,0.05,Low Risk
50363,0,0.0,Phone,1,6.0,Debit Card,Female,3.0,4,Mobile,4,Single,2,0,13.0,1.0,1.0,0.0,128.36,0,0.06,Low Risk
50364,0,15.0,Phone,1,8.0,Debit Card,Female,2.0,3,Laptop & Accessory,2,Divorced,2,0,13.0,2.0,2.0,2.0,140.89,0,0.0,Low Risk
50365,0,16.0,Mobile Phone,1,12.0,UPI,Male,2.0,4,Grocery,2,Married,5,1,14.0,1.0,1.0,0.0,266.27,0,0.0,Low Risk
50366,0,11.0,Phone,1,14.0,Debit Card,Female,2.0,3,Mobile,5,Single,4,0,17.0,1.0,1.0,0.0,126.19,0,0.01,Low Risk
50367,0,16.0,Computer,1,15.0,Credit Card,Male,3.0,3,Laptop & Accessory,3,Married,4,1,13.0,2.0,4.0,7.0,156.79,0,0.01,Low Risk
50368,0,21.0,Mobile Phone,1,6.0,Debit Card,Female,2.0,4,Grocery,5,Divorced,8,0,11.0,0.0,2.0,2.0,254.01999999999998,0,0.02,Low Risk
50369,0,17.0,Mobile Phone,2,6.0,Debit Card,Female,2.0,4,Laptop & Accessory,3,Single,5,0,11.0,1.0,1.0,2.0,159.85,0,0.0,Low Risk
50370,0,7.0,Phone,3,14.0,COD,Female,2.0,3,Mobile,3,Married,2,1,18.0,1.0,1.0,6.0,125.78999999999999,0,0.02,Low Risk
50371,1,0.0,Phone,3,8.0,E wallet,Male,3.0,3,Mobile,5,Married,1,0,11.0,0.0,1.0,2.0,130.41,1,0.86,High Risk
50372,0,0.0,Phone,3,28.0,COD,Male,2.0,3,Mobile,3,Single,2,0,11.0,1.0,1.0,2.0,134.47,0,0.09,Low Risk
50373,0,17.0,Mobile Phone,1,9.0,UPI,Male,2.0,3,Others,2,Divorced,5,1,15.0,1.0,1.0,1.0,295.13,0,0.03,Low Risk
50374,0,0.0,Phone,1,12.0,CC,Male,3.0,3,Mobile,3,Divorced,1,0,20.0,2.0,2.0,2.0,127.72999999999999,0,0.06,Low Risk
50375,0,6.0,Mobile Phone,3,14.0,E wallet,Male,2.0,3,Laptop & Accessory,3,Married,1,0,12.0,1.0,1.0,2.0,171.04,0,0.0,Low Risk
50376,0,5.0,Mobile Phone,1,15.0,Debit Card,Female,3.0,3,Laptop & Accessory,2,Divorced,2,1,12.0,1.0,1.0,5.0,163.22,0,0.01,Low Risk
50377,0,9.0,Computer,1,9.0,CC,Female,3.0,3,Mobile,3,Married,2,0,20.0,1.0,1.0,0.0,120.83000000000001,0,0.01,Low Risk
50378,0,26.0,Mobile Phone,3,6.0,Credit Card,Female,2.0,3,Laptop & Accessory,5,Single,8,0,20.0,6.0,8.0,10.0,183.81,0,0.01,Low Risk
50379,0,7.0,Phone,1,6.0,Debit Card,Male,3.0,3,Mobile,2,Divorced,2,0,12.0,6.0,8.0,8.0,126.91,0,0.02,Low Risk
50380,1,8.0,Computer,3,32.0,Debit Card,Female,3.0,3,Laptop & Accessory,5,Divorced,3,0,14.0,0.0,1.0,0.0,142.86,1,0.85,High Risk
50381,0,0.0,Phone,1,12.0,Debit Card,Female,3.0,3,Mobile,2,Divorced,2,1,13.0,0.0,1.0,2.0,126.59,0,0.38,Low Risk
50382,0,10.0,Mobile Phone,1,9.0,UPI,Male,2.0,3,Fashion,3,Divorced,2,0,15.0,6.0,7.0,8.0,194.34,0,0.0,Low Risk
50383,0,2.0,Mobile Phone,3,9.0,Credit Card,Female,3.0,3,Laptop & Accessory,3,Divorced,2,0,14.0,0.0,1.0,2.0,155.61,0,0.0,Low Risk
50384,0,8.0,Mobile Phone,1,12.0,Debit Card,Male,2.0,5,Laptop & Accessory,2,Single,2,0,13.0,11.0,11.0,8.0,166.46,0,0.04,Low Risk
50385,0,6.0,Computer,1,12.0,Debit Card,Male,1.0,3,Laptop & Accessory,2,Married,4,0,23.0,4.0,4.0,7.0,177.25,0,0.0,Low Risk
50386,0,27.0,Mobile Phone,2,25.0,Credit Card,Male,2.0,3,Fashion,4,Divorced,3,0,15.0,3.0,7.0,1.0,207.25,0,0.0,Low Risk
50387,0,9.0,Mobile Phone,1,15.0,Credit Card,Male,2.0,4,Laptop & Accessory,4,Married,3,1,11.0,1.0,1.0,2.0,188.47,0,0.0,Low Risk
50388,0,9.0,Phone,1,9.0,CC,Male,2.0,4,Mobile,2,Single,1,0,13.0,0.0,1.0,1.0,120.44999999999999,0,0.1,Low Risk
50389,1,0.0,Mobile Phone,1,16.0,Credit Card,Male,2.0,3,Mobile Phone,3,Single,2,1,11.0,0.0,1.0,1.0,110.09,1,0.95,High Risk
50390,1,0.0,Computer,1,9.0,Debit Card,Male,3.0,3,Mobile,5,Single,2,1,11.0,9.0,9.0,7.0,133.48,1,0.95,High Risk
50391,0,9.0,Computer,1,9.0,Debit Card,Male,2.0,4,Mobile Phone,3,Divorced,2,0,18.0,1.0,1.0,0.0,112.81,0,0.05,Low Risk
50392,0,0.0,Phone,1,10.0,CC,Male,3.0,2,Mobile,5,Divorced,3,0,16.0,0.0,1.0,2.0,128.19,0,0.05,Low Risk
50393,0,0.0,Phone,3,14.0,Debit Card,Male,2.0,2,Laptop & Accessory,4,Divorced,1,0,22.0,0.0,1.0,2.0,148.51,0,0.01,Low Risk
50394,0,11.0,Phone,3,13.0,E wallet,Female,2.0,4,Laptop & Accessory,2,Single,1,0,20.0,1.0,1.0,5.0,140.28,0,0.02,Low Risk
50395,0,2.0,Computer,1,6.0,Debit Card,Male,3.0,5,Mobile,2,Married,2,0,18.0,2.0,2.0,8.0,127.19999999999999,0,0.0,Low Risk
50396,0,21.0,Mobile Phone,3,8.0,E wallet,Male,2.0,2,Laptop & Accessory,4,Divorced,4,0,12.0,2.0,2.0,2.0,181.2,0,0.01,Low Risk
50397,0,0.0,Computer,3,9.0,Credit Card,Female,3.0,2,Laptop & Accessory,2,Married,2,1,20.0,1.0,1.0,4.0,146.47,0,0.01,Low Risk
50398,0,10.0,Phone,1,16.0,Debit Card,Male,3.0,2,Mobile Phone,2,Single,4,0,17.0,1.0,1.0,0.0,146.8,0,0.02,Low Risk
50399,0,23.0,Phone,1,34.0,CC,Male,3.0,2,Mobile,3,Divorced,2,1,11.0,3.0,3.0,8.0,132.21,0,0.04,Low Risk
50400,0,7.0,Mobile Phone,1,15.0,Credit Card,Female,2.0,4,Fashion,4,Single,2,0,14.0,4.0,7.0,7.0,186.21,0,0.01,Low Risk
50401,1,0.0,Phone,3,9.0,Debit Card,Female,3.0,3,Laptop & Accessory,3,Single,10,0,14.0,1.0,2.0,0.0,145.77,1,0.96,High Risk
50402,0,12.0,Phone,1,8.0,COD,Female,3.0,4,Laptop & Accessory,3,Single,2,0,11.0,2.0,11.0,10.0,145.53,0,0.02,Low Risk
50403,0,5.0,Mobile Phone,3,16.0,E wallet,Male,2.0,3,Laptop & Accessory,2,Single,2,0,12.0,0.0,1.0,8.0,153.96,0,0.0,Low Risk
50404,1,13.0,Computer,3,14.0,COD,Male,2.0,3,Laptop & Accessory,3,Divorced,4,1,14.0,1.0,1.0,3.0,167.96,1,0.87,High Risk
50405,0,11.0,Mobile Phone,1,6.0,Debit Card,Female,2.0,2,Laptop & Accessory,2,Single,1,0,13.0,1.0,1.0,8.0,176.25,0,0.0,Low Risk
50406,0,0.0,Mobile Phone,1,6.0,Debit Card,Female,3.0,3,Fashion,5,Divorced,2,0,11.0,1.0,1.0,7.0,174.12,0,0.04,Low Risk
50407,0,5.0,Mobile Phone,1,9.0,Debit Card,Female,2.0,3,Fashion,2,Single,4,0,15.0,3.0,7.0,3.0,211.58999999999997,0,0.01,Low Risk
50408,0,20.0,Mobile Phone,3,20.0,E wallet,Male,2.0,3,Laptop & Accessory,5,Single,3,0,12.0,0.0,1.0,7.0,149.6,0,0.01,Low Risk
50409,0,13.0,Computer,3,11.0,Debit Card,Male,2.0,4,Fashion,5,Divorced,6,1,21.0,0.0,1.0,12.0,204.75,0,0.03,Low Risk
50410,0,26.0,Mobile Phone,1,13.0,Debit Card,Male,2.0,2,Grocery,3,Divorced,4,0,19.0,0.0,2.0,3.0,248.14,0,0.0,Low Risk
50411,0,14.0,Mobile Phone,2,16.0,UPI,Male,3.0,4,Others,2,Married,4,0,15.0,1.0,12.0,6.0,291.41,0,0.0,Low Risk
50412,0,30.0,Mobile Phone,3,22.0,E wallet,Male,2.0,3,Laptop & Accessory,5,Single,9,0,14.0,1.0,2.0,2.0,154.05,0,0.02,Low Risk
50413,0,0.0,Computer,1,16.0,Debit Card,Male,2.0,3,Fashion,5,Married,2,0,21.0,1.0,1.0,7.0,187.93,0,0.02,Low Risk
50414,0,14.0,Mobile Phone,2,6.0,UPI,Male,2.0,4,Others,3,Divorced,2,0,12.0,1.0,2.0,10.0,291.89,0,0.0,Low Risk
50415,0,23.0,Phone,3,14.0,E wallet,Male,2.0,3,Mobile Phone,4,Divorced,8,0,15.0,1.0,2.0,2.0,138.75,0,0.0,Low Risk
50416,1,9.0,Phone,1,6.0,Debit Card,Female,3.0,5,Mobile,4,Single,8,1,13.0,1.0,3.0,7.0,122.16,1,0.82,High Risk
50417,0,9.0,Computer,1,14.0,Debit Card,Female,3.0,2,Fashion,5,Divorced,10,0,14.0,0.0,1.0,3.0,217.13,0,0.02,Low Risk
50418,0,11.0,Mobile Phone,1,6.0,Debit Card,Female,2.0,3,Fashion,3,Single,5,1,14.0,0.0,1.0,0.0,178.61,0,0.06,Low Risk
50419,0,17.0,Computer,1,30.0,Credit Card,Male,2.0,5,Mobile Phone,3,Single,3,0,14.0,0.0,1.0,4.0,137.08,0,0.02,Low Risk
50420,0,20.0,Computer,3,9.0,Credit Card,Female,2.0,3,Grocery,3,Married,10,1,12.0,7.0,2.0,13.0,237.7,0,0.14,Low Risk
50421,0,3.0,Mobile Phone,3,33.0,E wallet,Male,2.0,3,Laptop & Accessory,2,Married,8,0,23.0,4.0,7.0,7.0,153.04,0,0.04,Low Risk
50422,0,2.0,Phone,3,14.0,Debit Card,Male,2.0,3,Mobile,3,Single,2,0,11.0,0.0,1.0,0.0,126.41999999999999,0,0.21,Low Risk
50423,1,5.0,Computer,1,25.0,CC,Male,3.0,2,Mobile,3,Married,7,1,12.0,2.0,2.0,2.0,127.59,1,0.83,High Risk
50424,0,16.0,Computer,3,21.0,Debit Card,Male,2.0,4,Laptop & Accessory,2,Divorced,4,0,18.0,0.0,2.0,2.0,168.04,0,0.0,Low Risk
50425,0,7.0,Mobile Phone,1,14.0,Credit Card,Female,3.0,3,Laptop & Accessory,3,Single,4,0,11.0,1.0,4.0,3.0,161.42,0,0.0,Low Risk
50426,0,0.0,Phone,1,14.0,CC,Male,2.0,3,Mobile,5,Divorced,2,0,14.0,0.0,1.0,2.0,125.0,0,0.2,Low Risk
50427,0,12.0,Mobile Phone,2,9.0,UPI,Female,2.0,2,Laptop & Accessory,4,Divorced,10,0,15.0,3.0,3.0,6.0,163.89,0,0.0,Low Risk
50428,0,29.0,Mobile Phone,1,15.0,Credit Card,Male,2.0,3,Grocery,2,Divorced,8,0,11.0,0.0,1.0,3.0,211.02999999999997,0,0.03,Low Risk
50429,0,13.0,Phone,1,14.0,CC,Female,2.0,4,Mobile,2,Single,1,1,20.0,2.0,2.0,3.0,123.41999999999999,0,0.02,Low Risk
50430,0,0.0,Mobile Phone,1,13.0,Credit Card,Female,2.0,4,Laptop & Accessory,5,Single,9,0,19.0,1.0,1.0,7.0,168.11,0,0.07,Low Risk
50431,0,9.0,Phone,3,16.0,E wallet,Male,2.0,3,Mobile,4,Married,2,0,14.0,0.0,2.0,2.0,122.97,0,0.0,Low Risk
50432,0,26.0,Phone,1,14.0,Debit Card,Male,2.0,3,Laptop & Accessory,2,Single,3,0,17.0,1.0,2.0,2.0,124.5,0,0.0,Low Risk
50433,0,8.0,Computer,1,8.0,Debit Card,Female,3.0,3,Laptop & Accessory,5,Married,3,0,11.0,0.0,1.0,0.0,150.93,0,0.03,Low Risk
50434,0,5.0,Computer,1,30.0,Debit Card,Male,3.0,3,Laptop & Accessory,2,Divorced,2,0,15.0,2.0,4.0,7.0,153.09,0,0.0,Low Risk
50435,0,11.0,Phone,1,8.0,CC,Male,3.0,3,Mobile,3,Divorced,7,1,13.0,0.0,1.0,1.0,130.57,0,0.03,Low Risk
50436,0,7.0,Mobile Phone,1,14.0,Debit Card,Female,2.0,3,Laptop & Accessory,5,Married,4,0,14.0,1.0,1.0,0.0,151.21,0,0.0,Low Risk
50437,0,25.0,Mobile Phone,3,9.0,E wallet,Male,2.0,4,Grocery,5,Divorced,2,0,11.0,1.0,1.0,16.0,268.56,0,0.0,Low Risk
50438,1,0.0,Phone,1,6.0,UPI,Male,3.0,3,Mobile,2,Single,2,1,13.0,5.0,7.0,8.0,126.86000000000001,1,0.82,High Risk
50439,0,0.0,Mobile Phone,3,32.0,Credit Card,Female,2.0,3,Laptop & Accessory,2,Single,2,0,23.0,0.0,1.0,4.0,161.8,0,0.09,Low Risk
50440,0,18.0,Mobile Phone,3,8.0,COD,Male,2.0,5,Laptop & Accessory,3,Single,1,0,13.0,0.0,3.0,1.0,166.32,0,0.03,Low Risk
50441,0,0.0,Phone,1,16.0,Credit Card,Male,3.0,2,Mobile,3,Single,2,0,18.0,1.0,1.0,2.0,135.05,0,0.02,Low Risk
50442,1,10.0,Computer,3,33.0,Debit Card,Female,3.0,1,Laptop & Accessory,3,Single,5,1,12.0,1.0,1.0,3.0,163.97,1,0.94,High Risk
50443,0,7.0,Mobile Phone,3,8.0,UPI,Male,2.0,3,Laptop & Accessory,2,Single,2,0,22.0,0.0,1.0,4.0,162.74,0,0.0,Low Risk
50444,1,18.0,Mobile Phone,1,8.0,Credit Card,Male,3.0,3,Others,5,Divorced,6,1,15.0,1.0,1.0,4.0,298.59,1,0.6,Medium Risk
50445,0,9.0,Computer,3,14.0,Debit Card,Male,3.0,4,Fashion,5,Single,2,0,15.0,0.0,1.0,9.0,175.87,0,0.0,Low Risk
50446,0,25.0,Computer,1,25.0,Credit Card,Male,2.0,3,Mobile Phone,2,Divorced,1,0,18.0,1.0,1.0,2.0,142.58,0,0.01,Low Risk
50447,0,0.0,Computer,1,6.0,Debit Card,Female,3.0,5,Mobile Phone,2,Married,4,0,14.0,2.0,2.0,0.0,143.64,0,0.06,Low Risk
50448,0,2.0,Phone,1,33.0,Credit Card,Female,3.0,3,Laptop & Accessory,3,Divorced,5,0,12.0,1.0,1.0,1.0,143.35,0,0.11,Low Risk
50449,1,0.0,Mobile Phone,3,14.0,COD,Male,2.0,4,Laptop & Accessory,5,Single,7,0,17.0,1.0,1.0,2.0,153.26,1,0.97,High Risk
50450,0,7.0,Phone,1,6.0,Debit Card,Female,3.0,1,Mobile,2,Single,3,0,16.0,0.0,1.0,3.0,132.8,0,0.0,Low Risk
50451,0,27.0,Mobile Phone,1,25.0,Credit Card,Female,3.0,3,Laptop & Accessory,5,Married,10,1,11.0,0.0,1.0,4.0,154.85,0,0.0,Low Risk
50452,0,2.0,Computer,3,5.0,E wallet,Male,2.0,3,Laptop & Accessory,2,Divorced,1,0,19.0,0.0,1.0,1.0,143.42,0,0.04,Low Risk
50453,0,10.0,Phone,1,16.0,Debit Card,Female,3.0,3,Mobile,5,Married,1,1,13.0,3.0,4.0,3.0,127.82,0,0.0,Low Risk
50454,0,11.0,Computer,1,8.0,Debit Card,Female,3.0,1,Laptop & Accessory,5,Single,7,1,12.0,4.0,4.0,12.0,159.8,0,0.08,Low Risk
50455,0,7.0,Phone,1,8.0,Credit Card,Female,2.0,4,Mobile Phone,5,Single,2,0,11.0,1.0,1.0,3.0,143.81,0,0.01,Low Risk
50456,0,8.0,Phone,3,14.0,Debit Card,Female,3.0,3,Mobile,2,Divorced,2,0,16.0,0.0,1.0,2.0,125.72,0,0.0,Low Risk
50457,0,3.0,Phone,1,6.0,Debit Card,Male,2.0,5,Mobile Phone,3,Divorced,4,0,21.0,1.0,1.0,2.0,138.33,0,0.0,Low Risk
50458,0,13.0,Computer,1,8.0,Credit Card,Female,2.0,1,Laptop & Accessory,4,Divorced,2,0,24.0,0.0,3.0,7.0,142.44,0,0.0,Low Risk
50459,0,7.0,Mobile Phone,3,14.0,Debit Card,Female,3.0,3,Laptop & Accessory,5,Divorced,6,0,17.0,1.0,1.0,2.0,165.0,0,0.01,Low Risk
50460,0,15.0,Computer,1,14.0,Debit Card,Male,3.0,3,Others,2,Married,2,0,13.0,1.0,14.0,9.0,284.3,0,0.01,Low Risk
50461,1,9.0,Mobile Phone,1,12.0,Debit Card,Male,3.0,1,Mobile Phone,5,Divorced,2,1,21.0,1.0,1.0,0.0,116.00999999999999,1,0.72,High Risk
50462,0,0.0,Computer,1,15.0,Debit Card,Male,3.0,4,Mobile,4,Married,2,0,11.0,1.0,1.0,0.0,126.94,0,0.23,Low Risk
50463,0,25.0,Phone,1,17.0,Debit Card,Female,3.0,3,Laptop & Accessory,3,Divorced,9,0,20.0,1.0,1.0,4.0,131.49,0,0.0,Low Risk
50464,0,23.0,Mobile Phone,1,8.0,Credit Card,Male,3.0,3,Grocery,3,Divorced,6,0,16.0,1.0,1.0,3.0,276.39,0,0.0,Low Risk
50465,1,0.0,Phone,1,14.0,Debit Card,Female,2.0,4,Mobile,5,Divorced,2,1,11.0,0.0,1.0,0.0,123.19,1,0.94,High Risk
50466,0,6.0,Mobile Phone,1,13.0,Credit Card,Male,2.0,3,Fashion,3,Divorced,1,0,11.0,0.0,3.0,3.0,216.91000000000003,0,0.02,Low Risk
50467,1,0.0,Mobile Phone,3,22.0,E wallet,Female,3.0,3,Laptop & Accessory,5,Single,6,0,15.0,1.0,1.0,2.0,153.24,1,0.97,High Risk
50468,0,20.0,Mobile Phone,1,8.0,UPI,Female,2.0,3,Grocery,2,Divorced,2,1,11.0,1.0,3.0,0.0,267.52,0,0.01,Low Risk
50469,0,9.0,Mobile Phone,1,6.0,UPI,Female,2.0,3,Laptop & Accessory,4,Divorced,1,0,15.0,0.0,1.0,5.0,152.28,0,0.0,Low Risk
50470,0,2.0,Phone,1,29.0,Debit Card,Male,3.0,1,Mobile,3,Divorced,2,0,24.0,1.0,1.0,7.0,127.0,0,0.0,Low Risk
50471,1,20.0,Mobile Phone,1,8.0,Debit Card,Male,2.0,3,Others,4,Single,8,1,15.0,5.0,13.0,8.0,292.46,0,0.47,Medium Risk
50472,0,8.0,Phone,1,14.0,Debit Card,Female,2.0,1,Mobile,3,Single,4,0,13.0,0.0,2.0,2.0,125.06,0,0.0,Low Risk
50473,0,15.0,Mobile Phone,1,6.0,Debit Card,Female,2.0,4,Laptop & Accessory,2,Divorced,10,1,13.0,0.0,1.0,2.0,160.62,0,0.05,Low Risk
50474,1,0.0,Phone,1,8.0,Credit Card,Male,2.0,3,Mobile Phone,3,Single,7,0,17.0,0.0,2.0,1.0,143.82,1,0.68,Medium Risk
50475,0,9.0,Phone,2,19.0,UPI,Male,2.0,3,Mobile,4,Divorced,4,0,13.0,1.0,1.0,4.0,121.43,0,0.07,Low Risk
50476,0,5.0,Mobile Phone,1,10.0,Debit Card,Female,3.0,4,Laptop & Accessory,3,Divorced,2,0,12.0,1.0,6.0,8.0,161.62,0,0.0,Low Risk
50477,0,13.0,Computer,1,22.0,Credit Card,Male,2.0,4,Laptop & Accessory,3,Single,7,0,14.0,1.0,1.0,0.0,150.94,0,0.02,Low Risk
50478,0,3.0,Mobile Phone,1,8.0,Credit Card,Female,2.0,4,Laptop & Accessory,2,Single,6,1,24.0,1.0,1.0,0.0,168.77,0,0.04,Low Risk
50479,0,9.0,Phone,1,8.0,Debit Card,Female,3.0,4,Mobile,3,Single,2,0,14.0,1.0,1.0,0.0,122.74000000000001,0,0.06,Low Risk
50480,0,15.0,Phone,1,35.0,Debit Card,Male,3.0,3,Laptop & Accessory,4,Divorced,2,0,13.0,2.0,7.0,8.0,144.34,0,0.0,Low Risk
50481,0,11.0,Computer,1,18.0,Debit Card,Male,2.0,4,Laptop & Accessory,5,Married,3,0,15.0,1.0,1.0,2.0,162.88,0,0.0,Low Risk
50482,0,7.0,Computer,1,14.0,Debit Card,Female,3.0,4,Mobile,2,Single,2,0,16.0,1.0,1.0,3.0,125.53,0,0.0,Low Risk
50483,1,12.0,Mobile Phone,3,17.0,E wallet,Female,2.0,3,Fashion,2,Divorced,2,0,18.0,0.0,7.0,7.0,176.54,1,0.82,High Risk
50484,1,18.0,Mobile Phone,3,8.0,Credit Card,Male,2.0,3,Laptop & Accessory,2,Single,5,0,16.0,0.0,7.0,3.0,151.6,1,0.57,Medium Risk
50485,0,16.0,Mobile Phone,1,20.0,Debit Card,Male,3.0,3,Grocery,5,Divorced,7,0,24.0,1.0,1.0,0.0,271.59,0,0.0,Low Risk
50486,0,0.0,Mobile Phone,1,11.0,Cash on Delivery,Male,2.0,4,Fashion,2,Married,2,1,16.0,0.0,1.0,3.0,228.07999999999998,0,0.02,Low Risk
50487,0,8.0,Mobile Phone,1,13.0,UPI,Male,2.0,3,Fashion,3,Single,4,0,21.0,0.0,1.0,6.0,202.21,0,0.0,Low Risk
50488,0,1.0,Phone,3,8.0,E wallet,Female,2.0,3,Laptop & Accessory,4,Divorced,2,1,20.0,7.0,7.0,5.0,147.79,0,0.17,Low Risk
50489,0,7.0,Phone,2,9.0,UPI,Male,2.0,3,Mobile Phone,2,Divorced,1,0,19.0,1.0,1.0,2.0,137.37,0,0.0,Low Risk
50490,1,0.0,Computer,1,14.0,CC,Female,2.0,4,Mobile,3,Divorced,2,1,14.0,0.0,1.0,7.0,123.66,1,0.9,High Risk
50491,0,9.0,Computer,1,9.0,Credit Card,Male,2.0,3,Mobile Phone,2,Divorced,2,0,11.0,1.0,1.0,0.0,117.06,0,0.04,Low Risk
50492,0,24.0,Mobile Phone,3,32.0,E wallet,Female,3.0,3,Grocery,3,Divorced,3,0,14.0,1.0,4.0,17.0,263.07,0,0.0,Low Risk
50493,0,17.0,Mobile Phone,1,10.0,Credit Card,Male,2.0,3,Laptop & Accessory,4,Single,10,0,12.0,1.0,2.0,3.0,159.33,0,0.01,Low Risk
50494,0,0.0,Phone,1,8.0,CC,Male,3.0,1,Mobile,5,Single,8,0,13.0,1.0,1.0,1.0,134.24,0,0.18,Low Risk
50495,0,6.0,Phone,3,6.0,Credit Card,Male,2.0,1,Laptop & Accessory,5,Married,2,0,22.0,0.0,1.0,8.0,140.37,0,0.0,Low Risk
50496,0,8.0,Phone,1,14.0,CC,Female,2.0,4,Mobile,5,Single,2,0,11.0,1.0,1.0,1.0,125.59,0,0.03,Low Risk
50497,0,9.0,Mobile Phone,3,6.0,Debit Card,Male,2.0,3,Laptop & Accessory,2,Divorced,2,1,14.0,2.0,4.0,11.0,162.01,0,0.0,Low Risk
50498,0,5.0,Phone,3,19.0,Debit Card,Male,3.0,3,Laptop & Accessory,2,Married,3,0,11.0,0.0,1.0,3.0,144.03,0,0.01,Low Risk
50499,0,3.0,Computer,1,11.0,Debit Card,Male,3.0,4,Mobile Phone,2,Married,10,0,12.0,0.0,1.0,3.0,137.61,0,0.02,Low Risk
50500,0,26.0,Mobile Phone,3,13.0,E wallet,Female,3.0,4,Fashion,2,Divorced,8,1,18.0,0.0,1.0,3.0,209.33999999999997,0,0.01,Low Risk
50501,0,18.0,Mobile Phone,3,15.0,E wallet,Male,3.0,3,Fashion,5,Married,5,1,12.0,1.0,1.0,2.0,207.61,0,0.06,Low Risk
50502,0,5.0,Mobile Phone,1,14.0,Credit Card,Female,3.0,1,Laptop & Accessory,3,Divorced,6,0,12.0,1.0,1.0,3.0,151.75,0,0.03,Low Risk
50503,0,25.0,Computer,1,31.0,Credit Card,Female,2.0,4,Grocery,2,Divorced,4,0,22.0,0.0,2.0,0.0,238.26,0,0.0,Low Risk
50504,0,10.0,Mobile Phone,3,22.0,E wallet,Male,3.0,4,Laptop & Accessory,3,Married,5,0,19.0,1.0,1.0,0.0,163.34,0,0.01,Low Risk
50505,0,1.0,Phone,2,14.0,Credit Card,Male,3.0,4,Mobile Phone,2,Married,2,0,13.0,0.0,1.0,4.0,149.36,0,0.02,Low Risk
50506,0,0.0,Phone,1,6.0,Debit Card,Male,2.0,4,Laptop & Accessory,2,Divorced,7,0,22.0,2.0,2.0,2.0,147.75,0,0.06,Low Risk
50507,0,17.0,Phone,1,14.0,Debit Card,Male,3.0,1,Mobile,2,Divorced,3,1,24.0,1.0,1.0,2.0,128.18,0,0.01,Low Risk
50508,0,15.0,Computer,1,14.0,CC,Male,2.0,3,Mobile,2,Single,6,1,14.0,0.0,2.0,2.0,125.15,0,0.04,Low Risk
50509,0,9.0,Phone,2,14.0,Debit Card,Male,3.0,4,Mobile,5,Divorced,1,0,21.0,1.0,1.0,3.0,123.41999999999999,0,0.06,Low Risk
50510,0,0.0,Phone,3,9.0,UPI,Male,3.0,3,Laptop & Accessory,5,Divorced,2,1,18.0,1.0,1.0,3.0,141.94,0,0.14,Low Risk
50511,0,8.0,Mobile Phone,1,15.0,Debit Card,Female,3.0,4,Fashion,3,Divorced,2,1,20.0,2.0,5.0,15.0,206.85000000000002,0,0.02,Low Risk
50512,1,9.0,Computer,1,31.0,Debit Card,Female,3.0,3,Mobile,4,Married,2,1,19.0,0.0,7.0,8.0,120.22,1,0.67,Medium Risk
50513,0,5.0,Computer,1,6.0,Debit Card,Male,3.0,3,Mobile,2,Married,1,0,12.0,0.0,1.0,2.0,123.13999999999999,0,0.0,Low Risk
50514,0,0.0,Phone,3,10.0,E wallet,Male,2.0,4,Laptop & Accessory,5,Divorced,2,0,12.0,1.0,1.0,3.0,142.56,0,0.16,Low Risk
50515,0,22.0,Phone,1,6.0,COD,Female,2.0,3,Mobile Phone,5,Divorced,3,0,16.0,1.0,1.0,2.0,135.8,0,0.0,Low Risk
50516,0,0.0,Computer,1,10.0,Debit Card,Male,3.0,4,Mobile,2,Divorced,1,0,17.0,0.0,3.0,4.0,131.62,0,0.07,Low Risk
50517,0,5.0,Computer,3,11.0,Debit Card,Male,2.0,3,Laptop & Accessory,4,Divorced,2,0,14.0,2.0,5.0,3.0,165.24,0,0.0,Low Risk
50518,0,11.0,Phone,3,15.0,E wallet,Male,3.0,4,Mobile,4,Divorced,1,0,19.0,0.0,1.0,2.0,128.99,0,0.0,Low Risk
50519,0,15.0,Mobile Phone,1,9.0,Debit Card,Female,3.0,1,Laptop & Accessory,2,Divorced,3,1,13.0,0.0,1.0,3.0,152.31,0,0.01,Low Risk
50520,0,4.0,Phone,1,14.0,Debit Card,Male,2.0,3,Mobile,2,Divorced,4,1,19.0,1.0,1.0,2.0,123.56,0,0.11,Low Risk
50521,1,0.0,Phone,3,6.0,CC,Female,3.0,4,Mobile,3,Married,7,1,19.0,0.0,1.0,2.0,128.0,1,0.87,High Risk
50522,0,26.0,Mobile Phone,3,14.0,E wallet,Male,3.0,3,Grocery,2,Divorced,6,0,14.0,0.0,2.0,3.0,218.36,0,0.0,Low Risk
50523,0,8.0,Mobile Phone,1,31.0,Cash on Delivery,Male,3.0,4,Fashion,4,Divorced,4,0,16.0,3.0,4.0,8.0,209.02999999999997,0,0.02,Low Risk
50524,0,10.0,Computer,3,27.0,CC,Female,3.0,3,Mobile,2,Divorced,6,0,15.0,1.0,1.0,0.0,129.73,0,0.02,Low Risk
50525,0,26.0,Mobile Phone,1,29.0,Debit Card,Female,3.0,3,Grocery,2,Single,7,0,18.0,2.0,2.0,8.0,242.75,0,0.0,Low Risk
50526,0,16.0,Computer,1,6.0,Debit Card,Female,2.0,3,Laptop & Accessory,2,Divorced,5,0,13.0,1.0,2.0,2.0,155.62,0,0.0,Low Risk
50527,0,20.0,Phone,3,8.0,E wallet,Female,2.0,3,Laptop & Accessory,2,Divorced,1,1,22.0,5.0,7.0,7.0,145.37,0,0.01,Low Risk
50528,0,10.0,Computer,3,25.0,Credit Card,Male,2.0,3,Fashion,4,Single,2,1,13.0,0.0,1.0,9.0,176.42,0,0.02,Low Risk
50529,0,23.0,Computer,1,8.0,Debit Card,Male,3.0,3,Grocery,5,Married,2,0,11.0,1.0,14.0,7.0,279.24,0,0.0,Low Risk
50530,0,12.0,Mobile Phone,2,8.0,Debit Card,Female,2.0,4,Laptop & Accessory,2,Divorced,9,0,11.0,0.0,1.0,4.0,152.04,0,0.03,Low Risk
50531,0,9.0,Phone,2,9.0,UPI,Male,2.0,3,Mobile,4,Married,4,1,11.0,0.0,1.0,3.0,122.77000000000001,0,0.12,Low Risk
50532,1,0.0,Phone,1,31.0,Debit Card,Male,3.0,3,Mobile,2,Single,2,1,24.0,1.0,1.0,1.0,127.94999999999999,1,0.92,High Risk
50533,0,2.0,Phone,1,14.0,CC,Female,3.0,4,Mobile,2,Married,7,0,14.0,1.0,1.0,3.0,125.32,0,0.0,Low Risk
50534,0,17.0,Phone,1,14.0,Debit Card,Male,3.0,3,Mobile,5,Divorced,2,1,13.0,2.0,7.0,1.0,125.59,0,0.01,Low Risk
50535,0,1.0,Phone,3,11.0,Credit Card,Male,3.0,3,Laptop & Accessory,2,Single,2,0,14.0,1.0,1.0,2.0,149.08,0,0.0,Low Risk
50536,1,20.0,Computer,1,14.0,Debit Card,Male,2.0,4,Mobile,2,Married,10,1,14.0,0.0,1.0,0.0,123.80000000000001,0,0.42,Medium Risk
50537,0,16.0,Phone,1,14.0,Debit Card,Female,2.0,3,Laptop & Accessory,4,Married,5,0,21.0,1.0,1.0,0.0,147.65,0,0.0,Low Risk
50538,1,9.0,Phone,3,8.0,CC,Female,2.0,4,Mobile,3,Single,2,0,13.0,0.0,1.0,2.0,120.44,1,0.89,High Risk
50539,1,0.0,Phone,1,24.0,UPI,Female,3.0,3,Mobile,2,Single,2,0,19.0,1.0,1.0,0.0,126.93,1,0.73,High Risk
50540,0,9.0,Mobile Phone,1,20.0,Debit Card,Male,3.0,3,Laptop & Accessory,2,Divorced,1,1,17.0,4.0,4.0,11.0,165.86,0,0.0,Low Risk
50541,0,20.0,Phone,3,8.0,Debit Card,Female,3.0,4,Mobile,2,Single,2,1,18.0,1.0,1.0,2.0,132.94,0,0.04,Low Risk
50542,1,0.0,Phone,1,9.0,Debit Card,Female,2.0,3,Laptop & Accessory,3,Divorced,1,1,19.0,1.0,1.0,2.0,141.71,1,0.92,High Risk
50543,1,4.0,Phone,1,8.0,Debit Card,Female,3.0,5,Mobile,2,Married,5,1,13.0,0.0,1.0,0.0,127.78,1,0.87,High Risk
50544,0,1.0,Phone,1,14.0,CC,Female,3.0,3,Mobile,3,Married,6,0,18.0,2.0,2.0,2.0,123.77000000000001,0,0.02,Low Risk
50545,1,2.0,Phone,1,14.0,CC,Male,3.0,3,Mobile,5,Divorced,8,1,21.0,1.0,2.0,2.0,124.03999999999999,1,0.83,High Risk
50546,0,0.0,Phone,1,14.0,Debit Card,Female,3.0,3,Mobile,3,Single,2,0,19.0,1.0,1.0,0.0,123.18,0,0.07,Low Risk
50547,0,9.0,Mobile Phone,1,16.0,Debit Card,Male,2.0,3,Mobile,4,Married,2,0,14.0,1.0,1.0,0.0,120.08000000000001,0,0.08,Low Risk
50548,0,15.0,Mobile Phone,3,20.0,Credit Card,Female,3.0,4,Laptop & Accessory,3,Single,8,0,17.0,0.0,1.0,3.0,162.44,0,0.01,Low Risk
50549,0,6.0,Phone,1,6.0,UPI,Male,3.0,4,Mobile,5,Single,4,1,11.0,0.0,1.0,2.0,127.99000000000001,0,0.09,Low Risk
50550,0,30.0,Mobile Phone,1,11.0,Cash on Delivery,Female,2.0,4,Fashion,4,Married,3,1,13.0,1.0,1.0,4.0,205.52,0,0.0,Low Risk
50551,0,4.0,Phone,3,14.0,Debit Card,Male,2.0,4,Mobile,3,Divorced,4,0,15.0,3.0,5.0,2.0,123.28999999999999,0,0.01,Low Risk
50552,0,8.0,Phone,1,27.0,Debit Card,Female,2.0,3,Laptop & Accessory,2,Divorced,2,1,25.0,0.0,1.0,7.0,140.14,0,0.05,Low Risk
50553,0,22.0,Mobile Phone,1,14.0,UPI,Female,2.0,3,Fashion,4,Divorced,5,0,11.0,0.0,1.0,7.0,174.03,0,0.05,Low Risk
50554,0,9.0,Phone,1,26.0,CC,Male,2.0,3,Mobile,3,Divorced,5,0,17.0,0.0,1.0,0.0,122.59,0,0.1,Low Risk
50555,0,4.0,Computer,3,26.0,E wallet,Female,2.0,3,Laptop & Accessory,3,Divorced,2,0,13.0,1.0,1.0,0.0,169.32,0,0.01,Low Risk
50556,0,9.0,Phone,1,13.0,UPI,Male,3.0,3,Mobile Phone,2,Single,3,0,18.0,0.0,1.0,1.0,146.78,0,0.07,Low Risk
50557,0,11.0,Mobile Phone,1,6.0,Cash on Delivery,Female,3.0,3,Fashion,5,Divorced,2,0,13.0,3.0,2.0,11.0,235.82,0,0.01,Low Risk
50558,0,5.0,Computer,1,14.0,Debit Card,Female,3.0,4,Mobile,4,Divorced,7,0,20.0,1.0,1.0,2.0,123.32,0,0.01,Low Risk
50559,1,0.0,Phone,3,14.0,E wallet,Male,2.0,4,Mobile,4,Divorced,2,1,18.0,0.0,1.0,0.0,124.13,1,0.95,High Risk
50560,0,13.0,Mobile Phone,3,16.0,E wallet,Male,3.0,4,Fashion,4,Married,3,0,12.0,1.0,1.0,0.0,197.05,0,0.05,Low Risk
50561,0,0.0,Computer,3,6.0,Credit Card,Male,2.0,4,Laptop & Accessory,5,Single,2,0,12.0,1.0,1.0,7.0,142.94,0,0.1,Low Risk
50562,0,14.0,Phone,1,12.0,Credit Card,Male,2.0,3,Mobile Phone,5,Single,3,1,13.0,1.0,2.0,17.0,147.21,0,0.04,Low Risk
50563,0,9.0,Phone,1,14.0,CC,Male,3.0,3,Mobile,3,Single,5,0,21.0,2.0,3.0,9.0,125.19,0,0.02,Low Risk
50564,1,9.0,Phone,3,27.0,UPI,Male,2.0,4,Mobile,4,Single,2,1,13.0,0.0,1.0,0.0,121.21000000000001,1,0.94,High Risk
50565,1,0.0,Phone,1,10.0,COD,Male,3.0,3,Mobile,5,Single,2,0,19.0,1.0,1.0,0.0,129.73,1,0.89,High Risk
50566,0,4.0,Mobile Phone,1,18.0,Credit Card,Female,2.0,3,Laptop & Accessory,2,Divorced,1,1,11.0,0.0,8.0,5.0,158.55,0,0.03,Low Risk
50567,0,13.0,Computer,1,15.0,Credit Card,Male,2.0,3,Mobile Phone,4,Married,9,1,14.0,0.0,1.0,0.0,136.17,0,0.01,Low Risk
50568,0,5.0,Mobile Phone,1,9.0,Credit Card,Female,3.0,3,Laptop & Accessory,5,Divorced,2,0,12.0,6.0,6.0,3.0,167.25,0,0.0,Low Risk
50569,1,0.0,Mobile Phone,3,9.0,Debit Card,Male,2.0,4,Fashion,2,Divorced,2,1,11.0,3.0,3.0,7.0,203.25,1,0.84,High Risk
50570,0,6.0,Mobile Phone,1,6.0,Debit Card,Female,2.0,4,Laptop & Accessory,2,Single,1,0,14.0,0.0,1.0,4.0,169.49,0,0.0,Low Risk
50571,1,0.0,Mobile Phone,3,6.0,Debit Card,Male,2.0,4,Fashion,3,Divorced,6,0,11.0,1.0,11.0,7.0,206.08999999999997,1,0.91,High Risk
50572,0,18.0,Computer,1,10.0,Debit Card,Male,2.0,3,Laptop & Accessory,4,Divorced,2,0,12.0,1.0,1.0,8.0,144.47,0,0.0,Low Risk
50573,0,9.0,Computer,3,26.0,Cash on Delivery,Female,2.0,3,Mobile,2,Divorced,2,0,15.0,0.0,1.0,2.0,121.57,0,0.02,Low Risk
50574,0,8.0,Phone,3,24.0,Credit Card,Female,2.0,3,Laptop & Accessory,3,Divorced,2,0,16.0,1.0,1.0,0.0,146.01,0,0.03,Low Risk
50575,0,25.0,Mobile Phone,1,6.0,Debit Card,Male,3.0,3,Grocery,2,Divorced,3,0,15.0,1.0,7.0,8.0,270.99,0,0.0,Low Risk
50576,1,20.0,Phone,1,14.0,COD,Male,2.0,3,Mobile,3,Single,5,0,24.0,1.0,1.0,0.0,124.78999999999999,1,0.64,Medium Risk
50577,0,26.0,Mobile Phone,3,8.0,Credit Card,Male,2.0,3,Grocery,3,Married,7,0,13.0,2.0,2.0,2.0,248.51999999999998,0,0.02,Low Risk
50578,0,3.0,Mobile Phone,3,14.0,UPI,Male,3.0,3,Fashion,3,Married,6,0,11.0,4.0,7.0,7.0,172.64,0,0.01,Low Risk
50579,0,11.0,Computer,3,16.0,COD,Female,2.0,3,Laptop & Accessory,2,Single,2,1,13.0,0.0,1.0,3.0,156.66,0,0.09,Low Risk
50580,0,8.0,Mobile Phone,3,9.0,Debit Card,Male,3.0,3,Fashion,2,Married,7,0,13.0,0.0,1.0,8.0,178.23,0,0.02,Low Risk
50581,0,12.0,Mobile Phone,3,8.0,Debit Card,Male,2.0,1,Fashion,3,Single,1,0,18.0,1.0,1.0,7.0,178.8,0,0.02,Low Risk
50582,1,3.0,Computer,3,30.0,Debit Card,Female,3.0,1,Grocery,4,Single,5,1,16.0,1.0,2.0,0.0,231.94,1,0.76,High Risk
50583,0,20.0,Computer,1,22.0,Credit Card,Male,3.0,1,Laptop & Accessory,3,Married,2,1,19.0,0.0,2.0,7.0,150.67,0,0.0,Low Risk
50584,0,9.0,Computer,3,14.0,COD,Male,2.0,3,Laptop & Accessory,2,Married,5,0,13.0,1.0,1.0,7.0,150.79,0,0.02,Low Risk
50585,1,0.0,Computer,1,14.0,CC,Male,2.0,4,Mobile,5,Single,1,1,22.0,1.0,1.0,2.0,123.21000000000001,1,0.97,High Risk
50586,0,6.0,Computer,3,23.0,Debit Card,Male,2.0,3,Grocery,3,Single,2,0,11.0,1.0,6.0,0.0,274.44,0,0.03,Low Risk
50587,1,0.0,Phone,1,14.0,Debit Card,Female,3.0,4,Mobile,5,Single,7,1,20.0,1.0,1.0,0.0,124.03999999999999,1,1.0,High Risk
50588,0,6.0,Phone,1,19.0,Debit Card,Female,2.0,3,Mobile,2,Single,4,0,18.0,1.0,1.0,2.0,134.52,0,0.01,Low Risk
50589,0,9.0,Phone,1,6.0,CC,Female,3.0,3,Mobile,2,Married,4,0,14.0,0.0,1.0,2.0,122.69999999999999,0,0.0,Low Risk
50590,0,23.0,Mobile Phone,1,6.0,Credit Card,Male,3.0,3,Grocery,2,Married,10,0,22.0,1.0,1.0,3.0,273.99,0,0.02,Low Risk
50591,0,6.0,Computer,1,6.0,UPI,Female,2.0,1,Laptop & Accessory,4,Divorced,2,1,13.0,0.0,1.0,2.0,154.88,0,0.01,Low Risk
50592,0,14.0,Computer,1,15.0,Credit Card,Male,3.0,3,Others,3,Married,3,0,15.0,1.0,1.0,11.0,294.19,0,0.0,Low Risk
50593,0,0.0,Phone,1,22.0,COD,Female,3.0,3,Mobile,4,Divorced,10,0,14.0,2.0,2.0,2.0,128.11,0,0.09,Low Risk
50594,0,18.0,Computer,1,29.0,Debit Card,Male,2.0,3,Laptop & Accessory,5,Divorced,2,1,15.0,1.0,1.0,8.0,136.33,0,0.01,Low Risk
50595,0,20.0,Phone,3,10.0,Debit Card,Female,2.0,3,Laptop & Accessory,2,Single,2,1,17.0,1.0,1.0,7.0,141.63,0,0.02,Low Risk
50596,1,9.0,Phone,1,28.0,Debit Card,Female,2.0,3,Mobile,3,Divorced,5,1,11.0,0.0,1.0,1.0,121.32,1,0.89,High Risk
50597,0,23.0,Mobile Phone,1,30.0,Debit Card,Male,3.0,3,Grocery,3,Divorced,4,1,18.0,0.0,2.0,5.0,239.73000000000002,0,0.0,Low Risk
50598,0,11.0,Computer,1,16.0,CC,Male,3.0,3,Mobile,3,Divorced,1,0,17.0,0.0,1.0,2.0,126.84,0,0.01,Low Risk
50599,0,19.0,Mobile Phone,1,13.0,Credit Card,Male,3.0,3,Fashion,3,Married,7,0,13.0,0.0,1.0,7.0,208.45,0,0.0,Low Risk
50600,0,0.0,Phone,1,23.0,Credit Card,Female,2.0,4,Laptop & Accessory,3,Married,2,0,15.0,2.0,3.0,2.0,143.77,0,0.04,Low Risk
50601,1,0.0,Phone,1,20.0,UPI,Male,2.0,4,Mobile Phone,4,Married,2,1,24.0,1.0,1.0,2.0,137.43,1,0.96,High Risk
50602,0,4.0,Computer,1,6.0,Debit Card,Female,3.0,3,Laptop & Accessory,5,Divorced,2,0,12.0,1.0,1.0,3.0,141.48,0,0.01,Low Risk
50603,0,0.0,Computer,1,11.0,Debit Card,Male,3.0,3,Mobile Phone,2,Single,2,0,15.0,1.0,1.0,0.0,110.50999999999999,0,0.12,Low Risk
50604,0,27.0,Mobile Phone,1,23.0,Cash on Delivery,Female,2.0,3,Fashion,3,Divorced,9,0,11.0,1.0,1.0,8.0,207.39,0,0.03,Low Risk
50605,0,8.0,Mobile Phone,1,31.0,Credit Card,Female,2.0,3,Fashion,3,Married,2,1,11.0,2.0,10.0,1.0,203.88,0,0.02,Low Risk
50606,0,3.0,Mobile Phone,1,14.0,Debit Card,Female,3.0,1,Fashion,5,Divorced,1,1,12.0,0.0,1.0,3.0,214.16000000000003,0,0.05,Low Risk
50607,1,0.0,Phone,1,14.0,CC,Female,3.0,4,Mobile,5,Single,2,1,15.0,0.0,1.0,0.0,126.0,1,0.84,High Risk
50608,1,0.0,Computer,1,14.0,CC,Female,2.0,3,Mobile,4,Single,1,0,17.0,0.0,1.0,2.0,124.22,1,0.95,High Risk
50609,0,0.0,Mobile Phone,1,8.0,Credit Card,Male,2.0,1,Laptop & Accessory,2,Divorced,2,0,12.0,1.0,1.0,3.0,154.72,0,0.02,Low Risk
50610,0,0.0,Phone,1,14.0,Debit Card,Male,3.0,5,Mobile,5,Divorced,2,0,15.0,1.0,1.0,1.0,124.50999999999999,0,0.08,Low Risk
50611,0,21.0,Phone,1,12.0,Debit Card,Male,3.0,4,Laptop & Accessory,3,Single,3,0,13.0,0.0,2.0,2.0,142.4,0,0.0,Low Risk
50612,0,21.0,Mobile Phone,1,10.0,Debit Card,Male,3.0,4,Fashion,3,Single,8,0,14.0,1.0,4.0,3.0,209.99,0,0.0,Low Risk
50613,0,14.0,Mobile Phone,1,13.0,Credit Card,Female,2.0,3,Laptop & Accessory,3,Single,7,0,14.0,1.0,2.0,1.0,150.03,0,0.0,Low Risk
50614,0,12.0,Mobile Phone,1,6.0,Debit Card,Female,3.0,4,Grocery,2,Divorced,2,0,16.0,0.0,11.0,3.0,227.42000000000002,0,0.0,Low Risk
50615,0,0.0,Phone,1,8.0,Debit Card,Female,2.0,3,Laptop & Accessory,2,Divorced,1,0,18.0,0.0,2.0,2.0,142.27,0,0.04,Low Risk
50616,0,8.0,Phone,1,16.0,UPI,Male,2.0,3,Mobile Phone,2,Married,2,0,20.0,1.0,1.0,2.0,139.17,0,0.0,Low Risk
50617,0,15.0,Mobile Phone,3,11.0,E wallet,Male,2.0,3,Others,3,Divorced,7,0,13.0,1.0,1.0,0.0,283.03,0,0.0,Low Risk
50618,0,23.0,Phone,1,14.0,Debit Card,Male,3.0,3,Mobile,2,Divorced,5,0,18.0,1.0,1.0,0.0,123.80000000000001,0,0.01,Low Risk
50619,0,30.0,Mobile Phone,1,8.0,Debit Card,Female,3.0,4,Grocery,2,Single,4,1,13.0,0.0,2.0,3.0,237.26,0,0.01,Low Risk
50620,1,0.0,Phone,1,17.0,Credit Card,Female,3.0,5,Laptop & Accessory,4,Divorced,6,0,15.0,1.0,1.0,0.0,147.77,1,0.93,High Risk
50621,0,28.0,Computer,1,24.0,Credit Card,Male,3.0,3,Laptop & Accessory,4,Divorced,4,1,14.0,6.0,6.0,7.0,163.85,0,0.02,Low Risk
50622,0,14.0,Computer,1,13.0,Debit Card,Female,2.0,5,Others,3,Married,2,0,15.0,1.0,5.0,10.0,299.73,0,0.01,Low Risk
50623,0,11.0,Mobile Phone,3,9.0,Debit Card,Male,2.0,3,Laptop & Accessory,2,Single,9,1,12.0,1.0,1.0,0.0,168.61,0,0.12,Low Risk
50624,1,0.0,Computer,3,35.0,Credit Card,Male,3.0,5,Laptop & Accessory,5,Single,9,0,18.0,0.0,2.0,2.0,149.69,1,0.89,High Risk
50625,1,15.0,Mobile Phone,3,8.0,E wallet,Female,2.0,5,Others,2,Divorced,2,0,15.0,5.0,6.0,9.0,298.45,1,0.79,High Risk
50626,0,17.0,Mobile Phone,3,34.0,Credit Card,Female,2.0,1,Grocery,2,Divorced,4,1,18.0,1.0,2.0,11.0,233.2,0,0.04,Low Risk
50627,0,23.0,Computer,3,6.0,Debit Card,Female,3.0,3,Laptop & Accessory,3,Divorced,1,0,12.0,1.0,1.0,13.0,163.47,0,0.01,Low Risk
50628,1,0.0,Phone,1,22.0,Debit Card,Female,3.0,1,Mobile,5,Single,2,0,16.0,15.0,15.0,14.0,127.43,1,0.85,High Risk
50629,0,12.0,Computer,1,28.0,Credit Card,Female,2.0,3,Fashion,5,Single,2,1,13.0,1.0,2.0,8.0,208.8,0,0.0,Low Risk
50630,0,6.0,Computer,3,14.0,Debit Card,Female,2.0,4,Mobile,2,Single,1,0,19.0,2.0,2.0,2.0,123.41999999999999,0,0.01,Low Risk
50631,0,18.0,Mobile Phone,3,17.0,Debit Card,Female,2.0,3,Grocery,2,Divorced,4,0,13.0,1.0,1.0,1.0,276.5,0,0.0,Low Risk
50632,0,5.0,Computer,1,35.0,Credit Card,Female,3.0,3,Mobile Phone,3,Single,10,0,12.0,5.0,7.0,7.0,140.25,0,0.03,Low Risk
50633,0,7.0,Mobile Phone,3,6.0,E wallet,Male,3.0,1,Laptop & Accessory,2,Married,1,0,11.0,1.0,1.0,9.0,197.25,0,0.01,Low Risk
50634,0,30.0,Mobile Phone,3,6.0,Cash on Delivery,Male,3.0,3,Fashion,2,Divorced,4,1,14.0,0.0,1.0,3.0,219.04000000000002,0,0.06,Low Risk
50635,0,9.0,Phone,2,30.0,CC,Male,2.0,3,Mobile,4,Single,2,0,16.0,0.0,1.0,4.0,121.77000000000001,0,0.02,Low Risk
50636,0,26.0,Computer,3,8.0,E wallet,Female,2.0,4,Fashion,4,Divorced,3,0,12.0,0.0,6.0,12.0,175.25,0,0.07,Low Risk
50637,1,0.0,Phone,1,21.0,UPI,Male,2.0,3,Laptop & Accessory,3,Married,8,0,14.0,0.0,1.0,0.0,148.34,1,0.94,High Risk
50638,1,9.0,Computer,1,8.0,Debit Card,Male,2.0,3,Mobile,5,Divorced,7,1,14.0,1.0,1.0,2.0,120.41999999999999,1,0.92,High Risk
50639,0,9.0,Phone,3,16.0,Debit Card,Female,2.0,3,Mobile,3,Divorced,2,1,19.0,0.0,1.0,0.0,122.19999999999999,0,0.12,Low Risk
50640,0,1.0,Mobile Phone,3,16.0,Credit Card,Male,3.0,3,Mobile Phone,4,Divorced,2,0,22.0,1.0,1.0,0.0,110.52000000000001,0,0.1,Low Risk
50641,0,11.0,Computer,1,9.0,UPI,Male,3.0,3,Mobile,3,Divorced,4,0,16.0,2.0,2.0,2.0,128.21,0,0.0,Low Risk
50642,0,23.0,Mobile Phone,1,8.0,Credit Card,Male,3.0,3,Others,3,Divorced,3,1,15.0,7.0,7.0,7.0,292.37,0,0.01,Low Risk
50643,0,10.0,Phone,1,9.0,UPI,Female,2.0,3,Laptop & Accessory,4,Single,4,0,15.0,1.0,1.0,1.0,141.07,0,0.01,Low Risk
50644,0,13.0,Mobile Phone,3,32.0,E wallet,Male,3.0,3,Laptop & Accessory,5,Divorced,2,0,14.0,5.0,7.0,5.0,183.96,0,0.01,Low Risk
50645,0,9.0,Computer,1,6.0,CC,Female,3.0,4,Mobile,3,Married,2,0,13.0,1.0,1.0,3.0,120.07,0,0.01,Low Risk
50646,0,19.0,Mobile Phone,1,6.0,Credit Card,Male,2.0,3,Others,2,Married,10,0,15.0,1.0,2.0,2.0,296.27,0,0.01,Low Risk
50647,0,27.0,Mobile Phone,3,8.0,Debit Card,Female,2.0,4,Fashion,3,Divorced,7,0,11.0,6.0,7.0,0.0,206.86,0,0.01,Low Risk
50648,0,29.0,Computer,1,15.0,CC,Female,3.0,3,Mobile,3,Divorced,3,0,19.0,0.0,1.0,3.0,129.42,0,0.0,Low Risk
50649,0,9.0,Mobile Phone,1,18.0,Credit Card,Female,2.0,4,Fashion,2,Single,1,0,11.0,5.0,7.0,8.0,188.58,0,0.01,Low Risk
50650,0,28.0,Computer,1,8.0,Credit Card,Male,2.0,4,Grocery,5,Single,8,0,15.0,1.0,6.0,2.0,267.56,0,0.03,Low Risk
50651,0,16.0,Mobile Phone,3,31.0,Credit Card,Male,3.0,4,Fashion,2,Married,6,0,13.0,1.0,2.0,0.0,234.0,0,0.04,Low Risk
50652,1,0.0,Computer,3,14.0,E wallet,Female,2.0,3,Mobile,2,Single,2,1,14.0,0.0,1.0,2.0,123.22999999999999,1,0.96,High Risk
50653,1,9.0,Mobile Phone,1,16.0,Debit Card,Female,2.0,4,Mobile Phone,5,Single,2,0,13.0,1.0,1.0,0.0,114.16,1,0.85,High Risk
50654,0,19.0,Phone,1,14.0,Debit Card,Female,3.0,4,Laptop & Accessory,5,Married,9,1,23.0,1.0,1.0,7.0,146.15,0,0.02,Low Risk
50655,1,14.0,Phone,1,14.0,Debit Card,Male,2.0,3,Mobile,3,Divorced,10,1,12.0,1.0,2.0,7.0,124.61000000000001,1,0.7,High Risk
50656,1,0.0,Computer,1,30.0,COD,Male,3.0,4,Fashion,5,Single,2,0,12.0,0.0,1.0,9.0,187.22,1,0.88,High Risk
50657,0,0.0,Phone,1,6.0,Credit Card,Male,2.0,4,Mobile Phone,5,Divorced,2,0,16.0,0.0,1.0,3.0,139.55,0,0.01,Low Risk
50658,0,3.0,Mobile Phone,1,26.0,UPI,Male,2.0,3,Laptop & Accessory,5,Divorced,1,0,15.0,1.0,1.0,2.0,199.57,0,0.02,Low Risk
50659,0,14.0,Phone,1,13.0,COD,Female,2.0,1,Mobile,3,Divorced,2,0,13.0,1.0,1.0,8.0,133.76,0,0.0,Low Risk
50660,0,11.0,Mobile Phone,1,23.0,Debit Card,Female,3.0,4,Fashion,3,Divorced,1,0,18.0,0.0,1.0,9.0,188.23,0,0.04,Low Risk
50661,0,13.0,Mobile Phone,1,26.0,Cash on Delivery,Male,3.0,3,Fashion,2,Divorced,5,0,20.0,4.0,11.0,1.0,203.22,0,0.07,Low Risk
50662,0,0.0,Computer,1,14.0,Debit Card,Male,2.0,5,Mobile Phone,3,Divorced,2,0,19.0,1.0,1.0,2.0,146.21,0,0.03,Low Risk
50663,0,28.0,Computer,1,8.0,Debit Card,Male,3.0,3,Fashion,4,Divorced,4,0,18.0,1.0,1.0,3.0,209.76,0,0.0,Low Risk
50664,0,1.0,Phone,1,16.0,UPI,Female,2.0,3,Laptop & Accessory,3,Single,4,0,13.0,1.0,1.0,7.0,136.6,0,0.06,Low Risk
50665,1,7.0,Mobile Phone,2,6.0,Credit Card,Male,3.0,4,Fashion,5,Divorced,10,0,14.0,2.0,3.0,6.0,204.82,1,0.91,High Risk
50666,0,6.0,Mobile Phone,1,11.0,Debit Card,Male,2.0,4,Fashion,2,Married,5,0,15.0,0.0,1.0,2.0,171.19,0,0.0,Low Risk
50667,1,0.0,Mobile Phone,3,10.0,Cash on Delivery,Male,2.0,3,Fashion,5,Single,1,1,22.0,3.0,4.0,7.0,195.82,1,0.97,High Risk
50668,1,0.0,Computer,1,35.0,Credit Card,Female,2.0,4,Laptop & Accessory,3,Single,2,0,22.0,3.0,3.0,8.0,145.08,1,0.93,High Risk
50669,0,9.0,Phone,1,21.0,Debit Card,Male,2.0,3,Mobile,3,Married,2,0,16.0,2.0,2.0,2.0,122.07,0,0.0,Low Risk
50670,0,7.0,Computer,1,9.0,Debit Card,Male,2.0,3,Laptop & Accessory,2,Single,1,0,17.0,1.0,1.0,4.0,177.56,0,0.0,Low Risk
50671,0,10.0,Mobile Phone,3,16.0,Debit Card,Female,2.0,4,Laptop & Accessory,2,Married,3,1,14.0,0.0,1.0,0.0,166.94,0,0.01,Low Risk
50672,1,0.0,Phone,1,10.0,COD,Male,2.0,3,Mobile Phone,2,Divorced,2,1,15.0,5.0,5.0,6.0,136.91,1,0.93,High Risk
50673,1,0.0,Phone,1,14.0,CC,Male,2.0,3,Mobile,3,Married,2,0,20.0,1.0,1.0,0.0,123.77000000000001,1,0.92,High Risk
50674,1,9.0,Phone,1,31.0,CC,Male,2.0,4,Mobile,4,Single,5,1,20.0,0.0,2.0,2.0,123.13,1,0.81,High Risk
50675,0,15.0,Mobile Phone,1,8.0,Credit Card,Male,2.0,3,Grocery,5,Divorced,1,0,17.0,1.0,13.0,7.0,276.65,0,0.03,Low Risk
50676,1,0.0,Computer,1,14.0,CC,Male,2.0,4,Mobile,4,Married,2,0,15.0,0.0,1.0,0.0,125.96000000000001,1,0.9,High Risk
50677,1,13.0,Computer,3,6.0,UPI,Male,2.0,3,Laptop & Accessory,3,Single,4,1,14.0,0.0,1.0,0.0,147.28,1,0.93,High Risk
50678,0,6.0,Computer,3,13.0,Debit Card,Female,1.0,3,Laptop & Accessory,4,Divorced,1,0,17.0,1.0,1.0,2.0,143.02,0,0.0,Low Risk
50679,0,7.0,Computer,1,9.0,Debit Card,Male,3.0,4,Mobile,2,Divorced,4,0,17.0,1.0,1.0,0.0,129.79,0,0.08,Low Risk
50680,0,21.0,Computer,1,6.0,Credit Card,Male,2.0,1,Grocery,2,Single,3,0,22.0,1.0,2.0,1.0,268.85,0,0.0,Low Risk
50681,0,18.0,Computer,3,15.0,Debit Card,Female,3.0,4,Laptop & Accessory,3,Divorced,2,0,13.0,0.0,4.0,12.0,155.93,0,0.01,Low Risk
50682,0,25.0,Mobile Phone,1,13.0,Debit Card,Male,2.0,3,Fashion,4,Single,8,0,19.0,3.0,4.0,0.0,204.45,0,0.0,Low Risk
50683,0,11.0,Mobile Phone,3,16.0,E wallet,Male,3.0,4,Fashion,3,Married,1,1,14.0,2.0,2.0,7.0,187.4,0,0.01,Low Risk
50684,0,2.0,Phone,1,14.0,Debit Card,Female,3.0,3,Mobile,2,Married,5,0,22.0,0.0,1.0,7.0,125.13999999999999,0,0.0,Low Risk
50685,0,1.0,Mobile Phone,1,9.0,Credit Card,Female,3.0,3,Fashion,4,Married,1,0,17.0,0.0,1.0,7.0,176.55,0,0.03,Low Risk
50686,0,19.0,Mobile Phone,3,9.0,E wallet,Male,2.0,3,Grocery,3,Divorced,4,0,12.0,1.0,4.0,9.0,274.65,0,0.0,Low Risk
50687,0,11.0,Mobile Phone,3,8.0,E wallet,Male,2.0,3,Fashion,4,Single,8,0,16.0,1.0,1.0,0.0,173.51,0,0.01,Low Risk
50688,0,16.0,Computer,1,33.0,Debit Card,Female,2.0,3,Fashion,5,Divorced,9,0,11.0,0.0,1.0,1.0,208.2,0,0.01,Low Risk
50689,1,2.0,Computer,1,8.0,Debit Card,Male,2.0,3,Grocery,2,Married,8,0,11.0,7.0,11.0,3.0,221.69,1,0.81,High Risk
50690,0,13.0,Mobile Phone,1,20.0,Credit Card,Male,2.0,4,Others,3,Single,2,0,15.0,4.0,4.0,9.0,296.26,0,0.01,Low Risk
50691,0,9.0,Phone,1,6.0,Cash on Delivery,Female,3.0,4,Mobile,4,Single,2,1,11.0,0.0,2.0,2.0,120.69999999999999,0,0.12,Low Risk
50692,0,12.0,Computer,1,15.0,Debit Card,Male,3.0,3,Laptop & Accessory,4,Single,21,0,15.0,1.0,1.0,3.0,167.82,0,0.0,Low Risk
50693,0,9.0,Computer,1,24.0,Debit Card,Male,3.0,3,Laptop & Accessory,2,Single,3,0,20.0,1.0,1.0,9.0,177.79,0,0.0,Low Risk
50694,0,4.0,Computer,3,26.0,Debit Card,Male,3.0,1,Mobile,2,Divorced,1,0,12.0,1.0,2.0,2.0,127.91,0,0.03,Low Risk
50695,0,1.0,Phone,1,8.0,Debit Card,Male,3.0,4,Mobile,4,Divorced,1,0,17.0,0.0,1.0,4.0,132.01,0,0.03,Low Risk
50696,0,8.0,Computer,3,17.0,E wallet,Male,2.0,3,Laptop & Accessory,2,Married,2,0,11.0,0.0,1.0,2.0,149.68,0,0.01,Low Risk
50697,0,22.0,Mobile Phone,3,14.0,Cash on Delivery,Male,2.0,4,Grocery,4,Divorced,7,0,17.0,1.0,2.0,3.0,231.2,0,0.02,Low Risk
50698,0,7.0,Computer,1,8.0,Debit Card,Male,3.0,3,Laptop & Accessory,3,Single,3,0,11.0,1.0,1.0,2.0,140.33,0,0.0,Low Risk
50699,0,2.0,Computer,1,16.0,Debit Card,Female,3.0,3,Mobile,4,Married,1,0,14.0,1.0,1.0,1.0,132.91,0,0.03,Low Risk
50700,0,15.0,Phone,1,35.0,Credit Card,Male,2.0,5,Laptop & Accessory,2,Single,5,0,19.0,1.0,1.0,0.0,142.72,0,0.06,Low Risk
50701,0,2.0,Mobile Phone,1,14.0,Credit Card,Male,3.0,4,Laptop & Accessory,2,Divorced,2,1,13.0,0.0,1.0,2.0,150.56,0,0.04,Low Risk
50702,0,11.0,Phone,2,6.0,UPI,Male,3.0,1,Mobile,3,Divorced,2,0,13.0,1.0,5.0,0.0,128.44,0,0.04,Low Risk
50703,0,4.0,Computer,1,12.0,Debit Card,Male,3.0,4,Mobile,3,Married,2,1,14.0,1.0,1.0,2.0,127.03,0,0.07,Low Risk
50704,1,9.0,Computer,1,14.0,CC,Male,3.0,3,Mobile Phone,3,Single,2,0,12.0,0.0,1.0,0.0,119.03999999999999,1,0.73,High Risk
50705,1,0.0,Mobile Phone,3,15.0,E wallet,Female,3.0,3,Laptop & Accessory,5,Single,1,1,17.0,0.0,1.0,3.0,182.24,1,0.85,High Risk
50706,0,14.0,Phone,1,18.0,Debit Card,Male,2.0,3,Mobile Phone,2,Divorced,4,1,11.0,1.0,1.0,0.0,147.66,0,0.01,Low Risk
50707,1,0.0,Computer,1,14.0,CC,Male,3.0,3,Mobile,3,Divorced,2,0,12.0,2.0,2.0,2.0,126.1,1,0.87,High Risk
50708,0,10.0,Mobile Phone,1,31.0,Credit Card,Female,2.0,4,Laptop & Accessory,2,Married,8,0,13.0,0.0,1.0,3.0,157.31,0,0.0,Low Risk
50709,0,0.0,Phone,1,14.0,Debit Card,Male,2.0,4,Mobile,3,Divorced,2,0,13.0,2.0,2.0,2.0,125.38999999999999,0,0.05,Low Risk
50710,0,7.0,Mobile Phone,3,15.0,Debit Card,Female,3.0,3,Laptop & Accessory,3,Divorced,2,0,20.0,1.0,1.0,3.0,157.14,0,0.0,Low Risk
50711,0,8.0,Phone,2,14.0,COD,Male,3.0,3,Mobile Phone,3,Single,2,0,17.0,0.0,1.0,4.0,143.23,0,0.06,Low Risk
50712,1,0.0,Mobile Phone,3,29.0,Debit Card,Female,2.0,4,Fashion,5,Divorced,2,0,13.0,0.0,3.0,10.0,173.36,1,0.95,High Risk
50713,0,13.0,Computer,1,15.0,Credit Card,Female,2.0,3,Fashion,3,Single,10,0,17.0,0.0,2.0,13.0,234.99,0,0.0,Low Risk
50714,1,5.0,Computer,3,18.0,Debit Card,Male,2.0,3,Grocery,5,Single,1,1,12.0,7.0,2.0,14.0,237.57999999999998,1,0.82,High Risk
50715,0,15.0,Mobile Phone,3,10.0,E wallet,Male,2.0,3,Laptop & Accessory,5,Single,8,0,13.0,1.0,1.0,5.0,151.55,0,0.0,Low Risk
50716,0,9.0,Phone,1,6.0,CC,Male,2.0,4,Mobile,3,Divorced,7,0,12.0,1.0,1.0,7.0,122.58000000000001,0,0.04,Low Risk
50717,0,0.0,Phone,1,30.0,Credit Card,Male,2.0,3,Mobile Phone,4,Single,9,0,22.0,1.0,1.0,2.0,135.97,0,0.18,Low Risk
50718,1,0.0,Phone,1,14.0,Debit Card,Female,3.0,3,Mobile,2,Divorced,2,1,11.0,1.0,1.0,0.0,125.15,1,0.8,High Risk
50719,0,0.0,Phone,1,9.0,Credit Card,Male,2.0,1,Mobile Phone,2,Divorced,2,0,22.0,1.0,1.0,7.0,144.2,0,0.05,Low Risk
50720,0,3.0,Mobile Phone,3,16.0,E wallet,Male,3.0,4,Laptop & Accessory,3,Divorced,2,0,18.0,1.0,1.0,4.0,165.78,0,0.0,Low Risk
50721,0,13.0,Computer,1,32.0,Credit Card,Female,3.0,4,Laptop & Accessory,2,Divorced,4,1,13.0,1.0,1.0,0.0,144.22,0,0.04,Low Risk
50722,0,8.0,Mobile Phone,1,8.0,Debit Card,Male,2.0,4,Fashion,4,Married,3,0,18.0,6.0,6.0,4.0,202.74,0,0.0,Low Risk
50723,0,7.0,Computer,1,6.0,Credit Card,Male,3.0,4,Laptop & Accessory,5,Single,1,0,20.0,1.0,4.0,9.0,153.43,0,0.0,Low Risk
50724,0,8.0,Computer,1,14.0,UPI,Male,2.0,4,Mobile,2,Divorced,2,0,13.0,2.0,2.0,2.0,123.75999999999999,0,0.0,Low Risk
50725,1,6.0,Mobile Phone,3,15.0,E wallet,Female,2.0,5,Laptop & Accessory,3,Single,9,0,13.0,1.0,1.0,3.0,153.46,1,0.51,Medium Risk
50726,0,5.0,Computer,3,8.0,Debit Card,Female,3.0,3,Mobile,5,Married,2,0,12.0,0.0,1.0,0.0,128.27,0,0.05,Low Risk
50727,0,29.0,Mobile Phone,1,10.0,Cash on Delivery,Female,3.0,3,Others,5,Married,5,0,15.0,0.0,4.0,2.0,299.43,0,0.0,Low Risk
50728,0,2.0,Phone,1,12.0,CC,Female,3.0,3,Mobile,2,Divorced,2,0,13.0,0.0,1.0,8.0,131.31,0,0.0,Low Risk
50729,0,0.0,Phone,1,14.0,Debit Card,Male,2.0,3,Mobile,5,Single,2,0,25.0,0.0,1.0,0.0,125.52000000000001,0,0.18,Low Risk
50730,0,18.0,Phone,1,13.0,Credit Card,Female,2.0,3,Mobile Phone,3,Divorced,5,1,19.0,1.0,1.0,2.0,144.77,0,0.0,Low Risk
50731,0,10.0,Mobile Phone,1,6.0,Debit Card,Female,2.0,4,Laptop & Accessory,2,Divorced,2,0,13.0,3.0,3.0,11.0,164.74,0,0.0,Low Risk
50732,0,0.0,Phone,1,9.0,Debit Card,Male,3.0,4,Mobile,3,Single,2,0,12.0,0.0,1.0,2.0,130.33,0,0.01,Low Risk
50733,1,7.0,Phone,1,16.0,Debit Card,Male,3.0,3,Mobile,3,Single,2,1,11.0,1.0,1.0,2.0,129.36,1,0.68,Medium Risk
50734,0,26.0,Mobile Phone,1,13.0,Credit Card,Female,2.0,3,Others,3,Married,4,0,18.0,1.0,4.0,7.0,286.06,0,0.0,Low Risk
50735,0,9.0,Phone,1,21.0,Debit Card,Female,3.0,5,Mobile,2,Divorced,1,1,18.0,1.0,1.0,3.0,121.68,0,0.04,Low Risk
50736,1,0.0,Computer,1,9.0,Debit Card,Male,3.0,4,Mobile,2,Divorced,1,1,11.0,0.0,1.0,0.0,128.53,1,0.94,High Risk
50737,0,19.0,Mobile Phone,3,8.0,E wallet,Female,3.0,3,Grocery,5,Divorced,9,0,23.0,1.0,15.0,9.0,270.48,0,0.0,Low Risk
50738,0,9.0,Computer,1,23.0,Debit Card,Male,3.0,5,Mobile,3,Single,3,0,13.0,1.0,1.0,0.0,122.9,0,0.18,Low Risk
50739,0,6.0,Phone,2,8.0,UPI,Male,2.0,3,Mobile Phone,3,Divorced,2,0,13.0,0.0,1.0,4.0,136.0,0,0.01,Low Risk
50740,1,9.0,Computer,1,11.0,Debit Card,Male,3.0,4,Mobile,5,Married,7,0,17.0,1.0,1.0,0.0,121.07,1,0.91,High Risk
50741,0,3.0,Phone,3,35.0,Debit Card,Male,3.0,3,Laptop & Accessory,5,Married,9,0,19.0,1.0,1.0,3.0,141.15,0,0.01,Low Risk
50742,0,13.0,Computer,3,8.0,Credit Card,Male,3.0,3,Laptop & Accessory,4,Divorced,6,0,12.0,1.0,1.0,0.0,143.27,0,0.04,Low Risk
50743,0,23.0,Computer,1,8.0,Credit Card,Female,1.0,3,Grocery,5,Divorced,3,0,22.0,1.0,2.0,2.0,278.56,0,0.01,Low Risk
50744,0,1.0,Phone,1,25.0,CC,Male,3.0,4,Mobile,5,Divorced,2,0,12.0,1.0,3.0,3.0,131.96,0,0.23,Low Risk
50745,0,19.0,Mobile Phone,1,21.0,Debit Card,Male,2.0,3,Others,4,Divorced,6,0,11.0,1.0,1.0,3.0,290.81,0,0.0,Low Risk
50746,0,8.0,Mobile Phone,3,23.0,Debit Card,Male,3.0,3,Laptop & Accessory,5,Divorced,4,1,15.0,1.0,1.0,7.0,189.66,0,0.02,Low Risk
50747,1,9.0,Phone,1,23.0,Debit Card,Female,3.0,3,Mobile,4,Divorced,2,0,13.0,0.0,1.0,0.0,122.1,1,0.85,High Risk
50748,0,6.0,Computer,3,31.0,Credit Card,Female,2.0,3,Laptop & Accessory,3,Divorced,2,0,12.0,0.0,1.0,1.0,145.39,0,0.03,Low Risk
50749,0,9.0,Phone,1,12.0,Debit Card,Male,3.0,5,Mobile,3,Married,2,0,14.0,0.0,1.0,7.0,127.41,0,0.0,Low Risk
50750,0,3.0,Phone,1,13.0,Debit Card,Male,2.0,3,Laptop & Accessory,3,Married,2,0,13.0,8.0,8.0,9.0,134.91,0,0.14,Low Risk
50751,0,17.0,Phone,1,35.0,UPI,Male,2.0,3,Laptop & Accessory,2,Single,2,0,25.0,1.0,1.0,17.0,145.41,0,0.0,Low Risk
50752,0,0.0,Phone,3,27.0,E wallet,Male,3.0,1,Mobile,2,Single,2,0,17.0,0.0,2.0,2.0,126.78,0,0.08,Low Risk
50753,0,19.0,Mobile Phone,1,8.0,COD,Male,2.0,3,Laptop & Accessory,2,Married,3,0,11.0,1.0,1.0,4.0,173.79,0,0.03,Low Risk
50754,0,15.0,Computer,2,8.0,Credit Card,Male,3.0,1,Laptop & Accessory,5,Divorced,8,0,16.0,0.0,1.0,3.0,162.72,0,0.0,Low Risk
50755,0,30.0,Mobile Phone,3,13.0,E wallet,Male,2.0,1,Laptop & Accessory,2,Married,1,1,18.0,0.0,1.0,9.0,152.2,0,0.02,Low Risk
50756,0,5.0,Computer,1,19.0,UPI,Female,3.0,4,Mobile,4,Divorced,2,0,20.0,0.0,2.0,2.0,127.43,0,0.01,Low Risk
50757,0,5.0,Computer,1,8.0,Debit Card,Female,2.0,3,Laptop & Accessory,3,Single,5,1,14.0,1.0,1.0,7.0,149.98,0,0.03,Low Risk
50758,0,9.0,Mobile Phone,1,6.0,Cash on Delivery,Female,3.0,5,Fashion,5,Married,3,1,21.0,5.0,7.0,7.0,202.52,0,0.05,Low Risk
50759,0,6.0,Phone,1,15.0,CC,Male,3.0,3,Mobile,2,Divorced,1,0,13.0,1.0,4.0,10.0,127.81,0,0.0,Low Risk
50760,0,13.0,Mobile Phone,3,16.0,COD,Female,2.0,4,Laptop & Accessory,4,Married,8,0,12.0,1.0,1.0,3.0,168.52,0,0.02,Low Risk
50761,0,0.0,Phone,3,16.0,Debit Card,Male,2.0,3,Laptop & Accessory,2,Single,1,0,14.0,0.0,1.0,1.0,149.5,0,0.05,Low Risk
50762,0,3.0,Phone,1,6.0,Credit Card,Male,3.0,3,Mobile Phone,4,Divorced,1,1,21.0,1.0,5.0,7.0,135.79,0,0.04,Low Risk
50763,0,15.0,Computer,1,32.0,Credit Card,Female,2.0,3,Fashion,5,Divorced,4,1,17.0,0.0,2.0,0.0,231.91000000000003,0,0.01,Low Risk
50764,0,8.0,Computer,3,14.0,E wallet,Female,3.0,4,Fashion,2,Divorced,5,1,11.0,2.0,4.0,12.0,203.77,0,0.01,Low Risk
50765,0,9.0,Phone,1,20.0,Debit Card,Male,2.0,3,Mobile,5,Divorced,2,1,14.0,2.0,6.0,8.0,122.35,0,0.4,Medium Risk
50766,0,27.0,Computer,1,6.0,Debit Card,Female,2.0,3,Fashion,3,Married,8,0,17.0,1.0,1.0,4.0,205.02,0,0.04,Low Risk
50767,0,9.0,Mobile Phone,1,8.0,Debit Card,Female,3.0,1,Mobile,2,Divorced,2,0,13.0,6.0,7.0,7.0,120.11000000000001,0,0.04,Low Risk
50768,1,9.0,Computer,1,16.0,CC,Female,3.0,4,Mobile Phone,4,Single,2,1,25.0,1.0,1.0,0.0,118.59,1,0.88,High Risk
50769,0,2.0,Phone,1,6.0,Debit Card,Female,3.0,3,Mobile Phone,2,Married,2,0,15.0,0.0,1.0,2.0,137.6,0,0.0,Low Risk
50770,0,27.0,Mobile Phone,1,9.0,Debit Card,Male,2.0,3,Grocery,2,Divorced,4,0,14.0,1.0,1.0,9.0,277.79,0,0.0,Low Risk
50771,0,4.0,Mobile Phone,1,17.0,Credit Card,Male,3.0,3,Laptop & Accessory,5,Divorced,2,1,12.0,0.0,1.0,1.0,168.33,0,0.03,Low Risk
50772,0,4.0,Mobile Phone,1,30.0,Credit Card,Female,3.0,4,Laptop & Accessory,5,Single,2,0,19.0,0.0,1.0,8.0,168.12,0,0.01,Low Risk
50773,0,30.0,Mobile Phone,3,9.0,Debit Card,Female,2.0,4,Laptop & Accessory,2,Single,6,0,17.0,0.0,1.0,5.0,151.71,0,0.04,Low Risk
50774,0,16.0,Mobile Phone,1,9.0,Debit Card,Male,3.0,5,Others,2,Divorced,4,0,15.0,1.0,1.0,7.0,297.4,0,0.02,Low Risk
50775,0,22.0,Mobile Phone,1,10.0,Credit Card,Male,2.0,4,Others,3,Divorced,3,0,13.0,1.0,1.0,0.0,287.11,0,0.0,Low Risk
50776,0,9.0,Computer,1,9.0,COD,Male,2.0,3,Mobile Phone,4,Divorced,2,0,12.0,1.0,1.0,7.0,136.92,0,0.01,Low Risk
50777,0,21.0,Phone,1,14.0,COD,Male,3.0,1,Mobile,4,Single,6,0,11.0,0.0,1.0,0.0,125.59,0,0.07,Low Risk
50778,0,0.0,Phone,1,14.0,Debit Card,Male,3.0,3,Mobile,3,Married,2,0,11.0,1.0,1.0,3.0,125.16999999999999,0,0.02,Low Risk
50779,0,2.0,Mobile Phone,1,13.0,Debit Card,Male,2.0,3,Laptop & Accessory,2,Married,2,1,11.0,0.0,1.0,0.0,166.23,0,0.01,Low Risk
50780,0,21.0,Mobile Phone,1,6.0,Debit Card,Male,3.0,4,Others,2,Single,7,0,12.0,1.0,1.0,0.0,282.65,0,0.0,Low Risk
50781,0,2.0,Mobile Phone,1,6.0,Debit Card,Female,2.0,4,Grocery,2,Married,4,0,14.0,1.0,1.0,7.0,261.24,0,0.03,Low Risk
50782,0,7.0,Phone,1,14.0,COD,Female,2.0,1,Mobile,3,Divorced,1,0,17.0,1.0,1.0,0.0,125.85,0,0.0,Low Risk
50783,0,17.0,Mobile Phone,3,11.0,E wallet,Male,2.0,3,Others,4,Divorced,8,0,11.0,1.0,3.0,10.0,282.13,0,0.02,Low Risk
50784,0,6.0,Mobile Phone,3,16.0,E wallet,Male,2.0,1,Fashion,3,Married,1,1,14.0,1.0,1.0,8.0,183.8,0,0.0,Low Risk
50785,0,0.0,Phone,1,31.0,Debit Card,Female,3.0,1,Mobile,2,Single,2,1,12.0,1.0,1.0,1.0,129.94,0,0.15,Low Risk
50786,0,9.0,Mobile Phone,1,6.0,Debit Card,Male,2.0,3,Mobile Phone,3,Divorced,2,0,22.0,0.0,1.0,1.0,112.22999999999999,0,0.09,Low Risk
50787,1,0.0,Computer,3,30.0,Debit Card,Male,3.0,5,Mobile Phone,2,Single,2,1,14.0,1.0,1.0,0.0,111.18,1,1.0,High Risk
50788,0,0.0,Phone,1,10.0,Debit Card,Male,3.0,3,Mobile,2,Single,2,1,20.0,0.0,2.0,2.0,128.75,0,0.13,Low Risk
50789,1,8.0,Mobile Phone,3,8.0,E wallet,Female,3.0,5,Others,4,Single,3,1,16.0,1.0,1.0,11.0,288.24,1,0.93,High Risk
50790,0,28.0,Computer,1,14.0,Credit Card,Male,2.0,4,Grocery,4,Married,2,1,15.0,3.0,2.0,0.0,235.76999999999998,0,0.01,Low Risk
50791,1,0.0,Computer,1,14.0,Debit Card,Female,2.0,4,Mobile,3,Single,2,0,20.0,2.0,2.0,2.0,126.25,1,0.88,High Risk
50792,0,19.0,Mobile Phone,3,10.0,E wallet,Female,2.0,4,Others,4,Divorced,3,0,14.0,1.0,1.0,8.0,287.89,0,0.02,Low Risk
50793,0,7.0,Phone,3,8.0,E wallet,Female,2.0,3,Laptop & Accessory,5,Single,1,1,12.0,1.0,1.0,2.0,145.38,0,0.04,Low Risk
50794,0,24.0,Computer,3,15.0,Debit Card,Male,2.0,3,Others,4,Married,5,1,15.0,2.0,11.0,10.0,298.47,0,0.02,Low Risk
50795,0,30.0,Mobile Phone,1,24.0,Credit Card,Male,3.0,3,Fashion,2,Single,7,0,12.0,1.0,5.0,4.0,205.12,0,0.01,Low Risk
50796,0,7.0,Computer,1,25.0,Credit Card,Female,2.0,3,Laptop & Accessory,4,Married,5,0,13.0,3.0,5.0,10.0,144.44,0,0.0,Low Risk
50797,0,9.0,Computer,1,6.0,CC,Male,2.0,3,Mobile,3,Single,1,1,11.0,0.0,1.0,2.0,121.53999999999999,0,0.12,Low Risk
50798,0,17.0,Mobile Phone,1,10.0,Debit Card,Male,3.0,1,Others,5,Married,2,0,14.0,1.0,14.0,13.0,291.9,0,0.0,Low Risk
50799,0,7.0,Computer,2,17.0,Debit Card,Male,2.0,4,Laptop & Accessory,4,Divorced,5,0,11.0,0.0,1.0,8.0,144.9,0,0.01,Low Risk
50800,0,8.0,Phone,1,12.0,Debit Card,Male,3.0,3,Mobile,3,Divorced,1,1,14.0,1.0,2.0,2.0,135.06,0,0.02,Low Risk
50801,0,15.0,Phone,1,14.0,CC,Female,3.0,1,Laptop & Accessory,4,Divorced,7,1,16.0,0.0,1.0,0.0,123.72,0,0.04,Low Risk
50802,0,16.0,Mobile Phone,3,10.0,E wallet,Female,2.0,4,Fashion,2,Single,4,0,14.0,10.0,15.0,17.0,202.31,0,0.02,Low Risk
50803,0,9.0,Mobile Phone,1,8.0,Debit Card,Female,2.0,3,Laptop & Accessory,4,Single,10,1,11.0,4.0,5.0,12.0,154.1,0,0.03,Low Risk
50804,1,7.0,Mobile Phone,1,21.0,Credit Card,Female,3.0,3,Fashion,2,Divorced,2,0,11.0,0.0,1.0,5.0,179.78,1,0.84,High Risk
50805,0,1.0,Computer,1,8.0,Debit Card,Male,2.0,4,Mobile Phone,2,Divorced,2,1,12.0,2.0,2.0,2.0,138.67,0,0.18,Low Risk
50806,0,24.0,Computer,1,12.0,CC,Female,3.0,4,Mobile,3,Single,1,0,14.0,7.0,7.0,7.0,128.38,0,0.03,Low Risk
50807,0,3.0,Computer,1,15.0,Credit Card,Female,3.0,3,Laptop & Accessory,3,Single,8,1,18.0,1.0,1.0,7.0,146.95,0,0.0,Low Risk
50808,1,0.0,Phone,1,13.0,COD,Female,2.0,3,Mobile,3,Married,4,1,13.0,1.0,7.0,7.0,133.39,1,0.85,High Risk
50809,0,9.0,Phone,1,6.0,Cash on Delivery,Male,2.0,3,Mobile,5,Single,3,0,11.0,0.0,1.0,2.0,120.80000000000001,0,0.11,Low Risk
50810,0,9.0,Phone,1,6.0,CC,Female,2.0,3,Mobile,4,Single,2,0,18.0,1.0,2.0,1.0,120.96000000000001,0,0.04,Low Risk
50811,0,5.0,Mobile Phone,3,14.0,Credit Card,Male,2.0,1,Laptop & Accessory,2,Divorced,2,0,15.0,0.0,1.0,8.0,162.09,0,0.01,Low Risk
50812,0,18.0,Computer,1,31.0,Credit Card,Female,2.0,3,Others,4,Single,4,0,22.0,1.0,1.0,0.0,280.61,0,0.03,Low Risk
50813,0,12.0,Mobile Phone,1,19.0,Credit Card,Female,3.0,4,Grocery,4,Married,7,1,13.0,1.0,15.0,2.0,271.23,0,0.02,Low Risk
50814,0,30.0,Phone,1,14.0,Debit Card,Male,2.0,3,Mobile,3,Married,2,0,12.0,2.0,2.0,2.0,123.72,0,0.0,Low Risk
50815,1,0.0,Phone,1,13.0,Debit Card,Male,3.0,3,Laptop & Accessory,3,Divorced,2,0,18.0,1.0,1.0,1.0,148.83,1,0.67,Medium Risk
50816,1,2.0,Phone,1,29.0,Credit Card,Male,3.0,3,Mobile Phone,5,Single,1,0,13.0,0.0,1.0,3.0,139.04,1,0.85,High Risk
50817,0,3.0,Phone,1,12.0,COD,Female,2.0,4,Laptop & Accessory,2,Divorced,1,0,12.0,5.0,6.0,7.0,146.27,0,0.05,Low Risk
50818,0,9.0,Mobile Phone,1,16.0,COD,Female,3.0,3,Fashion,3,Divorced,4,0,12.0,0.0,1.0,7.0,170.94,0,0.02,Low Risk
50819,0,19.0,Phone,2,6.0,Debit Card,Female,2.0,3,Mobile,5,Single,7,0,12.0,3.0,5.0,7.0,134.23,0,0.01,Low Risk
50820,0,1.0,Computer,1,6.0,Debit Card,Female,2.0,5,Laptop & Accessory,2,Divorced,1,0,11.0,7.0,7.0,5.0,166.74,0,0.14,Low Risk
50821,0,23.0,Mobile Phone,1,34.0,Debit Card,Female,2.0,3,Grocery,5,Divorced,5,1,11.0,1.0,1.0,2.0,268.8,0,0.02,Low Risk
50822,1,3.0,Mobile Phone,3,31.0,E wallet,Male,2.0,4,Fashion,4,Single,3,1,12.0,0.0,1.0,0.0,190.94,1,0.97,High Risk
50823,1,15.0,Mobile Phone,3,11.0,Debit Card,Male,3.0,3,Fashion,4,Single,10,1,19.0,5.0,7.0,7.0,184.46,1,0.87,High Risk
50824,0,3.0,Mobile Phone,1,23.0,Credit Card,Female,3.0,3,Fashion,5,Divorced,2,1,23.0,0.0,1.0,3.0,219.16000000000003,0,0.0,Low Risk
50825,0,12.0,Phone,1,24.0,Debit Card,Male,2.0,3,Laptop & Accessory,3,Single,1,0,11.0,0.0,1.0,7.0,145.34,0,0.0,Low Risk
50826,0,4.0,Computer,3,8.0,Debit Card,Female,2.0,3,Fashion,3,Married,2,1,19.0,3.0,9.0,6.0,198.52,0,0.03,Low Risk
50827,0,14.0,Computer,3,16.0,Credit Card,Male,2.0,5,Laptop & Accessory,4,Single,2,0,13.0,3.0,11.0,9.0,161.51,0,0.03,Low Risk
50828,1,9.0,Computer,3,6.0,Debit Card,Female,2.0,3,Mobile,4,Single,2,1,11.0,1.0,2.0,2.0,123.02000000000001,1,0.95,High Risk
50829,1,7.0,Phone,1,14.0,Debit Card,Male,2.0,3,Mobile,5,Divorced,5,0,12.0,1.0,1.0,2.0,123.62,1,0.88,High Risk
50830,0,15.0,Computer,1,8.0,Debit Card,Male,2.0,3,Grocery,3,Divorced,1,1,13.0,1.0,2.0,10.0,278.61,0,0.0,Low Risk
50831,0,28.0,Mobile Phone,1,8.0,Credit Card,Female,2.0,5,Others,3,Divorced,5,0,14.0,1.0,9.0,11.0,291.87,0,0.0,Low Risk
50832,0,29.0,Mobile Phone,2,14.0,Debit Card,Male,2.0,3,Others,4,Single,7,0,15.0,1.0,7.0,7.0,297.17,0,0.0,Low Risk
50833,0,13.0,Computer,1,22.0,Debit Card,Male,3.0,3,Mobile,3,Married,10,0,16.0,1.0,1.0,0.0,135.44,0,0.07,Low Risk
50834,0,7.0,Mobile Phone,1,15.0,Debit Card,Male,2.0,3,Fashion,2,Married,1,0,11.0,1.0,1.0,6.0,185.0,0,0.03,Low Risk
50835,0,13.0,Phone,1,8.0,Debit Card,Male,3.0,3,Laptop & Accessory,2,Single,2,0,13.0,3.0,8.0,8.0,146.61,0,0.02,Low Risk
50836,0,14.0,Computer,3,6.0,E wallet,Female,3.0,3,Laptop & Accessory,5,Married,1,0,17.0,0.0,1.0,7.0,141.03,0,0.0,Low Risk
50837,0,8.0,Computer,1,10.0,Debit Card,Male,2.0,3,Laptop & Accessory,3,Single,2,1,11.0,1.0,1.0,1.0,142.49,0,0.18,Low Risk
50838,0,24.0,Mobile Phone,2,11.0,Debit Card,Male,2.0,3,Grocery,4,Married,2,1,11.0,1.0,2.0,10.0,240.26,0,0.0,Low Risk
50839,0,11.0,Mobile Phone,3,8.0,Debit Card,Female,2.0,3,Laptop & Accessory,5,Married,4,0,15.0,0.0,1.0,7.0,168.93,0,0.0,Low Risk
50840,0,7.0,Mobile Phone,3,21.0,Credit Card,Female,3.0,3,Laptop & Accessory,5,Single,2,0,12.0,1.0,9.0,6.0,161.25,0,0.0,Low Risk
50841,0,0.0,Phone,1,25.0,Credit Card,Male,3.0,3,Mobile Phone,2,Divorced,4,0,11.0,1.0,1.0,2.0,136.69,0,0.06,Low Risk
50842,1,20.0,Mobile Phone,1,13.0,Credit Card,Female,2.0,4,Fashion,5,Divorced,8,1,14.0,4.0,5.0,9.0,200.08,1,0.78,High Risk
50843,0,13.0,Phone,1,14.0,Debit Card,Male,2.0,3,Mobile,4,Divorced,4,0,22.0,1.0,1.0,3.0,123.87,0,0.01,Low Risk
50844,0,9.0,Computer,3,13.0,E wallet,Female,2.0,1,Laptop & Accessory,5,Divorced,3,0,16.0,5.0,6.0,13.0,146.39,0,0.05,Low Risk
50845,0,21.0,Mobile Phone,1,10.0,Debit Card,Male,2.0,3,Fashion,2,Single,2,0,11.0,1.0,1.0,8.0,178.98,0,0.0,Low Risk
50846,0,0.0,Phone,3,14.0,CC,Female,3.0,1,Mobile,2,Divorced,9,0,14.0,1.0,1.0,0.0,125.34,0,0.04,Low Risk
50847,0,24.0,Mobile Phone,1,17.0,Cash on Delivery,Female,2.0,4,Grocery,4,Single,4,0,16.0,0.0,1.0,3.0,231.42000000000002,0,0.02,Low Risk
50848,0,9.0,Computer,1,6.0,Debit Card,Female,3.0,3,Mobile Phone,2,Single,2,0,15.0,1.0,1.0,0.0,116.11000000000001,0,0.06,Low Risk
50849,0,8.0,Mobile Phone,1,6.0,Credit Card,Female,2.0,4,Laptop & Accessory,2,Divorced,1,0,12.0,1.0,1.0,0.0,153.63,0,0.01,Low Risk
50850,0,0.0,Computer,3,8.0,Debit Card,Male,2.0,5,Laptop & Accessory,2,Single,4,0,20.0,1.0,1.0,0.0,150.71,0,0.07,Low Risk
50851,1,18.0,Mobile Phone,3,19.0,E wallet,Male,2.0,1,Grocery,3,Single,7,1,17.0,2.0,2.0,8.0,236.95,1,0.93,High Risk
50852,0,29.0,Mobile Phone,1,29.0,Debit Card,Male,3.0,3,Grocery,4,Divorced,5,1,12.0,11.0,2.0,9.0,234.01999999999998,0,0.03,Low Risk
50853,0,9.0,Computer,1,32.0,Cash on Delivery,Female,3.0,4,Mobile,3,Married,2,0,20.0,1.0,1.0,0.0,120.28999999999999,0,0.04,Low Risk
50854,0,13.0,Mobile Phone,1,8.0,Credit Card,Female,2.0,1,Laptop & Accessory,3,Married,6,0,20.0,5.0,11.0,8.0,163.77,0,0.01,Low Risk
50855,0,7.0,Mobile Phone,1,35.0,Credit Card,Male,2.0,3,Laptop & Accessory,3,Divorced,5,0,13.0,0.0,7.0,7.0,154.29,0,0.0,Low Risk
50856,1,0.0,Computer,3,8.0,Debit Card,Female,3.0,4,Mobile,2,Single,8,0,14.0,0.0,1.0,0.0,127.85,1,0.91,High Risk
50857,1,0.0,Computer,3,24.0,E wallet,Female,3.0,3,Laptop & Accessory,3,Divorced,1,1,18.0,3.0,3.0,2.0,146.14,1,0.91,High Risk
50858,0,11.0,Computer,1,14.0,Debit Card,Male,2.0,1,Mobile,3,Married,2,0,11.0,0.0,1.0,3.0,126.1,0,0.0,Low Risk
50859,0,7.0,Mobile Phone,1,8.0,COD,Female,3.0,3,Laptop & Accessory,2,Single,2,0,11.0,1.0,4.0,11.0,166.87,0,0.0,Low Risk
50860,0,1.0,Phone,3,32.0,Debit Card,Male,2.0,4,Laptop & Accessory,5,Divorced,2,0,11.0,1.0,1.0,4.0,147.24,0,0.04,Low Risk
50861,1,0.0,Mobile Phone,1,28.0,Credit Card,Male,3.0,3,Laptop & Accessory,3,Divorced,2,1,15.0,3.0,6.0,7.0,161.79,1,0.69,Medium Risk
50862,0,12.0,Mobile Phone,3,27.0,Debit Card,Male,2.0,4,Laptop & Accessory,2,Divorced,4,1,12.0,0.0,1.0,4.0,161.2,0,0.01,Low Risk
50863,0,24.0,Computer,3,8.0,E wallet,Male,2.0,3,Fashion,4,Divorced,3,0,11.0,0.0,3.0,2.0,205.96,0,0.01,Low Risk
50864,0,14.0,Computer,1,28.0,Debit Card,Female,3.0,3,Laptop & Accessory,2,Married,4,1,14.0,0.0,3.0,3.0,154.67,0,0.01,Low Risk
50865,0,10.0,Phone,1,10.0,Debit Card,Male,3.0,3,Mobile,3,Divorced,8,1,15.0,1.0,1.0,3.0,129.96,0,0.2,Low Risk
50866,0,6.0,Computer,3,11.0,Debit Card,Male,3.0,3,Laptop & Accessory,2,Divorced,7,0,13.0,1.0,1.0,2.0,199.98,0,0.02,Low Risk
50867,0,5.0,Phone,3,8.0,E wallet,Male,2.0,3,Laptop & Accessory,4,Divorced,1,1,13.0,0.0,1.0,2.0,140.78,0,0.0,Low Risk
50868,0,12.0,Computer,1,31.0,Debit Card,Male,3.0,3,Fashion,3,Divorced,4,0,21.0,0.0,1.0,5.0,209.2,0,0.01,Low Risk
50869,0,0.0,Mobile Phone,3,24.0,Debit Card,Male,3.0,1,Laptop & Accessory,3,Divorced,3,0,11.0,0.0,1.0,2.0,162.32,0,0.17,Low Risk
50870,0,25.0,Computer,1,34.0,Credit Card,Female,2.0,1,Grocery,3,Divorced,3,1,11.0,0.0,2.0,2.0,232.47000000000003,0,0.0,Low Risk
50871,0,16.0,Phone,1,12.0,Credit Card,Female,3.0,4,Laptop & Accessory,3,Single,2,1,14.0,1.0,1.0,8.0,140.81,0,0.0,Low Risk
50872,0,0.0,Mobile Phone,3,16.0,E wallet,Female,3.0,4,Laptop & Accessory,2,Divorced,2,1,11.0,2.0,4.0,4.0,157.69,0,0.06,Low Risk
50873,1,0.0,Phone,1,14.0,Debit Card,Female,2.0,3,Mobile,3,Single,2,1,13.0,3.0,7.0,7.0,123.94,1,0.92,High Risk
50874,0,0.0,Phone,1,8.0,Credit Card,Male,2.0,4,Mobile Phone,2,Single,1,0,12.0,0.0,1.0,1.0,139.04,0,0.05,Low Risk
50875,0,15.0,Mobile Phone,2,16.0,UPI,Female,2.0,3,Grocery,5,Divorced,1,0,14.0,1.0,1.0,9.0,267.99,0,0.0,Low Risk
50876,0,25.0,Phone,1,14.0,UPI,Female,3.0,3,Mobile,5,Divorced,10,0,13.0,1.0,1.0,4.0,129.5,0,0.02,Low Risk
50877,0,10.0,Phone,1,17.0,Credit Card,Female,3.0,3,Mobile Phone,3,Single,5,0,18.0,0.0,1.0,2.0,136.29,0,0.02,Low Risk
50878,0,8.0,Computer,1,24.0,Debit Card,Male,2.0,3,Fashion,2,Single,3,0,11.0,0.0,2.0,2.0,193.62,0,0.05,Low Risk
50879,0,0.0,Phone,1,6.0,COD,Male,2.0,3,Mobile,2,Divorced,5,0,11.0,1.0,1.0,2.0,132.29,0,0.14,Low Risk
50880,0,0.0,Phone,1,13.0,UPI,Male,3.0,1,Mobile Phone,5,Single,1,0,12.0,1.0,1.0,7.0,135.78,0,0.11,Low Risk
50881,0,2.0,Mobile Phone,2,23.0,UPI,Male,2.0,4,Fashion,5,Single,2,0,13.0,0.0,1.0,9.0,179.88,0,0.04,Low Risk
50882,1,0.0,Computer,1,34.0,Debit Card,Male,3.0,4,Laptop & Accessory,5,Single,4,0,20.0,0.0,1.0,3.0,142.84,1,0.84,High Risk
50883,1,0.0,Computer,1,20.0,UPI,Female,2.0,3,Fashion,2,Single,1,1,12.0,2.0,7.0,7.0,175.53,1,0.91,High Risk
50884,0,27.0,Mobile Phone,1,6.0,Credit Card,Female,2.0,3,Grocery,2,Single,7,0,19.0,1.0,12.0,7.0,273.28,0,0.0,Low Risk
50885,0,30.0,Mobile Phone,1,6.0,Credit Card,Female,3.0,3,Others,5,Divorced,4,1,15.0,1.0,1.0,5.0,297.01,0,0.03,Low Risk
50886,0,28.0,Mobile Phone,1,6.0,Credit Card,Male,2.0,1,Grocery,2,Married,3,0,13.0,1.0,2.0,0.0,247.32,0,0.0,Low Risk
50887,0,9.0,Mobile Phone,3,9.0,E wallet,Female,2.0,3,Laptop & Accessory,4,Single,4,1,16.0,0.0,1.0,1.0,192.78,0,0.07,Low Risk
50888,1,9.0,Computer,3,6.0,Debit Card,Female,2.0,5,Mobile Phone,3,Single,2,0,12.0,1.0,1.0,0.0,113.59,1,0.72,High Risk
50889,0,3.0,Phone,3,13.0,E wallet,Female,3.0,3,Laptop & Accessory,5,Married,8,0,14.0,1.0,1.0,2.0,147.79,0,0.0,Low Risk
50890,0,4.0,Mobile Phone,1,14.0,Debit Card,Female,3.0,3,Grocery,4,Single,4,0,11.0,1.0,1.0,0.0,264.22,0,0.01,Low Risk
50891,0,7.0,Computer,1,6.0,UPI,Male,3.0,3,Mobile,5,Married,6,0,14.0,1.0,1.0,3.0,129.96,0,0.01,Low Risk
50892,1,9.0,Mobile Phone,1,14.0,Debit Card,Female,2.0,4,Mobile Phone,4,Single,2,0,12.0,0.0,1.0,0.0,112.61000000000001,1,0.94,High Risk
50893,0,9.0,Phone,1,17.0,Debit Card,Male,3.0,3,Mobile,5,Divorced,1,0,14.0,1.0,1.0,4.0,120.99000000000001,0,0.02,Low Risk
50894,0,9.0,Mobile Phone,1,10.0,Debit Card,Male,2.0,4,Laptop & Accessory,2,Single,2,0,16.0,1.0,1.0,8.0,158.1,0,0.0,Low Risk
50895,0,9.0,Mobile Phone,3,22.0,E wallet,Female,3.0,4,Laptop & Accessory,5,Divorced,5,0,13.0,1.0,1.0,2.0,156.47,0,0.01,Low Risk
50896,0,20.0,Phone,1,6.0,COD,Male,3.0,3,Mobile,2,Divorced,8,0,12.0,1.0,1.0,2.0,134.2,0,0.03,Low Risk
50897,1,0.0,Phone,3,15.0,Debit Card,Male,3.0,4,Mobile Phone,5,Divorced,4,0,12.0,1.0,2.0,2.0,144.0,1,0.9,High Risk
50898,0,10.0,Computer,1,11.0,COD,Male,2.0,1,Mobile,3,Single,1,0,14.0,1.0,1.0,3.0,135.0,0,0.01,Low Risk
50899,0,9.0,Phone,1,6.0,Debit Card,Female,2.0,3,Mobile,5,Divorced,3,0,22.0,1.0,1.0,0.0,120.66,0,0.12,Low Risk
50900,0,20.0,Mobile Phone,1,8.0,Credit Card,Female,2.0,3,Grocery,3,Divorced,4,0,19.0,1.0,5.0,6.0,271.69,0,0.0,Low Risk
50901,0,0.0,Phone,3,10.0,Credit Card,Female,2.0,3,Laptop & Accessory,3,Divorced,2,1,12.0,1.0,1.0,3.0,141.62,0,0.18,Low Risk
50902,0,5.0,Mobile Phone,3,13.0,E wallet,Male,3.0,3,Laptop & Accessory,2,Divorced,5,0,12.0,1.0,1.0,3.0,192.04,0,0.0,Low Risk
50903,0,7.0,Phone,1,6.0,Debit Card,Female,2.0,4,Mobile,4,Divorced,6,0,17.0,1.0,1.0,2.0,132.94,0,0.0,Low Risk
50904,0,9.0,Phone,1,11.0,CC,Male,2.0,1,Mobile,3,Divorced,3,1,12.0,1.0,1.0,3.0,121.27000000000001,0,0.12,Low Risk
50905,0,13.0,Computer,1,15.0,UPI,Male,2.0,3,Laptop & Accessory,3,Married,4,0,11.0,1.0,1.0,7.0,139.75,0,0.02,Low Risk
50906,0,4.0,Mobile Phone,3,14.0,Debit Card,Male,2.0,3,Fashion,2,Married,2,0,18.0,2.0,9.0,9.0,207.93,0,0.04,Low Risk
50907,1,9.0,Mobile Phone,3,15.0,E wallet,Male,2.0,3,Fashion,1,Married,5,0,11.0,0.0,4.0,3.0,200.96,1,0.82,High Risk
50908,1,2.0,Computer,1,8.0,Debit Card,Female,2.0,4,Mobile Phone,5,Single,3,1,23.0,0.0,1.0,0.0,136.46,1,0.92,High Risk
50909,1,0.0,Computer,1,6.0,Debit Card,Female,3.0,1,Fashion,4,Single,2,0,11.0,3.0,4.0,7.0,174.46,1,0.98,High Risk
50910,0,18.0,Mobile Phone,1,26.0,Credit Card,Male,3.0,5,Fashion,5,Married,3,1,18.0,0.0,1.0,7.0,208.51,0,0.0,Low Risk
50911,0,9.0,Phone,2,14.0,CC,Female,3.0,1,Mobile,4,Single,10,0,18.0,0.0,1.0,2.0,121.09,0,0.03,Low Risk
50912,1,0.0,Computer,1,8.0,Debit Card,Male,3.0,3,Mobile Phone,1,Divorced,7,1,13.0,2.0,2.0,2.0,137.22,1,0.89,High Risk
50913,0,18.0,Mobile Phone,1,35.0,Cash on Delivery,Male,2.0,3,Fashion,1,Divorced,5,1,18.0,1.0,1.0,2.0,193.8,0,0.02,Low Risk
50914,0,21.0,Mobile Phone,3,13.0,E wallet,Male,3.0,3,Laptop & Accessory,5,Married,5,0,11.0,1.0,2.0,2.0,154.86,0,0.0,Low Risk
50915,1,0.0,Phone,2,15.0,COD,Female,3.0,3,Mobile,3,Divorced,2,0,15.0,1.0,2.0,2.0,127.41999999999999,1,0.9,High Risk
50916,0,13.0,Computer,1,14.0,Credit Card,Male,2.0,4,Fashion,4,Married,3,0,11.0,1.0,2.0,8.0,237.57,0,0.0,Low Risk
50917,0,1.0,Mobile Phone,3,11.0,Credit Card,Male,2.0,3,Laptop & Accessory,5,Single,1,0,18.0,1.0,1.0,3.0,184.63,0,0.03,Low Risk
50918,0,17.0,Computer,1,11.0,Debit Card,Male,3.0,4,Mobile,3,Single,4,0,14.0,0.0,1.0,3.0,131.62,0,0.01,Low Risk
50919,0,26.0,Mobile Phone,1,8.0,Credit Card,Male,2.0,1,Grocery,4,Single,5,0,12.0,1.0,8.0,8.0,265.98,0,0.01,Low Risk
50920,0,22.0,Mobile Phone,1,11.0,COD,Male,3.0,3,Laptop & Accessory,3,Divorced,3,0,14.0,0.0,1.0,2.0,166.51,0,0.0,Low Risk
50921,0,13.0,Phone,1,14.0,CC,Male,3.0,3,Mobile,3,Married,3,0,14.0,0.0,1.0,2.0,123.44999999999999,0,0.01,Low Risk
50922,0,17.0,Phone,1,26.0,Debit Card,Male,2.0,3,Mobile,4,Single,2,0,13.0,1.0,1.0,3.0,134.2,0,0.01,Low Risk
50923,0,6.0,Computer,3,13.0,Credit Card,Male,2.0,3,Laptop & Accessory,5,Divorced,1,0,14.0,0.0,1.0,3.0,143.73,0,0.02,Low Risk
50924,0,7.0,Phone,3,9.0,UPI,Male,2.0,5,Laptop & Accessory,5,Single,4,0,18.0,2.0,3.0,12.0,147.59,0,0.01,Low Risk
50925,0,3.0,Mobile Phone,3,22.0,Debit Card,Male,3.0,3,Laptop & Accessory,3,Divorced,9,0,15.0,0.0,2.0,2.0,153.01,0,0.02,Low Risk
50926,0,15.0,Computer,1,15.0,Credit Card,Female,3.0,3,Mobile Phone,1,Single,2,0,13.0,4.0,5.0,8.0,136.73,0,0.01,Low Risk
50927,0,17.0,Computer,3,6.0,E wallet,Female,3.0,3,Laptop & Accessory,3,Divorced,8,0,12.0,1.0,1.0,0.0,147.68,0,0.04,Low Risk
50928,0,9.0,Computer,1,13.0,Cash on Delivery,Male,3.0,3,Mobile Phone,3,Married,2,0,13.0,0.0,1.0,0.0,112.74000000000001,0,0.07,Low Risk
50929,0,50.0,Phone,1,6.0,Debit Card,Male,3.0,1,Laptop & Accessory,3,Divorced,1,0,24.0,1.0,2.0,8.0,149.0,0,0.0,Low Risk
50930,0,22.0,Mobile Phone,1,13.0,Debit Card,Male,2.0,3,Fashion,4,Married,4,0,14.0,0.0,1.0,7.0,204.66,0,0.0,Low Risk
50931,0,7.0,Computer,1,21.0,Credit Card,Male,3.0,3,Grocery,5,Married,8,0,14.0,1.0,6.0,9.0,270.07,0,0.04,Low Risk
50932,1,0.0,Computer,3,6.0,COD,Male,3.0,3,Mobile,3,Divorced,4,0,15.0,1.0,1.0,2.0,129.09,1,0.91,High Risk
50933,1,0.0,Computer,3,19.0,COD,Female,2.0,3,Laptop & Accessory,4,Single,6,0,11.0,0.0,1.0,0.0,157.65,1,0.89,High Risk
50934,1,0.0,Phone,3,30.0,Credit Card,Female,2.0,4,Laptop & Accessory,4,Single,1,1,23.0,2.0,10.0,10.0,145.99,1,0.96,High Risk
50935,0,8.0,Phone,3,14.0,Debit Card,Male,3.0,3,Mobile,3,Divorced,2,0,13.0,1.0,1.0,0.0,124.03999999999999,0,0.04,Low Risk
50936,1,0.0,Computer,1,15.0,CC,Male,2.0,3,Mobile,5,Single,3,1,11.0,0.0,1.0,0.0,131.72,1,0.87,High Risk
50937,0,9.0,Computer,3,19.0,Debit Card,Female,3.0,3,Mobile,4,Divorced,2,0,13.0,0.0,1.0,0.0,120.33000000000001,0,0.14,Low Risk
50938,0,17.0,Computer,1,8.0,Credit Card,Male,2.0,3,Fashion,3,Single,6,1,18.0,0.0,2.0,2.0,202.09,0,0.02,Low Risk
50939,0,2.0,Mobile Phone,3,25.0,Debit Card,Male,3.0,4,Laptop & Accessory,3,Married,2,0,14.0,1.0,1.0,4.0,186.2,0,0.0,Low Risk
50940,0,9.0,Phone,2,6.0,Debit Card,Male,2.0,3,Mobile,3,Married,1,0,21.0,0.0,1.0,3.0,120.63999999999999,0,0.06,Low Risk
50941,0,28.0,Phone,1,10.0,Debit Card,Male,1.0,3,Laptop & Accessory,3,Divorced,1,1,16.0,0.0,1.0,2.0,140.35,0,0.0,Low Risk
50942,0,6.0,Phone,1,10.0,Credit Card,Female,2.0,4,Mobile Phone,4,Divorced,9,0,11.0,0.0,1.0,2.0,138.38,0,0.05,Low Risk
50943,0,20.0,Phone,3,20.0,Credit Card,Female,3.0,3,Laptop & Accessory,3,Divorced,4,1,17.0,1.0,1.0,2.0,145.91,0,0.03,Low Risk
50944,1,0.0,Computer,1,14.0,CC,Male,2.0,4,Mobile,5,Single,8,0,11.0,0.0,1.0,0.0,125.61000000000001,1,0.82,High Risk
50945,0,9.0,Mobile Phone,1,6.0,Debit Card,Male,3.0,4,Mobile Phone,3,Married,2,0,14.0,0.0,1.0,0.0,115.63,0,0.0,Low Risk
50946,0,1.0,Computer,3,13.0,Debit Card,Male,2.0,3,Laptop & Accessory,5,Single,1,0,14.0,1.0,1.0,3.0,148.98,0,0.05,Low Risk
50947,0,22.0,Phone,1,9.0,Credit Card,Female,2.0,4,Laptop & Accessory,5,Divorced,5,0,25.0,1.0,1.0,2.0,147.89,0,0.0,Low Risk
50948,0,2.0,Computer,1,8.0,Debit Card,Female,3.0,3,Mobile,4,Divorced,1,0,13.0,0.0,1.0,2.0,131.8,0,0.0,Low Risk
50949,0,1.0,Mobile Phone,1,35.0,Debit Card,Male,3.0,5,Laptop & Accessory,4,Divorced,2,0,14.0,1.0,1.0,7.0,165.49,0,0.09,Low Risk
50950,0,6.0,Mobile Phone,1,14.0,Debit Card,Male,3.0,3,Laptop & Accessory,3,Single,3,1,17.0,0.0,1.0,0.0,163.88,0,0.04,Low Risk
50951,0,5.0,Mobile Phone,1,16.0,Credit Card,Male,0.0,3,Fashion,1,Single,3,0,25.0,0.0,1.0,3.0,212.44,0,0.02,Low Risk
50952,0,27.0,Computer,1,17.0,Credit Card,Female,2.0,3,Grocery,1,Married,4,0,20.0,1.0,2.0,12.0,260.32,0,0.0,Low Risk
50953,1,0.0,Phone,1,14.0,COD,Male,3.0,4,Mobile,5,Single,7,0,13.0,0.0,1.0,7.0,123.62,1,0.83,High Risk
50954,0,17.0,Mobile Phone,1,34.0,Debit Card,Male,2.0,3,Grocery,5,Divorced,4,0,13.0,1.0,14.0,17.0,263.28,0,0.03,Low Risk
50955,0,12.0,Mobile Phone,1,12.0,Debit Card,Female,2.0,3,Fashion,4,Single,5,0,18.0,0.0,2.0,2.0,183.76,0,0.01,Low Risk
50956,0,19.0,Mobile Phone,3,9.0,Debit Card,Female,2.0,3,Grocery,4,Divorced,9,0,12.0,1.0,5.0,1.0,266.06,0,0.0,Low Risk
50957,0,8.0,Mobile Phone,1,22.0,Debit Card,Female,3.0,4,Fashion,4,Single,2,0,19.0,1.0,3.0,3.0,186.06,0,0.02,Low Risk
50958,0,9.0,Phone,1,26.0,Debit Card,Male,3.0,3,Laptop & Accessory,3,Single,1,0,14.0,1.0,1.0,2.0,122.72,0,0.0,Low Risk
50959,1,9.0,Mobile Phone,1,15.0,Debit Card,Male,2.0,3,Mobile,5,Single,4,0,14.0,1.0,1.0,0.0,120.18,1,0.73,High Risk
50960,0,7.0,Mobile Phone,3,6.0,COD,Male,3.0,4,Fashion,3,Divorced,2,1,14.0,7.0,8.0,6.0,170.83,0,0.11,Low Risk
50961,1,0.0,Computer,1,9.0,Debit Card,Female,2.0,3,Mobile Phone,3,Single,2,0,12.0,6.0,7.0,7.0,140.84,1,0.98,High Risk
50962,0,23.0,Computer,1,28.0,Credit Card,Male,2.0,5,Grocery,1,Single,2,1,13.0,13.0,2.0,9.0,244.11,0,0.02,Low Risk
50963,0,9.0,Phone,3,13.0,COD,Male,2.0,3,Mobile,3,Married,1,1,25.0,0.0,5.0,7.0,123.08000000000001,0,0.08,Low Risk
50964,0,15.0,Phone,1,8.0,Credit Card,Male,3.0,4,Mobile Phone,4,Married,5,0,14.0,1.0,1.0,0.0,148.41,0,0.0,Low Risk
50965,0,10.0,Phone,1,19.0,Credit Card,Male,2.0,3,Laptop & Accessory,1,Married,2,0,17.0,0.0,3.0,7.0,142.85,0,0.02,Low Risk
50966,0,2.0,Mobile Phone,1,14.0,UPI,Female,2.0,5,Laptop & Accessory,5,Married,4,0,13.0,0.0,1.0,7.0,197.15,0,0.0,Low Risk
50967,0,6.0,Phone,1,31.0,Debit Card,Male,2.0,4,Laptop & Accessory,4,Single,2,0,13.0,0.0,1.0,2.0,143.2,0,0.01,Low Risk
50968,0,9.0,Phone,1,34.0,Cash on Delivery,Male,3.0,3,Mobile,1,Married,5,0,20.0,1.0,1.0,3.0,121.32,0,0.01,Low Risk
50969,0,15.0,Computer,1,8.0,Debit Card,Male,2.0,3,Fashion,1,Married,3,1,14.0,12.0,13.0,9.0,201.24,0,0.02,Low Risk
50970,0,13.0,Mobile Phone,3,15.0,Credit Card,Male,2.0,3,Laptop & Accessory,5,Married,1,0,12.0,2.0,7.0,1.0,154.73,0,0.05,Low Risk
50971,0,6.0,Mobile Phone,1,34.0,Debit Card,Male,3.0,3,Laptop & Accessory,3,Married,2,1,12.0,1.0,5.0,7.0,152.07,0,0.0,Low Risk
50972,0,13.0,Mobile Phone,2,12.0,Credit Card,Male,2.0,3,Grocery,1,Single,2,1,21.0,1.0,7.0,7.0,264.37,0,0.01,Low Risk
50973,0,9.0,Phone,1,27.0,COD,Male,2.0,4,Mobile,5,Married,1,0,14.0,0.0,1.0,0.0,122.96000000000001,0,0.06,Low Risk
50974,0,13.0,Computer,1,14.0,Debit Card,Male,3.0,3,Laptop & Accessory,1,Married,4,1,18.0,2.0,2.0,2.0,140.69,0,0.01,Low Risk
50975,0,18.0,Mobile Phone,1,6.0,COD,Male,3.0,3,Fashion,4,Married,2,0,12.0,6.0,7.0,7.0,174.41,0,0.01,Low Risk
50976,0,8.0,Phone,3,14.0,Debit Card,Female,3.0,4,Mobile,3,Married,1,0,23.0,2.0,4.0,2.0,124.30000000000001,0,0.03,Low Risk
50977,0,5.0,Mobile Phone,1,11.0,Debit Card,Female,3.0,4,Laptop & Accessory,4,Married,4,0,12.0,1.0,2.0,5.0,158.78,0,0.0,Low Risk
50978,0,9.0,Phone,3,14.0,Debit Card,Male,3.0,3,Mobile,1,Single,4,1,21.0,0.0,1.0,2.0,126.44,0,0.11,Low Risk
50979,0,21.0,Mobile Phone,3,22.0,Debit Card,Female,3.0,3,Laptop & Accessory,3,Married,9,0,14.0,1.0,7.0,7.0,164.39,0,0.01,Low Risk
50980,0,2.0,Phone,1,14.0,Debit Card,Male,3.0,1,Mobile,3,Married,7,0,18.0,1.0,1.0,0.0,124.50999999999999,0,0.04,Low Risk
50981,0,6.0,Mobile Phone,3,14.0,Debit Card,Male,2.0,3,Laptop & Accessory,5,Married,3,0,13.0,2.0,2.0,2.0,163.92,0,0.0,Low Risk
50982,1,0.0,Mobile Phone,3,6.0,Debit Card,Male,3.0,4,Laptop & Accessory,5,Married,2,0,11.0,3.0,6.0,7.0,197.14,1,0.92,High Risk
50983,0,11.0,Computer,2,16.0,UPI,Male,3.0,3,Laptop & Accessory,3,Married,4,0,11.0,0.0,1.0,2.0,160.77,0,0.01,Low Risk
50984,0,8.0,Phone,1,14.0,CC,Male,3.0,4,Mobile,5,Single,2,0,19.0,0.0,1.0,2.0,124.5,0,0.01,Low Risk
50985,0,3.0,Mobile Phone,3,35.0,COD,Male,2.0,3,Fashion,4,Married,4,0,12.0,0.0,1.0,3.0,192.5,0,0.04,Low Risk
50986,1,9.0,Phone,1,8.0,Debit Card,Female,3.0,3,Mobile,5,Married,2,1,12.0,1.0,1.0,0.0,120.74000000000001,1,0.85,High Risk
50987,1,16.0,Mobile Phone,1,8.0,Cash on Delivery,Female,3.0,4,Fashion,1,Married,1,0,16.0,1.0,1.0,9.0,201.69,1,0.74,High Risk
50988,1,1.0,Phone,1,8.0,Credit Card,Male,2.0,3,Laptop & Accessory,4,Married,5,0,11.0,0.0,1.0,4.0,148.55,1,0.69,Medium Risk
50989,0,5.0,Computer,1,6.0,COD,Male,3.0,3,Laptop & Accessory,5,Married,5,0,14.0,1.0,1.0,2.0,140.87,0,0.01,Low Risk
50990,0,21.0,Phone,1,14.0,UPI,Female,3.0,3,Mobile,5,Married,9,0,12.0,7.0,7.0,6.0,123.66999999999999,0,0.05,Low Risk
50991,0,7.0,Phone,1,13.0,CC,Male,3.0,3,Mobile,1,Single,2,0,13.0,0.0,1.0,0.0,129.72,0,0.02,Low Risk
50992,0,28.0,Mobile Phone,3,32.0,E wallet,Male,2.0,4,Others,1,Married,2,0,15.0,2.0,2.0,13.0,295.86,0,0.0,Low Risk
50993,0,7.0,Mobile Phone,1,6.0,Debit Card,Male,2.0,3,Laptop & Accessory,1,Married,10,0,17.0,1.0,2.0,1.0,154.84,0,0.01,Low Risk
50994,0,9.0,Phone,1,9.0,Debit Card,Female,2.0,3,Mobile,1,Married,2,0,21.0,1.0,1.0,0.0,120.61000000000001,0,0.06,Low Risk
50995,0,11.0,Mobile Phone,3,20.0,Debit Card,Male,3.0,3,Laptop & Accessory,4,Married,1,0,11.0,5.0,7.0,7.0,199.24,0,0.02,Low Risk
50996,0,11.0,Phone,3,22.0,Debit Card,Female,2.0,3,Laptop & Accessory,4,Single,3,0,12.0,0.0,1.0,2.0,141.98,0,0.01,Low Risk
50997,0,9.0,Mobile Phone,3,6.0,Debit Card,Female,3.0,3,Laptop & Accessory,3,Single,7,0,13.0,1.0,1.0,0.0,168.15,0,0.01,Low Risk
50998,0,2.0,Phone,1,9.0,Credit Card,Male,2.0,3,Mobile Phone,5,Single,2,1,18.0,0.0,1.0,5.0,147.23,0,0.03,Low Risk
50999,0,8.0,Mobile Phone,1,16.0,Credit Card,Female,2.0,3,Laptop & Accessory,3,Single,4,1,16.0,1.0,1.0,4.0,161.42,0,0.0,Low Risk
51000,0,12.0,Mobile Phone,3,12.0,Credit Card,Male,2.0,1,Fashion,3,Married,3,0,11.0,4.0,7.0,6.0,182.37,0,0.02,Low Risk
51001,0,2.0,Computer,1,8.0,Debit Card,Male,2.0,3,Laptop & Accessory,1,Married,2,0,19.0,0.0,1.0,3.0,188.53,0,0.0,Low Risk
51002,0,23.0,Mobile Phone,3,5.0,E wallet,Male,2.0,3,Others,3,Married,5,1,15.0,0.0,1.0,0.0,293.31,0,0.04,Low Risk
51003,0,9.0,Phone,1,16.0,Cash on Delivery,Male,2.0,1,Mobile,3,Married,3,0,16.0,2.0,2.0,2.0,120.72999999999999,0,0.0,Low Risk
51004,0,9.0,Computer,1,12.0,Debit Card,Male,3.0,1,Laptop & Accessory,5,Married,4,1,13.0,1.0,1.0,2.0,155.62,0,0.0,Low Risk
51005,0,15.0,Mobile Phone,1,15.0,UPI,Male,3.0,4,Others,1,Single,9,0,15.0,1.0,1.0,1.0,296.13,0,0.02,Low Risk
51006,0,8.0,Phone,1,34.0,Debit Card,Male,2.0,1,Laptop & Accessory,3,Married,2,0,17.0,5.0,6.0,8.0,134.07,0,0.0,Low Risk
51007,0,7.0,Computer,1,16.0,COD,Male,3.0,4,Laptop & Accessory,3,Married,2,0,14.0,2.0,7.0,7.0,150.63,0,0.0,Low Risk
51008,0,13.0,Phone,3,20.0,Debit Card,Female,2.0,3,Laptop & Accessory,5,Married,2,0,15.0,0.0,1.0,2.0,146.39,0,0.0,Low Risk
51009,0,16.0,Phone,1,33.0,COD,Male,2.0,1,Mobile Phone,4,Married,6,0,12.0,1.0,1.0,2.0,148.76,0,0.01,Low Risk
51010,0,8.0,Phone,1,13.0,Debit Card,Male,3.0,4,Mobile,1,Married,2,0,18.0,1.0,1.0,1.0,126.9,0,0.01,Low Risk
51011,0,19.0,Mobile Phone,3,6.0,Debit Card,Male,2.0,1,Grocery,5,Single,2,0,15.0,1.0,1.0,12.0,275.67,0,0.03,Low Risk
51012,1,0.0,Phone,1,14.0,CC,Male,2.0,3,Mobile,4,Married,2,1,17.0,0.0,1.0,0.0,124.08000000000001,1,0.95,High Risk
51013,0,0.0,Computer,1,32.0,UPI,Female,3.0,4,Mobile,3,Married,2,1,14.0,0.0,1.0,3.0,128.14,0,0.22,Low Risk
51014,0,23.0,Computer,1,26.0,Credit Card,Male,2.0,3,Grocery,3,Married,3,1,15.0,3.0,12.0,3.0,212.45,0,0.04,Low Risk
51015,0,5.0,Phone,1,11.0,UPI,Female,2.0,1,Mobile,1,Married,4,0,17.0,1.0,1.0,2.0,133.12,0,0.0,Low Risk
51016,0,17.0,Mobile Phone,1,13.0,Credit Card,Female,2.0,3,Others,1,Married,1,1,14.0,1.0,1.0,10.0,290.49,0,0.01,Low Risk
51017,0,9.0,Phone,1,13.0,CC,Male,2.0,4,Mobile,4,Married,2,0,12.0,0.0,1.0,1.0,121.41,0,0.02,Low Risk
51018,0,18.0,Mobile Phone,1,11.0,Credit Card,Female,2.0,5,Laptop & Accessory,5,Single,2,1,14.0,1.0,1.0,4.0,157.69,0,0.01,Low Risk
51019,0,18.0,Computer,3,32.0,E wallet,Male,2.0,4,Laptop & Accessory,5,Married,2,0,15.0,0.0,4.0,5.0,143.85,0,0.03,Low Risk
51020,0,4.0,Computer,3,8.0,UPI,Male,2.0,3,Laptop & Accessory,5,Single,8,0,13.0,0.0,1.0,3.0,153.32,0,0.03,Low Risk
51021,0,9.0,Phone,1,18.0,Debit Card,Female,3.0,3,Laptop & Accessory,3,Married,10,1,12.0,0.0,1.0,1.0,146.63,0,0.02,Low Risk
51022,0,7.0,Computer,1,16.0,Debit Card,Male,2.0,1,Laptop & Accessory,1,Married,2,0,13.0,5.0,7.0,2.0,147.24,0,0.01,Low Risk
51023,0,22.0,Phone,1,31.0,Debit Card,Female,2.0,3,Mobile,5,Married,2,0,14.0,0.0,1.0,4.0,132.11,0,0.01,Low Risk
51024,0,12.0,Mobile Phone,1,16.0,Credit Card,Male,3.0,3,Laptop & Accessory,5,Married,3,0,13.0,4.0,7.0,7.0,153.77,0,0.0,Low Risk
51025,0,0.0,Phone,1,25.0,UPI,Male,3.0,4,Mobile Phone,5,Married,2,0,11.0,0.0,1.0,7.0,140.66,0,0.03,Low Risk
51026,0,8.0,Mobile Phone,1,24.0,Debit Card,Male,2.0,1,Laptop & Accessory,5,Married,2,0,11.0,0.0,1.0,10.0,152.08,0,0.0,Low Risk
51027,0,1.0,Mobile Phone,1,33.0,Credit Card,Female,2.0,5,Laptop & Accessory,5,Married,1,0,21.0,1.0,1.0,0.0,0.0,0,0.11,Low Risk
51028,0,0.0,Phone,1,11.0,CC,Male,3.0,3,Mobile,1,Single,2,0,18.0,1.0,2.0,2.0,131.17,0,0.04,Low Risk
51029,1,9.0,Computer,3,9.0,Credit Card,Female,3.0,3,Mobile Phone,1,Single,2,1,12.0,0.0,1.0,0.0,115.69,1,0.92,High Risk
51030,0,20.0,Mobile Phone,2,32.0,Debit Card,Female,3.0,3,Others,3,Married,4,0,15.0,1.0,1.0,0.0,296.58,0,0.0,Low Risk
51031,0,12.0,Phone,1,9.0,CC,Male,3.0,4,Laptop & Accessory,3,Married,1,0,15.0,0.0,1.0,7.0,130.69,0,0.02,Low Risk
51032,0,13.0,Mobile Phone,1,21.0,Debit Card,Female,3.0,4,Fashion,3,Married,2,0,13.0,1.0,14.0,12.0,204.35,0,0.02,Low Risk
51033,0,8.0,Computer,1,14.0,Debit Card,Female,2.0,3,Laptop & Accessory,3,Married,2,0,12.0,2.0,2.0,9.0,141.48,0,0.0,Low Risk
51034,0,10.0,Mobile Phone,1,25.0,Debit Card,Male,2.0,3,Laptop & Accessory,3,Married,4,0,17.0,0.0,1.0,2.0,157.68,0,0.0,Low Risk
51035,0,12.0,Computer,1,10.0,Credit Card,Female,2.0,3,Laptop & Accessory,3,Single,1,0,13.0,3.0,3.0,8.0,150.42,0,0.0,Low Risk
51036,0,18.0,Mobile Phone,1,8.0,UPI,Female,2.0,4,Laptop & Accessory,1,Married,2,0,19.0,2.0,3.0,9.0,157.7,0,0.0,Low Risk
51037,0,11.0,Mobile Phone,1,8.0,Credit Card,Female,2.0,4,Fashion,3,Married,4,1,19.0,1.0,1.0,2.0,177.56,0,0.01,Low Risk
51038,1,0.0,Mobile Phone,3,16.0,Credit Card,Male,2.0,4,Fashion,5,Married,10,0,17.0,4.0,6.0,0.0,203.06,1,0.89,High Risk
51039,0,10.0,Phone,1,16.0,Credit Card,Female,3.0,3,Mobile Phone,4,Married,2,0,11.0,1.0,7.0,7.0,139.36,0,0.02,Low Risk
51040,0,13.0,Mobile Phone,1,22.0,Debit Card,Female,2.0,3,Fashion,1,Single,7,1,15.0,1.0,3.0,3.0,179.45,0,0.02,Low Risk
51041,0,17.0,Computer,2,6.0,UPI,Male,2.0,3,Laptop & Accessory,1,Married,5,1,11.0,1.0,1.0,2.0,157.43,0,0.01,Low Risk
51042,0,21.0,Computer,1,10.0,Credit Card,Male,2.0,4,Grocery,1,Married,3,0,25.0,2.0,2.0,2.0,252.01999999999998,0,0.02,Low Risk
51043,1,0.0,Mobile Phone,3,21.0,Credit Card,Male,2.0,5,Laptop & Accessory,1,Married,7,1,14.0,1.0,2.0,2.0,154.4,1,0.7,High Risk
51044,0,0.0,Computer,1,8.0,COD,Female,2.0,3,Mobile Phone,1,Single,2,1,13.0,1.0,1.0,3.0,137.6,0,0.11,Low Risk
51045,0,0.0,Phone,1,14.0,Credit Card,Female,2.0,1,Mobile,3,Married,8,0,17.0,0.0,1.0,2.0,135.17,0,0.13,Low Risk
51046,0,0.0,Computer,1,14.0,CC,Male,2.0,3,Mobile,1,Single,3,0,13.0,0.0,1.0,2.0,125.80000000000001,0,0.05,Low Risk
51047,1,9.0,Phone,1,13.0,Debit Card,Male,3.0,3,Mobile,5,Single,4,1,14.0,0.0,1.0,3.0,121.66,1,0.95,High Risk
51048,0,2.0,Mobile Phone,3,16.0,Credit Card,Male,2.0,4,Laptop & Accessory,3,Single,10,0,11.0,1.0,1.0,4.0,158.69,0,0.08,Low Risk
51049,0,9.0,Mobile Phone,1,11.0,Debit Card,Female,2.0,3,Fashion,5,Married,5,0,12.0,1.0,1.0,2.0,180.08,0,0.02,Low Risk
51050,0,0.0,Computer,1,8.0,Debit Card,Male,3.0,1,Laptop & Accessory,3,Married,2,0,17.0,0.0,1.0,7.0,152.06,0,0.0,Low Risk
51051,0,12.0,Mobile Phone,1,18.0,Credit Card,Male,3.0,3,Laptop & Accessory,4,Married,5,0,21.0,1.0,1.0,0.0,152.95,0,0.0,Low Risk
51052,0,22.0,Mobile Phone,1,28.0,UPI,Female,3.0,3,Grocery,4,Married,4,0,16.0,1.0,1.0,2.0,264.13,0,0.0,Low Risk
51053,0,23.0,Mobile Phone,1,23.0,Debit Card,Female,2.0,4,Fashion,5,Married,6,0,15.0,1.0,2.0,11.0,232.69,0,0.0,Low Risk
51054,0,0.0,Phone,3,8.0,CC,Female,3.0,3,Mobile,3,Single,2,0,19.0,0.0,2.0,2.0,127.83000000000001,0,0.03,Low Risk
51055,0,7.0,Mobile Phone,1,9.0,Debit Card,Female,3.0,3,Laptop & Accessory,4,Married,2,0,12.0,7.0,7.0,9.0,154.33,0,0.03,Low Risk
51056,0,9.0,Mobile Phone,1,13.0,Debit Card,Male,3.0,3,Mobile,4,Single,3,0,11.0,0.0,1.0,3.0,120.13,0,0.15,Low Risk
51057,0,22.0,Mobile Phone,1,12.0,Debit Card,Female,2.0,4,Grocery,3,Married,3,1,19.0,1.0,2.0,12.0,239.66000000000003,0,0.0,Low Risk
51058,0,9.0,Computer,1,6.0,Credit Card,Female,2.0,4,Laptop & Accessory,3,Married,1,0,15.0,1.0,1.0,2.0,143.74,0,0.0,Low Risk
51059,0,9.0,Mobile Phone,1,9.0,Debit Card,Male,3.0,1,Laptop & Accessory,5,Married,7,0,20.0,1.0,1.0,4.0,168.42,0,0.0,Low Risk
51060,0,27.0,Mobile Phone,1,28.0,Credit Card,Female,3.0,3,Grocery,3,Married,4,0,25.0,1.0,4.0,7.0,274.26,0,0.0,Low Risk
51061,0,16.0,Mobile Phone,1,21.0,Debit Card,Male,3.0,4,Grocery,3,Married,2,0,24.0,1.0,6.0,11.0,276.03,0,0.0,Low Risk
51062,1,0.0,Computer,3,18.0,UPI,Male,2.0,3,Laptop & Accessory,1,Single,4,1,24.0,3.0,6.0,7.0,145.81,1,0.98,High Risk
51063,0,11.0,Computer,1,6.0,Debit Card,Male,2.0,3,Laptop & Accessory,1,Married,8,0,15.0,2.0,2.0,9.0,147.35,0,0.0,Low Risk
51064,0,2.0,Phone,3,11.0,Credit Card,Male,2.0,4,Laptop & Accessory,4,Married,2,1,13.0,0.0,1.0,9.0,141.87,0,0.01,Low Risk
51065,0,6.0,Mobile Phone,3,8.0,Credit Card,Male,3.0,3,Laptop & Accessory,1,Married,2,0,14.0,1.0,1.0,4.0,155.05,0,0.0,Low Risk
51066,0,5.0,Mobile Phone,1,8.0,Credit Card,Male,2.0,3,Laptop & Accessory,4,Married,1,0,13.0,0.0,1.0,6.0,154.7,0,0.0,Low Risk
51067,0,4.0,Mobile Phone,3,11.0,Debit Card,Female,3.0,3,Laptop & Accessory,1,Married,2,0,11.0,0.0,1.0,2.0,154.76,0,0.0,Low Risk
51068,0,22.0,Phone,1,14.0,CC,Female,3.0,3,Mobile,5,Married,5,1,16.0,1.0,2.0,2.0,125.87,0,0.13,Low Risk
51069,0,11.0,Computer,1,14.0,CC,Female,2.0,4,Mobile,4,Single,2,0,22.0,1.0,3.0,3.0,124.4,0,0.02,Low Risk
51070,0,20.0,Mobile Phone,3,8.0,Debit Card,Female,2.0,1,Grocery,4,Married,7,0,14.0,0.0,2.0,2.0,259.72,0,0.0,Low Risk
51071,0,22.0,Mobile Phone,1,6.0,Debit Card,Male,2.0,3,Grocery,3,Single,5,0,14.0,1.0,2.0,0.0,253.79000000000002,0,0.0,Low Risk
51072,0,14.0,Mobile Phone,3,29.0,Debit Card,Male,3.0,3,Fashion,3,Single,4,1,16.0,0.0,1.0,2.0,170.82,0,0.17,Low Risk
51073,0,0.0,Phone,3,15.0,Debit Card,Male,3.0,3,Mobile,5,Single,2,0,11.0,0.0,1.0,2.0,127.28,0,0.05,Low Risk
51074,0,6.0,Computer,3,22.0,Debit Card,Female,2.0,3,Laptop & Accessory,1,Married,2,1,25.0,0.0,1.0,2.0,153.68,0,0.03,Low Risk
51075,0,9.0,Mobile Phone,1,32.0,Debit Card,Male,3.0,3,Laptop & Accessory,3,Married,7,0,14.0,1.0,1.0,2.0,153.47,0,0.0,Low Risk
51076,0,17.0,Phone,2,6.0,Debit Card,Female,2.0,3,Mobile,1,Married,5,1,18.0,2.0,2.0,2.0,131.95,0,0.02,Low Risk
51077,1,0.0,Phone,1,14.0,Credit Card,Male,3.0,4,Mobile Phone,3,Single,2,1,11.0,1.0,1.0,2.0,139.89,1,0.98,High Risk
51078,0,11.0,Phone,1,10.0,CC,Female,2.0,3,Mobile,3,Married,8,0,19.0,0.0,1.0,0.0,133.06,0,0.0,Low Risk
51079,0,26.0,Mobile Phone,1,30.0,Credit Card,Male,2.0,1,Fashion,1,Married,4,0,15.0,0.0,1.0,2.0,170.05,0,0.03,Low Risk
51080,1,11.0,Computer,3,14.0,CC,Female,3.0,3,Mobile,3,Married,3,1,11.0,4.0,7.0,7.0,126.55000000000001,1,0.77,High Risk
51081,1,9.0,Mobile Phone,1,8.0,Debit Card,Male,3.0,3,Mobile Phone,4,Single,2,0,12.0,1.0,1.0,0.0,113.93,1,0.91,High Risk
51082,0,0.0,Computer,1,14.0,CC,Male,3.0,3,Mobile,1,Single,2,0,20.0,5.0,5.0,7.0,125.69999999999999,0,0.08,Low Risk
51083,0,28.0,Phone,1,28.0,COD,Male,3.0,4,Mobile,4,Married,6,0,12.0,1.0,1.0,2.0,135.37,0,0.02,Low Risk
51084,0,7.0,Phone,1,11.0,Credit Card,Male,2.0,4,Laptop & Accessory,1,Married,2,0,14.0,4.0,4.0,13.0,139.86,0,0.01,Low Risk
51085,0,30.0,Mobile Phone,1,6.0,Credit Card,Male,3.0,5,Fashion,1,Married,4,0,20.0,0.0,1.0,0.0,208.82999999999998,0,0.0,Low Risk
51086,0,9.0,Phone,1,27.0,CC,Male,3.0,1,Mobile,4,Married,2,0,18.0,2.0,2.0,13.0,120.28,0,0.02,Low Risk
51087,0,10.0,Computer,3,6.0,Credit Card,Male,2.0,5,Laptop & Accessory,1,Married,2,0,14.0,0.0,1.0,3.0,195.25,0,0.01,Low Risk
51088,0,7.0,Phone,1,25.0,Debit Card,Female,3.0,4,Mobile,1,Married,2,0,12.0,3.0,8.0,7.0,129.29,0,0.02,Low Risk
51089,1,9.0,Phone,3,13.0,Debit Card,Male,2.0,3,Mobile,1,Married,2,1,21.0,1.0,1.0,2.0,122.75,1,0.83,High Risk
51090,0,17.0,Mobile Phone,1,8.0,Debit Card,Female,3.0,1,Fashion,1,Married,2,1,19.0,6.0,6.0,7.0,178.79,0,0.01,Low Risk
51091,0,8.0,Computer,1,8.0,Credit Card,Male,3.0,4,Mobile Phone,1,Single,1,1,14.0,1.0,1.0,4.0,149.3,0,0.01,Low Risk
51092,0,16.0,Mobile Phone,3,8.0,Credit Card,Male,3.0,3,Laptop & Accessory,1,Married,2,1,17.0,0.0,8.0,8.0,178.47,0,0.0,Low Risk
51093,0,0.0,Phone,1,15.0,Credit Card,Male,3.0,1,Mobile Phone,3,Married,2,0,16.0,0.0,1.0,4.0,144.01,0,0.01,Low Risk
51094,0,14.0,Mobile Phone,3,12.0,E wallet,Male,2.0,3,Fashion,3,Single,2,0,12.0,6.0,8.0,7.0,192.41,0,0.09,Low Risk
51095,0,2.0,Phone,1,15.0,CC,Female,3.0,3,Mobile,3,Married,10,0,17.0,1.0,1.0,2.0,129.74,0,0.08,Low Risk
51096,0,9.0,Phone,3,8.0,Debit Card,Female,2.0,3,Laptop & Accessory,1,Single,4,0,15.0,3.0,6.0,7.0,145.02,0,0.02,Low Risk
51097,0,18.0,Computer,1,6.0,Debit Card,Male,3.0,4,Fashion,3,Married,4,0,23.0,3.0,14.0,4.0,207.48000000000002,0,0.0,Low Risk
51098,1,9.0,Mobile Phone,2,28.0,UPI,Male,2.0,5,Mobile Phone,3,Married,2,0,11.0,0.0,1.0,0.0,115.55000000000001,1,0.92,High Risk
51099,1,10.0,Computer,3,15.0,Debit Card,Male,2.0,5,Grocery,3,Married,8,0,11.0,1.0,14.0,3.0,229.36,1,0.73,High Risk
51100,0,9.0,Phone,1,23.0,CC,Male,3.0,5,Mobile,3,Married,2,0,15.0,0.0,1.0,2.0,123.05000000000001,0,0.03,Low Risk
51101,0,18.0,Mobile Phone,1,34.0,Cash on Delivery,Female,2.0,4,Grocery,4,Single,2,0,11.0,1.0,8.0,6.0,267.04,0,0.03,Low Risk
51102,0,5.0,Computer,1,16.0,Debit Card,Male,2.0,3,Mobile,3,Married,7,0,13.0,0.0,1.0,3.0,134.33,0,0.02,Low Risk
51103,0,4.0,Phone,1,8.0,Debit Card,Male,3.0,3,Mobile,3,Married,2,0,14.0,0.0,1.0,3.0,134.77,0,0.0,Low Risk
51104,0,14.0,Computer,2,10.0,UPI,Male,2.0,5,Laptop & Accessory,4,Married,7,0,19.0,0.0,1.0,2.0,164.3,0,0.01,Low Risk
51105,0,13.0,Mobile Phone,1,14.0,Debit Card,Female,3.0,3,Laptop & Accessory,5,Married,3,1,16.0,0.0,1.0,0.0,165.16,0,0.01,Low Risk
51106,0,0.0,Phone,1,35.0,Credit Card,Male,3.0,3,Mobile Phone,5,Married,2,0,13.0,1.0,1.0,2.0,139.07,0,0.08,Low Risk
51107,0,19.0,Mobile Phone,1,19.0,Debit Card,Male,2.0,3,Laptop & Accessory,4,Single,7,0,14.0,1.0,1.0,9.0,155.62,0,0.01,Low Risk
51108,0,8.0,Mobile Phone,1,33.0,Debit Card,Male,2.0,3,Laptop & Accessory,3,Married,3,0,16.0,0.0,1.0,7.0,168.83,0,0.0,Low Risk
51109,0,3.0,Phone,1,22.0,Debit Card,Male,3.0,3,Mobile,1,Married,2,0,12.0,0.0,1.0,8.0,128.62,0,0.01,Low Risk
51110,0,20.0,Computer,3,8.0,E wallet,Male,2.0,3,Laptop & Accessory,4,Married,8,0,11.0,0.0,1.0,0.0,149.78,0,0.04,Low Risk
51111,0,19.0,Mobile Phone,3,8.0,Debit Card,Male,3.0,3,Fashion,1,Married,5,1,12.0,0.0,1.0,3.0,203.68,0,0.0,Low Risk
51112,1,0.0,Mobile Phone,3,19.0,E wallet,Male,3.0,4,Laptop & Accessory,5,Married,6,1,13.0,2.0,2.0,2.0,161.34,1,0.89,High Risk
51113,1,0.0,Mobile Phone,3,6.0,Debit Card,Male,2.0,5,Laptop & Accessory,4,Single,7,0,15.0,0.0,1.0,0.0,167.35,1,0.87,High Risk
51114,0,0.0,Phone,1,10.0,CC,Female,2.0,3,Mobile,4,Single,2,0,13.0,1.0,1.0,2.0,132.95,0,0.11,Low Risk
51115,0,4.0,Computer,1,30.0,COD,Female,1.0,3,Laptop & Accessory,1,Single,3,0,20.0,1.0,1.0,4.0,152.38,0,0.01,Low Risk
51116,0,12.0,Computer,1,6.0,Debit Card,Male,3.0,3,Laptop & Accessory,1,Married,2,1,15.0,3.0,5.0,8.0,164.72,0,0.0,Low Risk
51117,0,5.0,Mobile Phone,3,25.0,Debit Card,Male,3.0,5,Fashion,3,Married,4,0,13.0,1.0,1.0,2.0,196.1,0,0.0,Low Risk
51118,0,13.0,Mobile Phone,3,13.0,Credit Card,Male,2.0,3,Others,4,Single,2,0,15.0,1.0,12.0,8.0,298.33,0,0.0,Low Risk
51119,0,18.0,Mobile Phone,2,10.0,Debit Card,Female,2.0,5,Fashion,3,Married,5,0,21.0,1.0,1.0,3.0,197.56,0,0.0,Low Risk
51120,0,3.0,Computer,1,8.0,COD,Female,3.0,4,Mobile Phone,5,Single,1,0,16.0,0.0,1.0,7.0,149.68,0,0.0,Low Risk
51121,0,9.0,Computer,2,16.0,CC,Male,2.0,3,Mobile,1,Married,1,0,14.0,1.0,2.0,1.0,121.44999999999999,0,0.01,Low Risk
51122,1,9.0,Computer,2,14.0,UPI,Female,3.0,4,Mobile,1,Married,7,0,11.0,1.0,1.0,2.0,121.80000000000001,1,0.9,High Risk
51123,0,4.0,Mobile Phone,3,11.0,COD,Male,2.0,3,Laptop & Accessory,3,Married,2,0,19.0,0.0,1.0,2.0,183.46,0,0.01,Low Risk
51124,0,0.0,Phone,1,14.0,CC,Female,3.0,3,Mobile,1,Single,2,0,11.0,1.0,1.0,4.0,134.45,0,0.19,Low Risk
51125,1,0.0,Phone,3,15.0,E wallet,Female,3.0,5,Mobile,4,Single,2,0,13.0,1.0,2.0,2.0,127.6,1,0.95,High Risk
51126,0,2.0,Computer,1,6.0,Debit Card,Male,3.0,1,Laptop & Accessory,3,Single,9,1,12.0,0.0,1.0,2.0,162.94,0,0.08,Low Risk
51127,0,3.0,Mobile Phone,3,21.0,E wallet,Male,3.0,4,Fashion,5,Married,3,0,11.0,0.0,1.0,7.0,171.4,0,0.0,Low Risk
51128,0,7.0,Phone,1,8.0,CC,Male,3.0,1,Mobile,1,Married,1,1,14.0,0.0,1.0,2.0,129.32,0,0.05,Low Risk
51129,0,6.0,Computer,3,8.0,E wallet,Female,3.0,3,Laptop & Accessory,4,Single,9,0,15.0,0.0,1.0,7.0,151.47,0,0.06,Low Risk
51130,0,22.0,Phone,3,17.0,E wallet,Female,3.0,3,Laptop & Accessory,1,Single,4,0,12.0,0.0,1.0,4.0,145.07,0,0.01,Low Risk
51131,1,0.0,Mobile Phone,3,22.0,Debit Card,Female,3.0,3,Fashion,5,Single,3,1,20.0,0.0,1.0,0.0,185.64,1,0.95,High Risk
51132,0,11.0,Computer,1,14.0,CC,Female,3.0,4,Mobile,4,Married,5,0,14.0,0.0,1.0,5.0,124.68,0,0.01,Low Risk
51133,1,0.0,Mobile Phone,3,22.0,E wallet,Male,3.0,3,Fashion,3,Married,3,0,13.0,1.0,1.0,0.0,181.61,1,0.84,High Risk
51134,0,9.0,Phone,1,10.0,Cash on Delivery,Female,3.0,4,Mobile,5,Married,2,0,13.0,0.0,1.0,0.0,121.09,0,0.04,Low Risk
51135,0,0.0,Mobile Phone,1,22.0,Debit Card,Male,2.0,1,Laptop & Accessory,3,Married,4,0,16.0,1.0,1.0,7.0,152.94,0,0.09,Low Risk
51136,0,5.0,Computer,1,11.0,COD,Male,3.0,3,Mobile,4,Single,3,0,14.0,1.0,1.0,7.0,127.18,0,0.01,Low Risk
51137,0,11.0,Mobile Phone,1,24.0,Credit Card,Male,2.0,5,Laptop & Accessory,1,Married,4,1,16.0,0.0,1.0,0.0,158.11,0,0.0,Low Risk
51138,1,6.0,Computer,1,14.0,COD,Male,2.0,4,Mobile,3,Married,10,1,16.0,1.0,1.0,0.0,124.37,1,0.94,High Risk
51139,0,15.0,Phone,1,18.0,CC,Male,3.0,3,Mobile,4,Married,9,0,22.0,1.0,1.0,4.0,127.66,0,0.0,Low Risk
51140,0,28.0,Mobile Phone,1,8.0,Credit Card,Male,2.0,4,Others,5,Married,9,0,12.0,1.0,1.0,0.0,290.38,0,0.01,Low Risk
51141,0,6.0,Computer,1,10.0,COD,Male,3.0,3,Laptop & Accessory,4,Married,6,0,15.0,0.0,1.0,7.0,130.55,0,0.0,Low Risk
51142,0,9.0,Phone,1,15.0,Debit Card,Male,3.0,3,Mobile,5,Married,2,0,20.0,1.0,1.0,4.0,122.88999999999999,0,0.0,Low Risk
51143,0,7.0,Computer,3,16.0,Debit Card,Male,2.0,3,Laptop & Accessory,3,Married,2,1,14.0,1.0,1.0,7.0,140.01,0,0.02,Low Risk
51144,0,26.0,Computer,1,6.0,Credit Card,Female,2.0,4,Grocery,3,Married,5,1,20.0,0.0,1.0,3.0,229.64999999999998,0,0.0,Low Risk
51145,0,16.0,Phone,2,8.0,Debit Card,Male,3.0,3,Mobile,1,Single,1,0,13.0,0.0,1.0,8.0,135.39,0,0.02,Low Risk
51146,0,7.0,Mobile Phone,3,9.0,Debit Card,Female,2.0,5,Laptop & Accessory,1,Single,6,0,12.0,1.0,2.0,2.0,160.29,0,0.0,Low Risk
51147,1,0.0,Phone,3,13.0,E wallet,Male,3.0,3,Mobile,4,Single,2,0,13.0,1.0,1.0,0.0,126.78999999999999,1,0.84,High Risk
51148,0,11.0,Phone,1,12.0,UPI,Female,2.0,4,Mobile Phone,3,Married,2,0,11.0,0.0,1.0,4.0,137.02,0,0.0,Low Risk
51149,1,0.0,Phone,1,14.0,CC,Female,3.0,3,Mobile,5,Married,2,1,17.0,0.0,1.0,0.0,123.97999999999999,1,0.98,High Risk
51150,0,4.0,Mobile Phone,3,35.0,E wallet,Female,3.0,4,Laptop & Accessory,1,Married,2,0,14.0,2.0,5.0,7.0,154.68,0,0.01,Low Risk
51151,0,24.0,Mobile Phone,1,9.0,Cash on Delivery,Female,2.0,3,Fashion,3,Married,3,0,11.0,2.0,2.0,3.0,231.16000000000003,0,0.01,Low Risk
51152,0,10.0,Phone,3,15.0,E wallet,Male,2.0,4,Laptop & Accessory,4,Married,2,0,14.0,0.0,1.0,3.0,141.89,0,0.0,Low Risk
51153,0,19.0,Mobile Phone,1,8.0,Credit Card,Male,2.0,3,Others,1,Married,8,1,15.0,1.0,2.0,2.0,293.28,0,0.01,Low Risk
51154,0,9.0,Mobile Phone,1,16.0,Debit Card,Male,2.0,3,Fashion,5,Married,8,1,13.0,1.0,5.0,7.0,183.21,0,0.05,Low Risk
51155,1,7.0,Computer,1,14.0,CC,Male,2.0,3,Mobile,4,Married,2,1,12.0,1.0,2.0,3.0,123.41999999999999,1,0.84,High Risk
51156,0,10.0,Phone,2,14.0,UPI,Male,2.0,3,Laptop & Accessory,4,Married,3,0,13.0,4.0,4.0,7.0,140.71,0,0.02,Low Risk
51157,1,0.0,Mobile Phone,3,33.0,Debit Card,Male,2.0,3,Laptop & Accessory,1,Single,2,1,18.0,0.0,7.0,7.0,158.13,1,0.87,High Risk
51158,0,6.0,Phone,1,14.0,Debit Card,Male,3.0,1,Mobile,5,Married,7,0,19.0,6.0,7.0,6.0,131.43,0,0.01,Low Risk
51159,0,9.0,Phone,1,6.0,Debit Card,Male,2.0,3,Mobile,1,Married,2,0,11.0,0.0,1.0,3.0,120.44,0,0.08,Low Risk
51160,0,12.0,Mobile Phone,1,16.0,Credit Card,Male,3.0,3,Fashion,3,Single,8,0,21.0,2.0,2.0,2.0,234.64,0,0.01,Low Risk
51161,0,19.0,Computer,3,32.0,Debit Card,Male,3.0,4,Laptop & Accessory,4,Single,9,0,15.0,2.0,2.0,2.0,179.91,0,0.01,Low Risk
51162,0,13.0,Phone,1,8.0,Debit Card,Female,2.0,3,Mobile,5,Married,5,0,17.0,1.0,1.0,2.0,133.77,0,0.0,Low Risk
51163,0,15.0,Mobile Phone,1,19.0,Credit Card,Male,3.0,1,Laptop & Accessory,5,Married,6,0,18.0,1.0,1.0,0.0,155.38,0,0.0,Low Risk
51164,0,8.0,Computer,1,8.0,Credit Card,Male,2.0,3,Laptop & Accessory,1,Married,3,0,14.0,0.0,1.0,7.0,157.62,0,0.0,Low Risk
51165,0,11.0,Computer,2,14.0,UPI,Male,3.0,3,Mobile,4,Married,6,0,13.0,3.0,3.0,8.0,125.91999999999999,0,0.01,Low Risk
51166,1,0.0,Computer,1,15.0,Debit Card,Male,3.0,3,Laptop & Accessory,5,Married,5,0,17.0,0.0,1.0,7.0,153.46,1,0.97,High Risk
51167,1,0.0,Phone,1,16.0,Credit Card,Male,2.0,3,Laptop & Accessory,5,Single,2,0,15.0,0.0,1.0,8.0,142.13,1,0.89,High Risk
51168,0,12.0,Computer,3,26.0,Debit Card,Male,2.0,3,Laptop & Accessory,1,Married,3,0,18.0,1.0,2.0,2.0,141.27,0,0.0,Low Risk
51169,0,16.0,Computer,1,14.0,Debit Card,Male,2.0,3,Mobile,3,Single,5,0,13.0,0.0,1.0,2.0,124.38,0,0.04,Low Risk
51170,0,14.0,Mobile Phone,1,11.0,Debit Card,Male,2.0,1,Laptop & Accessory,4,Single,4,0,12.0,1.0,1.0,2.0,168.7,0,0.0,Low Risk
51171,0,14.0,Mobile Phone,3,10.0,E wallet,Female,2.0,3,Fashion,3,Married,1,1,13.0,0.0,13.0,5.0,204.47,0,0.05,Low Risk
51172,0,3.0,Mobile Phone,1,16.0,Credit Card,Female,3.0,3,Fashion,3,Single,10,0,14.0,0.0,1.0,2.0,196.67,0,0.03,Low Risk
51173,1,9.0,Phone,2,26.0,CC,Female,3.0,3,Mobile,4,Married,1,1,11.0,0.0,1.0,4.0,121.47999999999999,1,0.74,High Risk
51174,1,9.0,Mobile Phone,1,27.0,Credit Card,Female,3.0,3,Laptop & Accessory,4,Married,5,0,22.0,1.0,3.0,7.0,189.26,1,0.7,High Risk
51175,0,13.0,Mobile Phone,1,6.0,Debit Card,Female,2.0,3,Laptop & Accessory,1,Married,5,0,17.0,0.0,1.0,3.0,165.13,0,0.0,Low Risk
51176,0,7.0,Mobile Phone,3,14.0,COD,Male,3.0,1,Laptop & Accessory,3,Married,2,0,21.0,0.0,4.0,8.0,167.99,0,0.02,Low Risk
51177,0,30.0,Computer,3,8.0,Credit Card,Male,2.0,3,Grocery,4,Married,5,0,22.0,10.0,14.0,14.0,0.0,0,0.05,Low Risk
51178,0,8.0,Phone,1,29.0,CC,Male,3.0,5,Mobile,3,Married,1,0,16.0,1.0,1.0,3.0,127.05000000000001,0,0.01,Low Risk
51179,0,20.0,Mobile Phone,1,10.0,Debit Card,Female,3.0,4,Fashion,4,Married,9,1,12.0,2.0,14.0,10.0,203.33,0,0.03,Low Risk
51180,0,13.0,Phone,1,18.0,Debit Card,Female,2.0,3,Laptop & Accessory,5,Married,3,0,12.0,7.0,7.0,7.0,144.48,0,0.06,Low Risk
51181,0,27.0,Mobile Phone,1,13.0,Credit Card,Female,3.0,3,Laptop & Accessory,1,Married,5,0,15.0,1.0,1.0,7.0,168.54,0,0.0,Low Risk
51182,0,4.0,Computer,3,13.0,E wallet,Female,3.0,3,Fashion,5,Married,3,0,14.0,2.0,2.0,2.0,196.37,0,0.01,Low Risk
51183,0,1.0,Phone,1,6.0,Credit Card,Female,3.0,3,Mobile Phone,5,Married,2,0,25.0,1.0,1.0,2.0,135.91,0,0.01,Low Risk
51184,0,11.0,Mobile Phone,3,8.0,E wallet,Female,3.0,5,Laptop & Accessory,1,Married,3,1,20.0,0.0,1.0,3.0,154.05,0,0.01,Low Risk
51185,0,0.0,Phone,3,16.0,Credit Card,Male,2.0,3,Laptop & Accessory,1,Single,2,0,13.0,0.0,1.0,2.0,146.84,0,0.02,Low Risk
51186,0,30.0,Computer,1,21.0,Debit Card,Male,2.0,3,Grocery,3,Married,3,1,14.0,1.0,2.0,2.0,257.87,0,0.0,Low Risk
51187,0,9.0,Computer,1,20.0,Credit Card,Female,2.0,3,Mobile Phone,3,Single,2,0,16.0,1.0,1.0,0.0,115.13999999999999,0,0.07,Low Risk
51188,1,0.0,Phone,2,24.0,UPI,Male,3.0,1,Mobile,5,Married,1,0,17.0,1.0,1.0,0.0,129.56,1,0.98,High Risk
51189,1,0.0,Phone,2,14.0,UPI,Male,2.0,4,Mobile,5,Married,5,1,15.0,1.0,2.0,0.0,123.35,1,0.99,High Risk
51190,0,18.0,Computer,3,8.0,Debit Card,Female,3.0,3,Laptop & Accessory,3,Married,5,0,22.0,3.0,5.0,7.0,151.54,0,0.01,Low Risk
51191,0,9.0,Mobile Phone,1,8.0,UPI,Female,3.0,3,Laptop & Accessory,4,Married,5,1,22.0,0.0,1.0,0.0,169.62,0,0.01,Low Risk
51192,0,16.0,Computer,3,8.0,Debit Card,Male,3.0,3,Laptop & Accessory,1,Married,2,0,20.0,5.0,7.0,7.0,156.75,0,0.0,Low Risk
51193,0,0.0,Computer,1,14.0,Debit Card,Female,2.0,3,Mobile,1,Single,1,1,14.0,1.0,1.0,2.0,123.78999999999999,0,0.1,Low Risk
51194,0,2.0,Computer,1,26.0,Credit Card,Male,2.0,3,Mobile Phone,1,Married,2,0,13.0,1.0,3.0,10.0,138.12,0,0.0,Low Risk
51195,0,5.0,Computer,3,16.0,E wallet,Male,3.0,3,Laptop & Accessory,1,Single,9,0,13.0,1.0,1.0,0.0,146.48,0,0.01,Low Risk
51196,0,15.0,Computer,1,16.0,COD,Male,3.0,3,Mobile,3,Married,4,0,22.0,1.0,3.0,3.0,129.36,0,0.03,Low Risk
51197,0,9.0,Phone,1,15.0,Debit Card,Female,3.0,3,Mobile,3,Single,5,0,12.0,1.0,2.0,0.0,121.05000000000001,0,0.03,Low Risk
51198,0,19.0,Mobile Phone,1,8.0,Debit Card,Male,2.0,3,Fashion,1,Married,4,0,14.0,1.0,4.0,7.0,185.78,0,0.0,Low Risk
51199,0,1.0,Computer,2,6.0,Debit Card,Male,3.0,3,Mobile,1,Married,2,0,15.0,0.0,2.0,2.0,127.06,0,0.11,Low Risk
51200,0,2.0,Mobile Phone,1,35.0,Debit Card,Male,3.0,5,Laptop & Accessory,3,Married,9,0,17.0,1.0,1.0,6.0,163.84,0,0.02,Low Risk
51201,0,15.0,Phone,1,14.0,Debit Card,Male,2.0,3,Mobile Phone,3,Single,5,0,13.0,1.0,1.0,0.0,139.68,0,0.0,Low Risk
51202,1,0.0,Mobile Phone,3,8.0,E wallet,Male,2.0,4,Laptop & Accessory,4,Single,8,1,12.0,2.0,2.0,2.0,199.07,1,0.97,High Risk
51203,0,19.0,Mobile Phone,3,9.0,Cash on Delivery,Female,2.0,1,Grocery,5,Married,3,0,12.0,1.0,2.0,8.0,232.25,0,0.01,Low Risk
51204,0,0.0,Phone,3,29.0,Credit Card,Female,2.0,4,Laptop & Accessory,3,Married,2,0,21.0,4.0,5.0,8.0,135.4,0,0.02,Low Risk
51205,0,2.0,Phone,2,12.0,CC,Male,3.0,4,Mobile,4,Married,2,0,11.0,1.0,1.0,0.0,128.04,0,0.02,Low Risk
51206,0,16.0,Mobile Phone,1,12.0,Credit Card,Female,2.0,4,Others,3,Married,8,0,15.0,3.0,6.0,14.0,293.92,0,0.02,Low Risk
51207,0,21.0,Mobile Phone,1,16.0,Debit Card,Male,3.0,4,Others,4,Married,5,0,15.0,3.0,12.0,9.0,296.65,0,0.01,Low Risk
51208,1,0.0,Computer,1,14.0,Debit Card,Male,3.0,4,Mobile,1,Single,2,1,24.0,1.0,1.0,0.0,124.38999999999999,1,1.0,High Risk
51209,1,9.0,Mobile Phone,3,16.0,Debit Card,Female,3.0,3,Fashion,4,Married,6,0,21.0,0.0,1.0,7.0,173.14,1,0.73,High Risk
51210,0,0.0,Computer,1,21.0,Debit Card,Female,3.0,4,Mobile Phone,5,Married,1,0,19.0,7.0,7.0,3.0,147.74,0,0.04,Low Risk
51211,0,12.0,Phone,1,25.0,UPI,Male,2.0,3,Laptop & Accessory,1,Married,9,0,14.0,1.0,2.0,2.0,139.02,0,0.01,Low Risk
51212,0,28.0,Phone,1,8.0,COD,Male,3.0,4,Mobile,1,Married,9,0,20.0,0.0,1.0,4.0,126.62,0,0.01,Low Risk
51213,0,1.0,Phone,3,9.0,CC,Female,3.0,3,Mobile,4,Married,2,0,19.0,1.0,1.0,0.0,128.56,0,0.13,Low Risk
51214,1,0.0,Mobile Phone,3,15.0,Credit Card,Male,2.0,3,Mobile Phone,1,Single,2,0,13.0,0.0,1.0,0.0,110.81,1,0.79,High Risk
51215,1,0.0,Phone,1,14.0,Debit Card,Male,3.0,3,Mobile,4,Single,2,1,23.0,1.0,1.0,0.0,124.72,1,0.9,High Risk
51216,0,9.0,Mobile Phone,3,16.0,COD,Female,3.0,4,Laptop & Accessory,3,Married,2,1,13.0,1.0,1.0,7.0,156.73,0,0.06,Low Risk
51217,0,4.0,Phone,1,26.0,Debit Card,Male,2.0,3,Laptop & Accessory,3,Married,2,0,11.0,0.0,1.0,2.0,141.97,0,0.0,Low Risk
51218,0,7.0,Mobile Phone,3,10.0,Debit Card,Male,3.0,3,Fashion,1,Married,3,1,13.0,0.0,1.0,0.0,197.13,0,0.0,Low Risk
51219,0,9.0,Phone,1,13.0,Debit Card,Male,2.0,3,Mobile,5,Single,4,0,14.0,0.0,1.0,2.0,120.62,0,0.1,Low Risk
51220,0,10.0,Phone,1,13.0,Credit Card,Male,3.0,3,Laptop & Accessory,5,Married,6,1,22.0,0.0,1.0,4.0,142.84,0,0.01,Low Risk
51221,0,8.0,Phone,1,22.0,UPI,Female,2.0,4,Laptop & Accessory,4,Married,1,1,11.0,1.0,1.0,2.0,147.88,0,0.01,Low Risk
51222,0,18.0,Mobile Phone,1,31.0,Debit Card,Female,3.0,4,Laptop & Accessory,1,Married,1,0,13.0,0.0,3.0,8.0,159.06,0,0.0,Low Risk
51223,0,9.0,Computer,2,8.0,UPI,Male,3.0,4,Laptop & Accessory,1,Single,2,0,21.0,1.0,1.0,8.0,138.86,0,0.0,Low Risk
51224,0,13.0,Mobile Phone,1,6.0,Debit Card,Male,3.0,3,Grocery,5,Married,3,0,11.0,1.0,11.0,16.0,268.23,0,0.01,Low Risk
51225,0,0.0,Phone,1,6.0,Debit Card,Female,3.0,4,Mobile,3,Married,2,1,13.0,0.0,1.0,0.0,129.33,0,0.07,Low Risk
51226,0,0.0,Mobile Phone,3,8.0,Credit Card,Female,2.0,1,Laptop & Accessory,3,Single,1,0,14.0,0.0,1.0,7.0,165.0,0,0.0,Low Risk
51227,0,21.0,Computer,1,28.0,Credit Card,Female,2.0,3,Grocery,1,Married,4,0,11.0,1.0,4.0,7.0,271.74,0,0.0,Low Risk
51228,0,17.0,Mobile Phone,1,6.0,Debit Card,Male,3.0,1,Laptop & Accessory,5,Married,3,0,15.0,2.0,2.0,2.0,150.33,0,0.01,Low Risk
51229,1,9.0,Computer,1,22.0,COD,Male,2.0,5,Mobile,5,Married,2,1,23.0,3.0,3.0,0.0,123.07,1,0.91,High Risk
51230,1,19.0,Phone,1,14.0,Debit Card,Male,3.0,3,Mobile,1,Single,2,0,16.0,0.0,1.0,0.0,125.87,1,0.84,High Risk
51231,0,9.0,Mobile Phone,3,23.0,E wallet,Male,2.0,4,Laptop & Accessory,4,Married,3,0,16.0,1.0,1.0,3.0,155.07,0,0.0,Low Risk
51232,0,14.0,Phone,3,14.0,E wallet,Female,2.0,3,Laptop & Accessory,4,Married,6,0,21.0,1.0,1.0,4.0,143.93,0,0.02,Low Risk
51233,0,15.0,Mobile Phone,1,12.0,Credit Card,Male,2.0,3,Fashion,5,Married,10,0,13.0,3.0,2.0,7.0,233.48000000000002,0,0.0,Low Risk
51234,0,4.0,Mobile Phone,3,16.0,Credit Card,Female,2.0,3,Laptop & Accessory,1,Married,3,1,11.0,0.0,1.0,4.0,165.83,0,0.02,Low Risk
51235,0,7.0,Mobile Phone,3,9.0,Credit Card,Female,3.0,4,Laptop & Accessory,1,Married,4,1,12.0,0.0,1.0,1.0,181.03,0,0.01,Low Risk
51236,0,4.0,Phone,1,10.0,Credit Card,Female,3.0,1,Mobile Phone,3,Married,9,0,12.0,2.0,2.0,2.0,139.78,0,0.02,Low Risk
51237,0,0.0,Computer,1,14.0,UPI,Male,3.0,1,Mobile,1,Married,1,0,18.0,2.0,7.0,7.0,125.44,0,0.03,Low Risk
51238,0,18.0,Computer,1,6.0,Credit Card,Male,2.0,3,Laptop & Accessory,3,Single,5,0,12.0,1.0,1.0,3.0,153.99,0,0.04,Low Risk
51239,0,6.0,Mobile Phone,3,16.0,E wallet,Male,2.0,3,Laptop & Accessory,3,Single,2,0,14.0,0.0,1.0,9.0,154.87,0,0.0,Low Risk
51240,0,1.0,Computer,3,6.0,Debit Card,Male,2.0,4,Laptop & Accessory,1,Married,2,1,12.0,0.0,1.0,7.0,168.34,0,0.03,Low Risk
51241,1,0.0,Computer,3,30.0,Cash on Delivery,Male,2.0,1,Mobile Phone,5,Single,2,0,17.0,1.0,1.0,0.0,110.91,1,0.96,High Risk
51242,0,12.0,Computer,3,27.0,Debit Card,Female,2.0,5,Laptop & Accessory,3,Married,7,0,19.0,0.0,1.0,2.0,157.36,0,0.01,Low Risk
51243,0,9.0,Phone,1,8.0,COD,Male,2.0,3,Mobile,4,Married,2,0,11.0,1.0,1.0,2.0,122.25999999999999,0,0.01,Low Risk
51244,0,7.0,Computer,1,28.0,UPI,Male,2.0,4,Laptop & Accessory,1,Married,2,1,15.0,3.0,6.0,11.0,157.47,0,0.0,Low Risk
51245,1,0.0,Mobile Phone,3,19.0,E wallet,Female,2.0,3,Laptop & Accessory,3,Single,4,1,11.0,2.0,2.0,2.0,198.54,1,0.95,High Risk
51246,0,20.0,Computer,1,20.0,COD,Male,3.0,3,Laptop & Accessory,4,Married,9,0,18.0,0.0,1.0,7.0,154.67,0,0.0,Low Risk
51247,0,29.0,Mobile Phone,3,17.0,E wallet,Female,2.0,4,Laptop & Accessory,5,Married,5,0,16.0,0.0,1.0,0.0,153.8,0,0.05,Low Risk
51248,0,12.0,Mobile Phone,1,15.0,Credit Card,Male,2.0,3,Laptop & Accessory,5,Married,2,0,25.0,4.0,7.0,9.0,151.51,0,0.0,Low Risk
51249,0,9.0,Computer,1,14.0,CC,Female,2.0,4,Laptop & Accessory,4,Married,2,1,16.0,1.0,1.0,7.0,121.33000000000001,0,0.09,Low Risk
51250,0,30.0,Mobile Phone,3,27.0,Debit Card,Female,3.0,3,Grocery,1,Married,5,1,13.0,1.0,1.0,0.0,278.75,0,0.03,Low Risk
51251,1,0.0,Computer,1,14.0,Debit Card,Female,2.0,1,Mobile,3,Single,4,1,14.0,0.0,1.0,3.0,124.32,1,0.88,High Risk
51252,0,11.0,Phone,1,15.0,Debit Card,Male,3.0,3,Mobile Phone,1,Married,3,0,19.0,1.0,1.0,3.0,147.71,0,0.0,Low Risk
51253,0,22.0,Computer,1,8.0,Debit Card,Male,2.0,3,Others,1,Married,4,0,15.0,1.0,4.0,3.0,291.61,0,0.0,Low Risk
51254,0,15.0,Mobile Phone,3,18.0,E wallet,Male,3.0,3,Laptop & Accessory,1,Married,4,1,12.0,0.0,1.0,0.0,150.87,0,0.02,Low Risk
51255,1,0.0,Computer,2,28.0,UPI,Female,3.0,4,Mobile,4,Married,2,0,12.0,1.0,1.0,0.0,128.63,1,0.95,High Risk
51256,0,8.0,Mobile Phone,3,24.0,Credit Card,Male,3.0,3,Laptop & Accessory,5,Married,1,0,16.0,0.0,1.0,4.0,0.0,0,0.16,Low Risk
51257,0,9.0,Computer,1,22.0,CC,Male,2.0,3,Mobile,3,Single,2,0,14.0,0.0,1.0,4.0,121.44,0,0.0,Low Risk
51258,0,4.0,Computer,1,9.0,CC,Male,3.0,3,Mobile,5,Married,2,1,13.0,0.0,2.0,3.0,130.65,0,0.37,Low Risk
51259,0,9.0,Computer,1,15.0,Debit Card,Male,3.0,1,Mobile,4,Married,2,0,22.0,1.0,1.0,2.0,128.1,0,0.0,Low Risk
51260,0,7.0,Mobile Phone,3,6.0,E wallet,Male,2.0,3,Fashion,1,Single,2,0,21.0,1.0,2.0,1.0,198.88,0,0.04,Low Risk
51261,0,7.0,Mobile Phone,3,19.0,Credit Card,Male,2.0,3,Fashion,3,Married,2,0,18.0,1.0,1.0,1.0,186.28,0,0.01,Low Risk
51262,0,0.0,Phone,1,6.0,CC,Male,3.0,3,Mobile,5,Single,1,0,13.0,3.0,7.0,6.0,128.67,0,0.25,Low Risk
51263,0,2.0,Mobile Phone,1,6.0,Debit Card,Male,2.0,3,Laptop & Accessory,5,Married,1,0,12.0,1.0,1.0,2.0,153.73,0,0.0,Low Risk
51264,0,5.0,Computer,1,21.0,Credit Card,Female,2.0,3,Laptop & Accessory,1,Married,6,0,18.0,0.0,1.0,2.0,166.67,0,0.0,Low Risk
51265,0,4.0,Computer,1,6.0,Debit Card,Male,2.0,5,Laptop & Accessory,5,Married,2,0,21.0,1.0,8.0,7.0,150.03,0,0.01,Low Risk
51266,1,0.0,Phone,1,14.0,COD,Male,2.0,4,Mobile,1,Married,6,0,12.0,0.0,1.0,3.0,123.66999999999999,1,0.9,High Risk
51267,0,11.0,Phone,3,6.0,Debit Card,Male,3.0,4,Mobile,5,Single,5,0,14.0,0.0,1.0,0.0,128.58,0,0.02,Low Risk
51268,0,8.0,Mobile Phone,3,13.0,Debit Card,Female,2.0,3,Laptop & Accessory,1,Married,2,1,11.0,1.0,1.0,9.0,152.04,0,0.0,Low Risk
51269,0,0.0,Phone,3,15.0,E wallet,Male,2.0,3,Laptop & Accessory,1,Single,2,0,14.0,0.0,1.0,7.0,141.05,0,0.03,Low Risk
51270,0,5.0,Mobile Phone,1,11.0,Debit Card,Male,2.0,4,Laptop & Accessory,1,Single,9,0,24.0,0.0,1.0,0.0,196.79,0,0.01,Low Risk
51271,1,0.0,Computer,3,32.0,E wallet,Male,3.0,3,Laptop & Accessory,1,Married,2,1,11.0,0.0,1.0,8.0,156.17,1,0.83,High Risk
51272,1,16.0,Mobile Phone,3,30.0,Debit Card,Male,3.0,3,Fashion,5,Single,7,1,13.0,2.0,2.0,2.0,204.48,1,0.85,High Risk
51273,0,27.0,Phone,1,15.0,Debit Card,Female,3.0,3,Laptop & Accessory,3,Married,4,0,11.0,0.0,2.0,3.0,128.97,0,0.03,Low Risk
51274,0,6.0,Computer,1,13.0,Debit Card,Male,2.0,3,Laptop & Accessory,3,Married,2,0,20.0,2.0,2.0,8.0,159.68,0,0.0,Low Risk
51275,0,16.0,Mobile Phone,1,17.0,Debit Card,Male,1.0,3,Fashion,3,Married,2,0,17.0,1.0,1.0,9.0,175.1,0,0.0,Low Risk
51276,0,11.0,Computer,2,6.0,UPI,Male,3.0,3,Mobile,4,Married,1,1,11.0,1.0,1.0,2.0,129.91,0,0.03,Low Risk
51277,0,28.0,Mobile Phone,2,32.0,UPI,Male,3.0,1,Others,4,Married,5,1,15.0,1.0,1.0,4.0,296.36,0,0.0,Low Risk
51278,0,4.0,Mobile Phone,1,8.0,Credit Card,Female,2.0,5,Mobile Phone,1,Married,2,1,11.0,1.0,1.0,0.0,111.28999999999999,1,0.59,Medium Risk
51279,0,12.0,Mobile Phone,3,21.0,E wallet,Male,3.0,3,Grocery,5,Single,1,0,12.0,4.0,2.0,10.0,233.41000000000003,0,0.01,Low Risk
51280,0,15.0,Computer,1,29.0,Debit Card,Male,2.0,4,Laptop & Accessory,3,Single,2,0,12.0,2.0,3.0,7.0,143.32,0,0.02,Low Risk
51281,0,4.0,Computer,1,16.0,Credit Card,Female,2.0,3,Fashion,3,Married,5,0,20.0,3.0,4.0,3.0,210.31,0,0.01,Low Risk
51282,0,27.0,Phone,1,16.0,Credit Card,Female,3.0,3,Laptop & Accessory,5,Single,7,1,19.0,0.0,1.0,4.0,144.4,0,0.02,Low Risk
51283,0,0.0,Phone,1,6.0,Debit Card,Male,2.0,4,Laptop & Accessory,3,Single,2,0,12.0,1.0,1.0,2.0,146.17,0,0.03,Low Risk
51284,0,0.0,Phone,1,14.0,UPI,Male,3.0,3,Mobile,1,Single,2,0,13.0,1.0,1.0,4.0,126.47,0,0.02,Low Risk
51285,0,13.0,Computer,1,17.0,COD,Female,3.0,3,Laptop & Accessory,3,Married,2,0,11.0,2.0,9.0,4.0,163.23,0,0.02,Low Risk
51286,0,13.0,Mobile Phone,3,8.0,E wallet,Female,3.0,3,Laptop & Accessory,4,Married,4,0,14.0,1.0,5.0,10.0,156.77,0,0.0,Low Risk
51287,0,9.0,Phone,2,8.0,UPI,Female,2.0,3,Mobile,4,Married,5,0,14.0,0.0,1.0,2.0,121.87,0,0.01,Low Risk
51288,0,3.0,Phone,1,6.0,Credit Card,Male,3.0,3,Mobile Phone,4,Married,2,0,13.0,0.0,1.0,7.0,137.48,0,0.01,Low Risk
51289,0,0.0,Phone,1,8.0,UPI,Male,2.0,3,Mobile Phone,3,Married,7,1,19.0,0.0,1.0,2.0,139.77,0,0.08,Low Risk
51290,0,20.0,Mobile Phone,1,31.0,Credit Card,Male,2.0,3,Fashion,3,Single,3,0,23.0,1.0,12.0,11.0,186.33,0,0.01,Low Risk
51291,0,9.0,Computer,1,6.0,CC,Male,2.0,4,Mobile,3,Married,2,0,12.0,0.0,1.0,0.0,120.08000000000001,0,0.05,Low Risk
51292,0,11.0,Phone,3,6.0,Debit Card,Male,2.0,3,Laptop & Accessory,4,Married,1,0,15.0,4.0,5.0,8.0,144.4,0,0.0,Low Risk
51293,0,4.0,Phone,3,8.0,Debit Card,Male,3.0,3,Mobile,3,Married,1,0,19.0,1.0,1.0,2.0,130.67,0,0.01,Low Risk
51294,0,11.0,Computer,1,12.0,Debit Card,Male,3.0,4,Laptop & Accessory,3,Married,3,0,11.0,2.0,7.0,7.0,153.21,0,0.01,Low Risk
51295,0,15.0,Mobile Phone,1,24.0,Debit Card,Male,2.0,3,Laptop & Accessory,5,Married,7,1,17.0,0.0,1.0,2.0,154.1,0,0.03,Low Risk
51296,0,14.0,Phone,1,6.0,Debit Card,Male,3.0,3,Mobile,1,Married,4,0,22.0,0.0,1.0,0.0,127.82,0,0.04,Low Risk
51297,0,20.0,Computer,1,6.0,Credit Card,Female,3.0,3,Fashion,4,Married,1,0,18.0,0.0,5.0,3.0,219.57,0,0.0,Low Risk
51298,0,8.0,Phone,1,17.0,CC,Male,2.0,3,Mobile,3,Married,8,1,11.0,0.0,2.0,2.0,126.6,0,0.22,Low Risk
51299,0,0.0,Phone,1,6.0,Debit Card,Male,3.0,3,Mobile,3,Single,1,0,12.0,0.0,1.0,2.0,133.75,0,0.09,Low Risk
51300,0,8.0,Mobile Phone,1,15.0,Credit Card,Male,2.0,3,Laptop & Accessory,3,Single,2,0,19.0,0.0,1.0,8.0,150.98,0,0.01,Low Risk
51301,0,6.0,Mobile Phone,1,21.0,Credit Card,Female,3.0,3,Laptop & Accessory,1,Married,1,1,13.0,5.0,8.0,1.0,12.0,0,0.05,Low Risk
51302,0,5.0,Phone,1,35.0,Debit Card,Female,3.0,4,Mobile,4,Single,2,0,13.0,3.0,4.0,1.0,128.37,0,0.1,Low Risk
51303,0,13.0,Phone,1,14.0,Debit Card,Male,2.0,3,Mobile,1,Married,9,0,19.0,0.0,1.0,0.0,124.06,0,0.02,Low Risk
51304,0,9.0,Phone,3,6.0,CC,Male,3.0,4,Mobile,4,Married,1,0,14.0,0.0,2.0,2.0,122.69,0,0.03,Low Risk
51305,0,12.0,Phone,1,30.0,Debit Card,Male,2.0,3,Laptop & Accessory,1,Single,8,0,13.0,1.0,1.0,7.0,141.08,0,0.0,Low Risk
51306,0,11.0,Mobile Phone,1,16.0,Credit Card,Female,2.0,5,Fashion,3,Married,4,0,12.0,1.0,2.0,11.0,232.06,0,0.02,Low Risk
51307,0,5.0,Mobile Phone,3,6.0,E wallet,Female,2.0,3,Fashion,1,Married,2,0,19.0,3.0,5.0,7.0,204.22,0,0.02,Low Risk
51308,0,10.0,Mobile Phone,1,16.0,Debit Card,Female,2.0,1,Fashion,1,Married,2,1,25.0,0.0,2.0,8.0,237.44,0,0.04,Low Risk
51309,0,0.0,Phone,3,14.0,UPI,Female,2.0,3,Laptop & Accessory,3,Married,1,1,22.0,1.0,1.0,4.0,149.07,0,0.14,Low Risk
51310,0,25.0,Computer,3,126.0,Debit Card,Male,2.0,3,Mobile,1,Married,3,0,15.0,1.0,1.0,0.0,134.82,0,0.06,Low Risk
51311,0,17.0,Phone,1,14.0,CC,Male,2.0,3,Mobile,1,Single,7,1,12.0,0.0,1.0,2.0,124.36000000000001,0,0.06,Low Risk
51312,0,0.0,Phone,3,14.0,CC,Male,2.0,3,Mobile,5,Single,2,1,11.0,1.0,1.0,2.0,123.80000000000001,0,0.24,Low Risk
51313,0,12.0,Computer,1,15.0,Debit Card,Male,2.0,3,Others,1,Single,3,0,15.0,0.0,1.0,3.0,294.31,0,0.02,Low Risk
51314,1,9.0,Computer,3,15.0,E wallet,Male,2.0,3,Mobile Phone,5,Married,2,0,19.0,1.0,1.0,0.0,117.9,1,0.94,High Risk
51315,0,9.0,Mobile Phone,3,9.0,Credit Card,Female,3.0,4,Fashion,1,Married,1,0,19.0,3.0,3.0,4.0,176.44,0,0.05,Low Risk
51316,0,9.0,Computer,1,10.0,Debit Card,Female,3.0,3,Laptop & Accessory,4,Married,8,0,13.0,1.0,1.0,2.0,151.31,0,0.01,Low Risk
51317,0,29.0,Computer,1,6.0,Debit Card,Male,2.0,3,Laptop & Accessory,3,Married,2,0,21.0,0.0,1.0,9.0,163.06,0,0.0,Low Risk
51318,1,0.0,Phone,1,6.0,Credit Card,Male,2.0,3,Mobile Phone,1,Married,10,1,14.0,2.0,2.0,2.0,147.87,1,0.64,Medium Risk
51319,0,15.0,Mobile Phone,1,8.0,Debit Card,Male,2.0,3,Others,3,Married,6,0,11.0,1.0,4.0,14.0,288.8,0,0.0,Low Risk
51320,1,19.0,Phone,1,14.0,COD,Male,3.0,3,Mobile,3,Married,9,0,11.0,6.0,9.0,8.0,123.38999999999999,1,0.9,High Risk
51321,0,14.0,Mobile Phone,1,34.0,Debit Card,Female,2.0,4,Grocery,4,Married,1,0,23.0,1.0,2.0,10.0,235.7,0,0.01,Low Risk
51322,0,7.0,Mobile Phone,3,34.0,E wallet,Female,3.0,4,Laptop & Accessory,3,Married,2,0,21.0,1.0,1.0,7.0,167.12,0,0.0,Low Risk
51323,0,9.0,Computer,3,21.0,E wallet,Male,2.0,5,Laptop & Accessory,1,Married,2,0,24.0,4.0,11.0,11.0,154.06,0,0.0,Low Risk
51324,0,14.0,Mobile Phone,3,9.0,Debit Card,Male,2.0,4,Laptop & Accessory,4,Married,3,0,11.0,0.0,1.0,4.0,189.38,0,0.01,Low Risk
51325,0,5.0,Phone,1,14.0,COD,Male,3.0,3,Mobile,5,Single,2,0,14.0,1.0,1.0,2.0,124.38999999999999,0,0.0,Low Risk
51326,0,8.0,Mobile Phone,2,32.0,Debit Card,Female,2.0,3,Fashion,1,Single,2,1,16.0,1.0,1.0,7.0,188.37,0,0.02,Low Risk
51327,0,11.0,Mobile Phone,3,16.0,Debit Card,Female,3.0,3,Laptop & Accessory,1,Married,2,0,11.0,0.0,1.0,9.0,153.43,0,0.02,Low Risk
51328,1,13.0,Computer,3,6.0,Debit Card,Male,3.0,3,Laptop & Accessory,3,Married,8,0,12.0,1.0,1.0,1.0,167.28,1,0.55,Medium Risk
51329,0,9.0,Mobile Phone,3,17.0,E wallet,Female,3.0,4,Laptop & Accessory,1,Married,5,0,13.0,1.0,1.0,0.0,166.52,0,0.01,Low Risk
51330,0,18.0,Phone,3,26.0,Debit Card,Female,2.0,3,Laptop & Accessory,3,Single,9,0,15.0,1.0,1.0,1.0,148.5,0,0.02,Low Risk
51331,0,13.0,Phone,1,8.0,Debit Card,Male,3.0,4,Mobile,3,Single,3,0,14.0,0.0,2.0,2.0,128.09,0,0.0,Low Risk
51332,0,8.0,Computer,1,24.0,Debit Card,Male,3.0,3,Laptop & Accessory,3,Married,2,1,14.0,1.0,1.0,2.0,156.89,0,0.01,Low Risk
51333,0,9.0,Mobile Phone,1,8.0,CC,Female,3.0,3,Mobile,3,Married,3,0,14.0,1.0,1.0,2.0,120.00999999999999,0,0.01,Low Risk
51334,0,8.0,Phone,1,6.0,Debit Card,Female,3.0,5,Mobile,1,Married,2,0,12.0,0.0,1.0,1.0,129.77,0,0.01,Low Risk
51335,0,2.0,Phone,1,19.0,UPI,Male,2.0,4,Laptop & Accessory,4,Married,5,1,13.0,1.0,1.0,3.0,140.25,0,0.03,Low Risk
51336,0,2.0,Phone,1,34.0,Credit Card,Female,3.0,4,Mobile Phone,5,Single,2,0,14.0,0.0,1.0,4.0,137.85,0,0.1,Low Risk
51337,1,13.0,Mobile Phone,3,34.0,E wallet,Male,2.0,4,Fashion,5,Married,5,1,13.0,0.0,2.0,0.0,208.54000000000002,1,0.85,High Risk
51338,0,12.0,Mobile Phone,3,30.0,E wallet,Female,2.0,4,Grocery,1,Married,1,0,11.0,1.0,9.0,3.0,220.31,0,0.04,Low Risk
51339,0,4.0,Computer,1,11.0,Credit Card,Male,3.0,3,Laptop & Accessory,5,Single,1,0,19.0,0.0,1.0,7.0,199.36,0,0.02,Low Risk
51340,0,0.0,Phone,3,11.0,UPI,Female,3.0,4,Mobile,3,Single,1,0,18.0,0.0,1.0,0.0,129.66,0,0.08,Low Risk
51341,0,9.0,Computer,1,14.0,CC,Male,2.0,1,Laptop & Accessory,1,Married,5,0,17.0,0.0,1.0,3.0,125.71000000000001,0,0.0,Low Risk
51342,0,12.0,Mobile Phone,1,12.0,Credit Card,Male,2.0,4,Fashion,5,Married,5,0,15.0,1.0,1.0,7.0,199.91,0,0.0,Low Risk
51343,0,0.0,Mobile Phone,1,10.0,Debit Card,Male,2.0,1,Laptop & Accessory,4,Married,2,1,20.0,1.0,1.0,3.0,161.42,0,0.05,Low Risk
51344,0,22.0,Computer,3,8.0,Credit Card,Male,3.0,4,Laptop & Accessory,4,Married,3,0,14.0,1.0,1.0,8.0,153.9,0,0.0,Low Risk
51345,0,7.0,Phone,1,14.0,Credit Card,Male,2.0,1,Laptop & Accessory,3,Married,3,0,12.0,0.0,1.0,2.0,144.04,0,0.0,Low Risk
51346,1,4.0,Mobile Phone,3,6.0,Debit Card,Female,3.0,3,Laptop & Accessory,1,Single,9,1,11.0,0.0,1.0,5.0,159.93,1,0.64,Medium Risk
51347,0,22.0,Computer,1,14.0,Debit Card,Male,3.0,4,Laptop & Accessory,4,Married,2,0,23.0,0.0,1.0,7.0,151.3,0,0.0,Low Risk
51348,1,9.0,Phone,1,8.0,UPI,Male,3.0,4,Mobile,3,Single,7,1,15.0,0.0,1.0,0.0,120.9,1,0.82,High Risk
51349,0,6.0,Computer,1,9.0,Debit Card,Female,3.0,3,Mobile,3,Married,2,1,11.0,2.0,3.0,0.0,129.09,0,0.14,Low Risk
51350,0,0.0,Phone,1,8.0,CC,Male,2.0,3,Mobile,4,Married,10,0,12.0,1.0,2.0,2.0,134.68,0,0.1,Low Risk
51351,0,5.0,Computer,1,8.0,Debit Card,Male,3.0,3,Mobile,1,Single,1,0,13.0,1.0,3.0,6.0,130.68,0,0.0,Low Risk
51352,0,30.0,Phone,1,9.0,CC,Female,3.0,1,Mobile,5,Married,5,1,20.0,0.0,1.0,0.0,126.69999999999999,0,0.07,Low Risk
51353,0,3.0,Phone,1,30.0,Debit Card,Male,3.0,3,Mobile,3,Married,2,0,22.0,1.0,1.0,0.0,126.93,0,0.08,Low Risk
51354,0,11.0,Computer,1,29.0,Debit Card,Male,2.0,4,Fashion,3,Single,1,0,21.0,1.0,1.0,8.0,195.26,0,0.02,Low Risk
51355,0,9.0,Mobile Phone,1,33.0,Credit Card,Male,3.0,3,Laptop & Accessory,3,Married,7,0,13.0,0.0,7.0,7.0,152.37,0,0.01,Low Risk
51356,0,8.0,Phone,1,14.0,CC,Male,2.0,1,Mobile,4,Married,1,0,13.0,1.0,1.0,3.0,124.25999999999999,0,0.01,Low Risk
51357,0,2.0,Phone,1,21.0,Debit Card,Female,2.0,4,Laptop & Accessory,3,Single,1,1,12.0,1.0,1.0,8.0,141.93,0,0.06,Low Risk
51358,0,4.0,Phone,1,32.0,Debit Card,Male,3.0,3,Mobile,3,Married,2,0,17.0,3.0,4.0,3.0,129.11,0,0.03,Low Risk
51359,0,7.0,Phone,1,25.0,CC,Male,3.0,3,Mobile,1,Married,1,0,11.0,0.0,1.0,2.0,126.61000000000001,0,0.01,Low Risk
51360,1,9.0,Phone,1,30.0,Debit Card,Male,2.0,4,Mobile,3,Single,6,1,14.0,0.0,1.0,3.0,120.28,1,0.96,High Risk
51361,0,2.0,Mobile Phone,1,27.0,Debit Card,Female,2.0,1,Fashion,5,Married,2,0,11.0,6.0,8.0,8.0,199.8,0,0.02,Low Risk
51362,0,5.0,Phone,1,11.0,Debit Card,Male,3.0,1,Mobile,4,Married,1,1,12.0,1.0,1.0,5.0,132.98,0,0.01,Low Risk
51363,0,0.0,Computer,1,22.0,CC,Male,3.0,1,Mobile,1,Married,2,1,13.0,0.0,1.0,0.0,129.35,0,0.46,Medium Risk
51364,0,26.0,Mobile Phone,3,8.0,Debit Card,Female,3.0,4,Grocery,1,Married,3,0,16.0,0.0,2.0,7.0,254.26999999999998,0,0.0,Low Risk
51365,0,11.0,Phone,1,8.0,Debit Card,Male,2.0,3,Mobile Phone,1,Single,6,1,11.0,0.0,1.0,2.0,139.44,0,0.06,Low Risk
51366,0,0.0,Computer,1,17.0,UPI,Female,3.0,1,Laptop & Accessory,3,Married,1,0,18.0,0.0,1.0,3.0,140.11,0,0.07,Low Risk
51367,1,0.0,Phone,3,15.0,Debit Card,Male,2.0,4,Mobile,5,Single,8,0,23.0,0.0,1.0,3.0,134.07,1,0.9,High Risk
51368,0,7.0,Mobile Phone,1,13.0,Debit Card,Female,2.0,3,Fashion,4,Single,1,0,11.0,0.0,2.0,3.0,219.94,0,0.0,Low Risk
51369,0,9.0,Mobile Phone,1,21.0,Debit Card,Male,3.0,3,Mobile Phone,1,Single,2,0,14.0,1.0,1.0,0.0,112.32,0,0.19,Low Risk
51370,1,0.0,Phone,1,12.0,CC,Male,3.0,3,Mobile,5,Single,3,0,11.0,0.0,1.0,3.0,129.6,1,0.87,High Risk
51371,0,26.0,Mobile Phone,1,11.0,UPI,Female,2.0,3,Others,3,Married,5,0,11.0,1.0,4.0,8.0,290.94,0,0.0,Low Risk
51372,1,0.0,Computer,1,22.0,Debit Card,Female,3.0,5,Mobile Phone,5,Single,2,1,22.0,0.0,6.0,7.0,139.19,1,0.98,High Risk
51373,0,15.0,Mobile Phone,3,14.0,E wallet,Male,2.0,3,Laptop & Accessory,4,Married,1,0,11.0,2.0,4.0,2.0,168.25,0,0.01,Low Risk
51374,0,17.0,Mobile Phone,1,13.0,Credit Card,Female,2.0,4,Fashion,1,Married,4,0,14.0,0.0,5.0,17.0,202.48,0,0.02,Low Risk
51375,0,19.0,Mobile Phone,3,8.0,E wallet,Female,2.0,3,Others,5,Single,4,0,12.0,1.0,2.0,1.0,289.47,0,0.03,Low Risk
51376,0,6.0,Phone,1,14.0,CC,Male,3.0,3,Mobile,1,Single,5,0,11.0,0.0,1.0,0.0,124.96000000000001,0,0.03,Low Risk
51377,0,17.0,Mobile Phone,1,16.0,UPI,Male,2.0,3,Laptop & Accessory,1,Married,3,1,13.0,0.0,1.0,3.0,164.65,0,0.0,Low Risk
51378,0,9.0,Phone,1,15.0,CC,Male,2.0,4,Mobile,3,Single,2,0,13.0,0.0,1.0,8.0,122.06,0,0.01,Low Risk
51379,1,9.0,Phone,3,11.0,Cash on Delivery,Male,2.0,3,Laptop & Accessory,1,Married,4,0,14.0,0.0,1.0,0.0,120.86000000000001,1,0.87,High Risk
51380,1,9.0,Phone,1,6.0,CC,Male,3.0,3,Mobile,1,Married,3,1,16.0,0.0,2.0,0.0,122.93,1,0.72,High Risk
51381,0,16.0,Phone,1,14.0,CC,Female,3.0,1,Mobile,3,Married,2,0,12.0,1.0,1.0,4.0,126.44999999999999,0,0.0,Low Risk
51382,1,13.0,Phone,3,9.0,E wallet,Male,3.0,4,Mobile,3,Married,2,1,14.0,1.0,1.0,2.0,126.83000000000001,1,0.86,High Risk
51383,0,9.0,Mobile Phone,3,8.0,E wallet,Female,3.0,3,Mobile,1,Married,2,0,13.0,2.0,2.0,2.0,120.13999999999999,0,0.04,Low Risk
51384,0,9.0,Phone,1,11.0,Debit Card,Female,2.0,4,Mobile,5,Married,10,1,14.0,1.0,1.0,0.0,134.19,0,0.1,Low Risk
51385,0,6.0,Computer,3,6.0,Debit Card,Female,2.0,1,Laptop & Accessory,5,Married,3,0,19.0,0.0,1.0,3.0,153.76,0,0.0,Low Risk
51386,0,9.0,Mobile Phone,1,10.0,UPI,Male,3.0,3,Mobile,1,Married,2,0,12.0,1.0,1.0,0.0,119.50999999999999,0,0.15,Low Risk
51387,0,0.0,Phone,1,14.0,Debit Card,Female,2.0,3,Mobile,5,Married,2,0,13.0,1.0,1.0,0.0,123.41,0,0.14,Low Risk
51388,1,9.0,Phone,1,31.0,Debit Card,Male,2.0,5,Mobile,3,Single,2,0,12.0,0.0,1.0,1.0,122.93,1,0.7,High Risk
51389,0,0.0,Computer,3,14.0,Debit Card,Male,2.0,3,Fashion,3,Single,2,0,15.0,1.0,1.0,7.0,187.26,0,0.29,Low Risk
51390,0,3.0,Computer,1,6.0,Credit Card,Female,2.0,3,Laptop & Accessory,1,Single,2,0,23.0,1.0,3.0,7.0,140.11,0,0.0,Low Risk
51391,1,4.0,Mobile Phone,1,18.0,Cash on Delivery,Female,2.0,3,Others,3,Married,2,0,15.0,1.0,15.0,8.0,295.45,1,0.72,High Risk
51392,0,7.0,Computer,3,29.0,E wallet,Male,3.0,3,Laptop & Accessory,3,Single,1,0,20.0,0.0,8.0,7.0,145.68,0,0.06,Low Risk
51393,0,10.0,Phone,1,25.0,Debit Card,Male,3.0,3,Mobile,4,Married,5,0,21.0,0.0,1.0,0.0,130.22,0,0.03,Low Risk
51394,0,19.0,Computer,3,11.0,E wallet,Male,3.0,3,Laptop & Accessory,1,Single,5,1,21.0,1.0,1.0,8.0,157.72,0,0.23,Low Risk
51395,0,9.0,Phone,1,14.0,Debit Card,Male,2.0,1,Mobile,1,Married,2,0,19.0,1.0,1.0,1.0,122.69,0,0.02,Low Risk
51396,1,11.0,Mobile Phone,1,6.0,Debit Card,Male,3.0,4,Fashion,3,Single,10,1,13.0,0.0,1.0,0.0,153.81,1,0.91,High Risk
51397,1,0.0,Phone,1,11.0,COD,Male,2.0,3,Mobile,3,Single,2,1,13.0,0.0,2.0,2.0,134.41,1,0.74,High Risk
51398,0,17.0,Mobile Phone,3,6.0,E wallet,Female,3.0,3,Laptop & Accessory,5,Married,6,1,21.0,1.0,1.0,3.0,154.54,0,0.07,Low Risk
51399,0,8.0,Computer,1,17.0,Credit Card,Male,3.0,4,Fashion,5,Married,3,1,13.0,1.0,2.0,3.0,198.84,0,0.07,Low Risk
51400,0,0.0,Phone,3,29.0,E wallet,Female,2.0,4,Laptop & Accessory,1,Married,8,1,19.0,0.0,1.0,0.0,141.57,0,0.21,Low Risk
51401,0,6.0,Computer,1,29.0,Debit Card,Female,3.0,3,Fashion,1,Single,2,1,12.0,3.0,2.0,12.0,234.57999999999998,0,0.09,Low Risk
51402,0,8.0,Computer,3,5.0,Debit Card,Male,3.0,3,Fashion,5,Married,2,0,22.0,0.0,1.0,8.0,190.69,0,0.02,Low Risk
51403,0,8.0,Phone,1,29.0,Credit Card,Female,1.0,3,Mobile Phone,5,Married,4,1,15.0,0.0,2.0,2.0,140.14,0,0.08,Low Risk
51404,0,4.0,Mobile Phone,1,13.0,Debit Card,Male,2.0,3,Laptop & Accessory,1,Married,4,0,22.0,0.0,1.0,7.0,159.15,0,0.0,Low Risk
51405,0,10.0,Mobile Phone,1,6.0,Debit Card,Male,2.0,4,Laptop & Accessory,3,Married,2,0,18.0,0.0,1.0,7.0,159.93,0,0.0,Low Risk
51406,0,5.0,Mobile Phone,1,6.0,Credit Card,Male,2.0,3,Laptop & Accessory,1,Married,2,1,22.0,5.0,7.0,8.0,161.62,0,0.02,Low Risk
51407,0,11.0,Computer,1,14.0,Debit Card,Female,2.0,3,Laptop & Accessory,1,Single,2,0,11.0,6.0,9.0,9.0,124.06,0,0.12,Low Risk
51408,0,23.0,Mobile Phone,1,13.0,Credit Card,Female,2.0,4,Others,3,Married,6,1,12.0,1.0,13.0,8.0,287.4,0,0.01,Low Risk
51409,0,30.0,Mobile Phone,3,31.0,Debit Card,Female,4.0,3,Fashion,5,Single,8,0,11.0,6.0,7.0,9.0,176.37,0,0.04,Low Risk
51410,0,9.0,Mobile Phone,1,14.0,Cash on Delivery,Female,2.0,3,Fashion,3,Married,2,0,13.0,7.0,12.0,8.0,200.96,0,0.07,Low Risk
51411,0,28.0,Mobile Phone,1,14.0,Credit Card,Female,2.0,3,Grocery,3,Married,3,1,14.0,1.0,2.0,2.0,247.56,0,0.02,Low Risk
51412,0,9.0,Computer,1,17.0,Debit Card,Male,3.0,4,Laptop & Accessory,4,Single,2,0,13.0,1.0,1.0,3.0,164.99,0,0.02,Low Risk
51413,0,18.0,Mobile Phone,1,13.0,Debit Card,Male,2.0,3,Fashion,5,Married,3,0,17.0,0.0,1.0,0.0,197.24,0,0.0,Low Risk
51414,0,9.0,Computer,1,6.0,CC,Male,3.0,3,Mobile,5,Married,5,0,13.0,0.0,1.0,2.0,121.94,0,0.03,Low Risk
51415,1,0.0,Phone,1,15.0,CC,Male,3.0,4,Mobile,3,Married,1,1,17.0,1.0,1.0,0.0,133.88,1,0.86,High Risk
51416,0,30.0,Computer,3,6.0,Debit Card,Female,2.0,4,Laptop & Accessory,3,Single,8,0,11.0,1.0,1.0,3.0,154.73,0,0.02,Low Risk
51417,0,2.0,Phone,1,8.0,Debit Card,Male,3.0,3,Mobile,4,Married,1,0,23.0,1.0,1.0,4.0,127.03,0,0.01,Low Risk
51418,0,4.0,Phone,1,14.0,CC,Male,2.0,3,Mobile,4,Single,2,0,17.0,1.0,1.0,0.0,125.00999999999999,0,0.08,Low Risk
51419,0,5.0,Mobile Phone,1,6.0,Debit Card,Male,3.0,3,Laptop & Accessory,4,Married,2,0,17.0,1.0,1.0,9.0,162.2,0,0.0,Low Risk
51420,0,9.0,Phone,1,12.0,Debit Card,Female,3.0,1,Mobile,1,Married,4,0,12.0,0.0,1.0,0.0,130.38,0,0.01,Low Risk
51421,0,4.0,Phone,1,14.0,Debit Card,Female,3.0,3,Laptop & Accessory,1,Single,2,0,23.0,1.0,1.0,8.0,144.24,0,0.01,Low Risk
51422,0,8.0,Phone,3,6.0,E wallet,Male,2.0,4,Laptop & Accessory,5,Single,1,0,14.0,1.0,2.0,8.0,143.12,0,0.01,Low Risk
51423,0,18.0,Mobile Phone,1,12.0,UPI,Male,2.0,3,Fashion,5,Married,5,1,14.0,1.0,2.0,0.0,232.45,0,0.05,Low Risk
51424,0,10.0,Mobile Phone,1,13.0,Credit Card,Male,1.0,3,Fashion,3,Single,5,0,13.0,0.0,2.0,2.0,236.64,0,0.0,Low Risk
51425,0,19.0,Mobile Phone,2,11.0,Credit Card,Male,3.0,3,Laptop & Accessory,4,Married,2,1,22.0,1.0,1.0,2.0,150.21,0,0.01,Low Risk
51426,0,3.0,Mobile Phone,1,6.0,Debit Card,Male,2.0,4,Laptop & Accessory,1,Married,2,1,12.0,1.0,3.0,0.0,151.26,0,0.06,Low Risk
51427,0,8.0,Phone,1,6.0,CC,Male,3.0,4,Mobile,3,Single,2,0,18.0,1.0,1.0,4.0,128.59,0,0.01,Low Risk
51428,0,28.0,Mobile Phone,3,6.0,Debit Card,Male,3.0,3,Fashion,1,Married,4,0,14.0,0.0,1.0,0.0,202.39,0,0.02,Low Risk
51429,0,11.0,Computer,1,12.0,Credit Card,Female,3.0,5,Laptop & Accessory,1,Married,8,1,12.0,0.0,1.0,9.0,153.29,0,0.02,Low Risk
51430,0,7.0,Phone,1,6.0,Credit Card,Male,3.0,3,Laptop & Accessory,4,Married,2,0,15.0,1.0,1.0,3.0,143.25,0,0.0,Low Risk
51431,0,29.0,Mobile Phone,1,13.0,Debit Card,Male,2.0,5,Fashion,1,Single,5,0,11.0,0.0,1.0,2.0,172.6,0,0.05,Low Risk
51432,0,0.0,Phone,3,14.0,COD,Male,3.0,3,Mobile,5,Married,4,0,13.0,1.0,1.0,0.0,123.22,0,0.23,Low Risk
51433,0,9.0,Phone,1,15.0,Debit Card,Male,3.0,3,Mobile,1,Married,4,0,23.0,1.0,1.0,3.0,120.75,0,0.01,Low Risk
51434,0,3.0,Phone,1,8.0,Debit Card,Male,4.0,4,Laptop & Accessory,1,Married,2,0,19.0,3.0,10.0,8.0,141.52,0,0.03,Low Risk
51435,1,9.0,Mobile Phone,3,15.0,Credit Card,Male,3.0,4,Fashion,1,Single,2,0,16.0,3.0,4.0,7.0,196.19,1,0.74,High Risk
51436,0,13.0,Computer,1,6.0,Debit Card,Male,3.0,4,Grocery,4,Married,2,0,22.0,5.0,2.0,11.0,235.02999999999997,0,0.01,Low Risk
51437,0,24.0,Mobile Phone,3,27.0,E wallet,Male,3.0,3,Laptop & Accessory,1,Single,1,1,22.0,0.0,1.0,0.0,154.41,0,0.21,Low Risk
51438,0,3.0,Mobile Phone,3,10.0,Credit Card,Female,3.0,4,Laptop & Accessory,4,Married,2,1,12.0,2.0,2.0,7.0,152.09,0,0.03,Low Risk
51439,0,19.0,Computer,1,6.0,Credit Card,Male,2.0,4,Fashion,5,Married,3,1,13.0,4.0,9.0,5.0,206.73000000000002,0,0.04,Low Risk
51440,0,5.0,Mobile Phone,3,12.0,Credit Card,Male,2.0,3,Laptop & Accessory,3,Single,2,0,16.0,5.0,5.0,7.0,150.1,0,0.06,Low Risk
51441,0,27.0,Mobile Phone,1,8.0,Cash on Delivery,Female,2.0,3,Fashion,3,Married,10,0,12.0,0.0,2.0,3.0,235.49,0,0.0,Low Risk
51442,0,0.0,Mobile Phone,3,9.0,UPI,Female,2.0,3,Laptop & Accessory,3,Married,1,0,21.0,0.0,1.0,2.0,149.99,0,0.1,Low Risk
51443,0,1.0,Computer,3,10.0,Credit Card,Male,2.0,3,Laptop & Accessory,3,Married,2,0,15.0,0.0,1.0,4.0,142.21,0,0.07,Low Risk
51444,0,30.0,Mobile Phone,3,16.0,Credit Card,Male,2.0,3,Grocery,3,Single,1,0,13.0,0.0,2.0,8.0,238.72000000000003,0,0.01,Low Risk
51445,0,9.0,Computer,1,29.0,CC,Male,3.0,3,Laptop & Accessory,4,Married,5,0,12.0,0.0,1.0,2.0,120.41999999999999,0,0.08,Low Risk
51446,1,9.0,Phone,2,12.0,UPI,Male,3.0,3,Mobile,5,Married,5,1,22.0,0.0,1.0,2.0,120.72999999999999,1,0.93,High Risk
51447,0,5.0,Phone,1,6.0,Debit Card,Male,3.0,3,Mobile,5,Single,2,0,13.0,0.0,1.0,0.0,129.56,0,0.1,Low Risk
51448,1,0.0,Computer,1,12.0,Debit Card,Female,3.0,4,Mobile,1,Single,2,1,18.0,0.0,1.0,0.0,129.26,1,0.95,High Risk
51449,0,7.0,Phone,1,12.0,UPI,Female,2.0,3,Laptop & Accessory,3,Single,2,0,14.0,0.0,2.0,10.0,148.09,0,0.0,Low Risk
51450,0,10.0,Computer,1,8.0,Debit Card,Male,3.0,4,Laptop & Accessory,1,Married,6,0,14.0,1.0,1.0,0.0,151.63,0,0.01,Low Risk
51451,0,30.0,Computer,2,8.0,UPI,Female,2.0,4,Others,1,Married,10,0,21.0,1.0,2.0,2.0,288.44,0,0.0,Low Risk
51452,0,23.0,Computer,1,6.0,Debit Card,Female,3.0,3,Others,4,Married,4,1,19.0,1.0,1.0,7.0,281.72,0,0.02,Low Risk
51453,1,0.0,Mobile Phone,3,11.0,E wallet,Male,2.0,4,Laptop & Accessory,3,Single,2,1,11.0,0.0,1.0,3.0,157.44,1,0.91,High Risk
51454,0,0.0,Phone,1,13.0,CC,Male,3.0,4,Mobile,1,Married,2,0,11.0,0.0,2.0,1.0,128.89,0,0.13,Low Risk
51455,0,0.0,Phone,1,21.0,CC,Female,3.0,3,Mobile,1,Single,2,0,15.0,1.0,1.0,0.0,128.71,0,0.06,Low Risk
51456,0,24.0,Computer,1,6.0,Credit Card,Female,1.0,4,Fashion,5,Single,4,0,20.0,4.0,12.0,8.0,174.84,0,0.01,Low Risk
51457,1,0.0,Computer,1,13.0,Debit Card,Male,3.0,5,Laptop & Accessory,3,Single,2,1,24.0,1.0,1.0,6.0,160.74,1,0.83,High Risk
51458,0,27.0,Computer,2,32.0,UPI,Female,1.0,1,Grocery,1,Single,3,1,12.0,1.0,4.0,4.0,273.28,0,0.03,Low Risk
51459,0,0.0,Phone,1,24.0,Debit Card,Male,3.0,3,Mobile,3,Married,1,0,12.0,0.0,1.0,2.0,127.74000000000001,0,0.04,Low Risk
51460,0,7.0,Phone,1,12.0,Debit Card,Female,2.0,4,Laptop & Accessory,4,Married,7,0,15.0,1.0,1.0,0.0,145.05,0,0.03,Low Risk
51461,0,10.0,Mobile Phone,3,9.0,Debit Card,Male,2.0,3,Fashion,1,Single,3,0,12.0,0.0,1.0,3.0,174.28,0,0.01,Low Risk
51462,0,7.0,Mobile Phone,1,11.0,Credit Card,Female,2.0,4,Fashion,5,Single,3,0,12.0,2.0,5.0,3.0,216.31,0,0.01,Low Risk
51463,0,9.0,Computer,3,17.0,Cash on Delivery,Female,3.0,3,Fashion,1,Married,1,0,14.0,0.0,2.0,8.0,197.38,0,0.11,Low Risk
51464,0,9.0,Phone,1,9.0,Debit Card,Female,3.0,3,Mobile,1,Married,6,0,22.0,0.0,1.0,0.0,128.35,0,0.0,Low Risk
51465,0,16.0,Computer,3,32.0,Debit Card,Male,3.0,3,Grocery,1,Married,2,1,12.0,1.0,4.0,12.0,269.59,0,0.04,Low Risk
51466,0,3.0,Computer,1,14.0,Debit Card,Male,3.0,5,Mobile,3,Married,2,0,25.0,0.0,1.0,9.0,126.13,0,0.01,Low Risk
51467,0,6.0,Computer,3,28.0,E wallet,Male,3.0,3,Laptop & Accessory,4,Married,1,0,13.0,0.0,1.0,7.0,161.46,0,0.01,Low Risk
51468,1,19.0,Mobile Phone,1,20.0,Debit Card,Female,3.0,3,Mobile Phone,4,Married,10,1,18.0,3.0,4.0,3.0,149.63,1,0.86,High Risk
51469,0,24.0,Mobile Phone,1,12.0,Debit Card,Male,2.0,3,Others,3,Single,8,0,15.0,8.0,15.0,15.0,295.37,0,0.05,Low Risk
51470,1,0.0,Mobile Phone,3,12.0,Debit Card,Male,3.0,5,Laptop & Accessory,3,Married,5,1,18.0,0.0,7.0,7.0,161.72,1,0.88,High Risk
51471,0,0.0,Phone,1,14.0,UPI,Female,2.0,4,Mobile,4,Married,2,0,19.0,2.0,4.0,3.0,123.68,0,0.06,Low Risk
51472,1,20.0,Mobile Phone,1,29.0,Credit Card,Female,3.0,3,Fashion,1,Married,2,0,12.0,7.0,15.0,6.0,203.12,1,0.82,High Risk
51473,1,9.0,Mobile Phone,3,28.0,E wallet,Male,2.0,3,Mobile Phone,3,Single,2,1,19.0,1.0,1.0,0.0,116.75,1,0.92,High Risk
51474,0,0.0,Phone,1,14.0,COD,Male,3.0,3,Mobile,1,Married,1,0,14.0,2.0,2.0,1.0,125.22999999999999,0,0.04,Low Risk
51475,0,22.0,Mobile Phone,1,26.0,Credit Card,Female,3.0,3,Laptop & Accessory,5,Married,2,0,14.0,5.0,5.0,11.0,165.67,0,0.01,Low Risk
51476,0,16.0,Computer,1,34.0,Credit Card,Female,3.0,1,Mobile Phone,3,Single,5,0,12.0,0.0,1.0,2.0,147.39,0,0.08,Low Risk
51477,0,23.0,Computer,3,18.0,E wallet,Female,3.0,3,Fashion,1,Single,5,0,11.0,1.0,2.0,1.0,192.08,0,0.05,Low Risk
51478,1,0.0,Phone,3,26.0,Debit Card,Female,3.0,5,Laptop & Accessory,3,Married,4,1,11.0,0.0,2.0,2.0,145.59,1,0.9,High Risk
51479,0,14.0,Mobile Phone,3,15.0,Debit Card,Male,3.0,3,Fashion,3,Married,4,1,13.0,0.0,1.0,7.0,181.89,0,0.07,Low Risk
51480,0,0.0,Phone,2,31.0,Debit Card,Female,3.0,3,Mobile,3,Married,2,0,23.0,2.0,5.0,7.0,129.42,0,0.2,Low Risk
51481,0,9.0,Phone,1,12.0,Credit Card,Male,2.0,3,Laptop & Accessory,4,Married,7,0,20.0,0.0,1.0,1.0,149.41,0,0.03,Low Risk
51482,1,14.0,Computer,1,14.0,Debit Card,Male,2.0,5,Fashion,1,Single,3,0,15.0,1.0,1.0,3.0,206.5,1,0.83,High Risk
51483,0,12.0,Mobile Phone,3,10.0,Debit Card,Female,2.0,4,Laptop & Accessory,3,Married,5,0,14.0,5.0,5.0,9.0,159.02,0,0.0,Low Risk
51484,0,0.0,Mobile Phone,3,34.0,Debit Card,Male,2.0,4,Laptop & Accessory,3,Married,3,0,18.0,1.0,2.0,2.0,186.39,0,0.16,Low Risk
51485,0,3.0,Mobile Phone,2,15.0,UPI,Male,2.0,3,Laptop & Accessory,1,Married,1,1,19.0,4.0,4.0,7.0,163.47,0,0.0,Low Risk
51486,1,0.0,Phone,1,15.0,Credit Card,Female,2.0,3,Mobile Phone,5,Single,8,0,22.0,1.0,1.0,4.0,142.0,1,0.93,High Risk
51487,0,18.0,Phone,1,35.0,CC,Male,2.0,3,Mobile,1,Single,6,0,13.0,1.0,1.0,3.0,134.52,0,0.02,Low Risk
51488,0,11.0,Phone,1,9.0,COD,Female,2.0,3,Laptop & Accessory,3,Single,4,1,20.0,2.0,2.0,2.0,143.17,0,0.03,Low Risk
51489,0,3.0,Phone,1,14.0,Debit Card,Female,3.0,3,Mobile,3,Single,2,0,14.0,1.0,1.0,4.0,126.32,0,0.0,Low Risk
51490,0,5.0,Computer,3,15.0,Credit Card,Male,2.0,5,Laptop & Accessory,1,Married,1,0,17.0,0.0,1.0,7.0,146.68,0,0.0,Low Risk
51491,0,3.0,Phone,1,11.0,COD,Female,2.0,3,Mobile,5,Married,6,0,14.0,0.0,2.0,30.0,132.04,0,0.02,Low Risk
51492,0,3.0,Phone,1,8.0,CC,Male,3.0,4,Mobile,1,Single,1,0,13.0,0.0,1.0,2.0,127.19999999999999,0,0.01,Low Risk
51493,0,14.0,Computer,1,16.0,Debit Card,Male,3.0,4,Grocery,5,Married,5,0,13.0,1.0,7.0,7.0,271.81,0,0.0,Low Risk
51494,0,9.0,Phone,1,15.0,Debit Card,Male,3.0,3,Mobile,5,Married,3,0,21.0,0.0,1.0,4.0,122.38,0,0.01,Low Risk
51495,0,9.0,Mobile Phone,1,9.0,Credit Card,Female,3.0,3,Mobile Phone,4,Single,2,0,14.0,1.0,1.0,0.0,114.83000000000001,0,0.17,Low Risk
51496,0,13.0,Computer,1,32.0,Credit Card,Female,2.0,3,Laptop & Accessory,4,Married,2,0,11.0,0.0,2.0,13.0,156.05,0,0.01,Low Risk
51497,0,8.0,Mobile Phone,3,6.0,E wallet,Male,3.0,3,Fashion,4,Married,2,0,13.0,0.0,1.0,6.0,172.95,0,0.02,Low Risk
51498,0,9.0,Phone,3,12.0,E wallet,Male,2.0,3,Laptop & Accessory,3,Married,3,1,20.0,0.0,4.0,5.0,123.06,0,0.01,Low Risk
51499,0,18.0,Phone,1,14.0,Debit Card,Male,2.0,3,Laptop & Accessory,4,Married,9,0,18.0,1.0,1.0,15.0,123.47999999999999,0,0.01,Low Risk
51500,0,5.0,Computer,3,14.0,E wallet,Female,2.0,3,Fashion,1,Single,2,0,14.0,2.0,3.0,7.0,189.98,0,0.04,Low Risk
51501,0,2.0,Computer,1,6.0,COD,Male,2.0,3,Laptop & Accessory,3,Married,2,0,13.0,0.0,1.0,9.0,143.19,0,0.01,Low Risk
51502,0,24.0,Mobile Phone,1,13.0,Credit Card,Male,2.0,4,Laptop & Accessory,3,Married,3,0,17.0,1.0,1.0,0.0,161.32,0,0.02,Low Risk
51503,0,30.0,Phone,1,15.0,CC,Female,3.0,4,Mobile,4,Married,5,1,20.0,1.0,1.0,0.0,133.46,0,0.0,Low Risk
51504,0,13.0,Mobile Phone,3,10.0,E wallet,Male,3.0,4,Fashion,1,Married,8,0,11.0,1.0,2.0,11.0,208.55,0,0.04,Low Risk
51505,0,9.0,Computer,3,8.0,E wallet,Female,3.0,3,Mobile,3,Married,7,0,18.0,0.0,1.0,2.0,122.31,0,0.0,Low Risk
51506,0,0.0,Phone,1,14.0,CC,Male,3.0,3,Mobile,1,Married,2,0,24.0,2.0,2.0,2.0,123.22999999999999,0,0.08,Low Risk
51507,0,9.0,Computer,1,15.0,CC,Male,2.0,3,Mobile,4,Married,7,0,18.0,2.0,2.0,2.0,120.24000000000001,0,0.08,Low Risk
51508,0,1.0,Phone,1,27.0,CC,Male,3.0,3,Mobile,1,Married,2,0,11.0,0.0,1.0,2.0,127.13,0,0.01,Low Risk
51509,0,30.0,Mobile Phone,1,30.0,Debit Card,Male,2.0,1,Fashion,1,Married,4,1,16.0,1.0,1.0,4.0,194.39,0,0.0,Low Risk
51510,0,0.0,Computer,1,14.0,CC,Male,3.0,4,Mobile,3,Married,2,1,15.0,0.0,1.0,1.0,125.66,0,0.39,Low Risk
51511,0,23.0,Mobile Phone,1,17.0,Debit Card,Female,2.0,3,Others,4,Single,4,0,15.0,0.0,4.0,4.0,299.26,0,0.01,Low Risk
51512,0,14.0,Phone,1,14.0,Debit Card,Male,2.0,3,Mobile,3,Married,5,0,12.0,1.0,1.0,8.0,124.50999999999999,0,0.02,Low Risk
51513,0,3.0,Mobile Phone,3,11.0,Debit Card,Female,2.0,3,Fashion,1,Married,3,0,12.0,1.0,7.0,4.0,194.19,0,0.01,Low Risk
51514,0,11.0,Mobile Phone,3,6.0,Debit Card,Female,2.0,4,Laptop & Accessory,1,Single,5,0,22.0,0.0,1.0,7.0,186.86,0,0.01,Low Risk
51515,0,5.0,Phone,1,12.0,Debit Card,Male,3.0,3,Mobile,3,Single,4,0,20.0,0.0,1.0,4.0,130.38,0,0.0,Low Risk
51516,0,0.0,Phone,1,23.0,COD,Male,3.0,3,Mobile,4,Married,1,1,16.0,0.0,1.0,1.0,130.58,0,0.32,Low Risk
51517,1,0.0,Computer,3,14.0,COD,Female,3.0,5,Mobile,5,Single,1,0,21.0,1.0,1.0,0.0,123.25,1,0.89,High Risk
51518,0,9.0,Computer,1,9.0,CC,Male,1.0,3,Mobile,4,Single,5,0,12.0,2.0,7.0,2.0,120.88,0,0.0,Low Risk
51519,0,3.0,Computer,1,15.0,CC,Male,3.0,3,Laptop & Accessory,5,Married,2,0,11.0,5.0,6.0,10.0,130.72,0,0.05,Low Risk
51520,0,18.0,Mobile Phone,3,10.0,Debit Card,Female,1.0,3,Laptop & Accessory,5,Married,5,1,11.0,0.0,1.0,3.0,150.06,0,0.0,Low Risk
51521,0,29.0,Phone,1,14.0,Debit Card,Female,3.0,3,Mobile Phone,5,Married,5,1,18.0,2.0,2.0,2.0,142.57,0,0.05,Low Risk
51522,0,6.0,Phone,1,14.0,Debit Card,Male,2.0,3,Mobile,1,Single,1,0,14.0,1.0,1.0,2.0,125.0,0,0.01,Low Risk
51523,1,0.0,Mobile Phone,1,8.0,Debit Card,Male,2.0,4,Mobile Phone,1,Single,2,0,22.0,1.0,1.0,0.0,111.02000000000001,1,0.89,High Risk
51524,0,19.0,Mobile Phone,3,6.0,E wallet,Female,3.0,3,Fashion,5,Married,2,0,25.0,8.0,15.0,7.0,204.53,0,0.01,Low Risk
51525,0,9.0,Phone,1,15.0,Debit Card,Female,3.0,3,Mobile,1,Single,2,0,12.0,1.0,2.0,1.0,122.88,0,0.02,Low Risk
51526,0,4.0,Phone,1,18.0,Credit Card,Female,3.0,3,Mobile Phone,1,Married,9,1,23.0,1.0,1.0,2.0,139.29,0,0.09,Low Risk
51527,0,9.0,Phone,1,33.0,CC,Female,3.0,3,Mobile,4,Single,3,0,15.0,0.0,1.0,2.0,123.11000000000001,0,0.02,Low Risk
51528,1,4.0,Phone,3,26.0,E wallet,Female,3.0,3,Mobile,4,Single,2,1,22.0,0.0,1.0,2.0,131.4,0,0.49,Medium Risk
51529,0,23.0,Phone,1,6.0,Credit Card,Male,2.0,4,Mobile Phone,3,Married,3,0,15.0,1.0,1.0,2.0,136.9,0,0.0,Low Risk
51530,0,26.0,Phone,1,19.0,Credit Card,Female,2.0,1,Laptop & Accessory,5,Married,2,0,11.0,1.0,1.0,3.0,144.5,0,0.0,Low Risk
51531,0,6.0,Phone,1,20.0,CC,Female,3.0,3,Mobile,4,Married,2,0,13.0,1.0,1.0,6.0,127.56,0,0.0,Low Risk
51532,0,13.0,Mobile Phone,1,10.0,Credit Card,Female,2.0,3,Others,3,Married,2,0,14.0,1.0,9.0,9.0,290.33,0,0.0,Low Risk
51533,0,28.0,Mobile Phone,1,20.0,Credit Card,Male,3.0,1,Others,4,Single,9,0,11.0,1.0,2.0,15.0,287.22,0,0.01,Low Risk
51534,0,7.0,Computer,1,8.0,Debit Card,Male,2.0,4,Laptop & Accessory,3,Married,2,0,17.0,0.0,1.0,9.0,195.47,0,0.01,Low Risk
51535,0,24.0,Mobile Phone,1,9.0,Credit Card,Female,3.0,3,Grocery,4,Single,4,0,18.0,1.0,2.0,0.0,237.33999999999997,0,0.0,Low Risk
51536,0,25.0,Mobile Phone,1,6.0,Debit Card,Male,3.0,4,Others,3,Married,1,0,15.0,7.0,11.0,9.0,299.99,0,0.0,Low Risk
51537,0,9.0,Phone,1,15.0,CC,Female,4.0,3,Mobile,4,Single,2,0,16.0,0.0,1.0,3.0,122.78999999999999,0,0.0,Low Risk
51538,1,0.0,Mobile Phone,1,29.0,Debit Card,Male,2.0,4,Laptop & Accessory,3,Married,4,1,13.0,1.0,1.0,1.0,159.16,1,0.93,High Risk
51539,0,9.0,Computer,1,13.0,CC,Male,2.0,1,Mobile,1,Married,5,0,14.0,1.0,2.0,2.0,120.88999999999999,0,0.01,Low Risk
51540,0,18.0,Computer,1,8.0,Credit Card,Male,3.0,4,Grocery,1,Married,10,0,23.0,1.0,11.0,8.0,267.92,0,0.0,Low Risk
51541,0,10.0,Phone,1,27.0,Debit Card,Male,3.0,1,Mobile Phone,5,Married,2,1,12.0,1.0,1.0,7.0,135.64,0,0.08,Low Risk
51542,0,8.0,Computer,1,8.0,Credit Card,Female,2.0,3,Laptop & Accessory,4,Single,6,0,11.0,0.0,1.0,2.0,144.25,0,0.0,Low Risk
51543,0,15.0,Computer,1,27.0,Credit Card,Female,2.0,3,Laptop & Accessory,3,Married,3,0,16.0,0.0,1.0,2.0,152.65,0,0.0,Low Risk
51544,0,11.0,Mobile Phone,1,8.0,Debit Card,Male,2.0,3,Laptop & Accessory,3,Married,10,0,14.0,1.0,1.0,0.0,165.53,0,0.01,Low Risk
51545,0,11.0,Mobile Phone,1,35.0,COD,Male,2.0,3,Laptop & Accessory,1,Married,4,0,18.0,0.0,1.0,7.0,162.61,0,0.01,Low Risk
51546,0,0.0,Computer,1,6.0,COD,Male,2.0,4,Laptop & Accessory,5,Married,6,0,19.0,2.0,2.0,0.0,142.98,0,0.07,Low Risk
51547,0,22.0,Computer,1,24.0,Debit Card,Male,3.0,3,Laptop & Accessory,1,Married,2,1,15.0,0.0,1.0,7.0,168.04,0,0.01,Low Risk
51548,0,7.0,Computer,1,16.0,Credit Card,Male,2.0,3,Mobile Phone,3,Married,2,1,17.0,2.0,2.0,0.0,138.15,0,0.27,Low Risk
51549,0,13.0,Phone,1,25.0,CC,Male,3.0,3,Laptop & Accessory,1,Married,9,1,15.0,3.0,3.0,7.0,127.41,0,0.01,Low Risk
51550,1,1.0,Mobile Phone,1,35.0,Credit Card,Male,3.0,3,Laptop & Accessory,5,Married,8,1,19.0,1.0,1.0,0.0,166.73,1,0.57,Medium Risk
51551,1,0.0,Mobile Phone,3,33.0,E wallet,Female,2.0,3,Fashion,1,Married,2,0,22.0,0.0,1.0,9.0,176.39,1,0.89,High Risk
51552,0,0.0,Phone,1,14.0,Debit Card,Male,2.0,1,Mobile,4,Married,2,1,16.0,2.0,2.0,2.0,123.28,0,0.28,Low Risk
51553,0,9.0,Computer,1,24.0,CC,Female,3.0,3,Mobile,1,Single,2,0,13.0,0.0,1.0,7.0,121.53,0,0.0,Low Risk
51554,0,13.0,Computer,1,15.0,Debit Card,Male,3.0,4,Laptop & Accessory,1,Married,10,0,14.0,0.0,1.0,2.0,148.76,0,0.0,Low Risk
51555,0,19.0,Mobile Phone,1,6.0,Credit Card,Male,3.0,3,Fashion,5,Married,8,0,16.0,0.0,1.0,3.0,193.96,0,0.0,Low Risk
51556,1,0.0,Mobile Phone,3,10.0,Credit Card,Male,2.0,5,Fashion,1,Married,2,0,11.0,6.0,9.0,8.0,204.0,1,0.97,High Risk
51557,0,3.0,Computer,1,6.0,Debit Card,Male,2.0,4,Fashion,3,Single,2,0,22.0,4.0,5.0,8.0,184.74,0,0.03,Low Risk
51558,0,0.0,Computer,3,26.0,Debit Card,Female,2.0,3,Laptop & Accessory,3,Single,2,0,14.0,1.0,1.0,7.0,199.81,0,0.02,Low Risk
51559,0,24.0,Mobile Phone,1,14.0,Debit Card,Male,2.0,4,Fashion,4,Married,6,0,16.0,2.0,4.0,3.0,224.89999999999998,0,0.02,Low Risk
51560,1,0.0,Phone,1,14.0,COD,Female,2.0,3,Mobile,5,Single,6,1,11.0,0.0,1.0,4.0,126.57,1,0.96,High Risk
51561,0,14.0,Mobile Phone,3,12.0,Debit Card,Female,3.0,3,Fashion,1,Single,4,1,18.0,0.0,2.0,0.0,235.91000000000003,0,0.02,Low Risk
51562,1,0.0,Computer,3,32.0,E wallet,Female,2.0,4,Laptop & Accessory,5,Single,6,0,15.0,1.0,1.0,1.0,166.96,1,0.98,High Risk
51563,1,9.0,Phone,1,6.0,Cash on Delivery,Male,2.0,3,Mobile,3,Single,1,0,14.0,0.0,1.0,5.0,120.58000000000001,1,0.65,Medium Risk
51564,0,18.0,Computer,3,12.0,Credit Card,Female,2.0,4,Fashion,1,Single,7,0,12.0,5.0,12.0,8.0,188.65,0,0.02,Low Risk
51565,0,27.0,Mobile Phone,3,9.0,E wallet,Female,2.0,3,Laptop & Accessory,5,Married,3,0,14.0,1.0,1.0,5.0,159.4,0,0.0,Low Risk
51566,0,9.0,Mobile Phone,1,11.0,Debit Card,Male,3.0,3,Laptop & Accessory,4,Single,9,0,16.0,2.0,3.0,7.0,159.14,0,0.0,Low Risk
51567,0,6.0,Phone,1,14.0,CC,Female,2.0,4,Mobile,4,Married,7,0,21.0,0.0,1.0,1.0,126.22,0,0.07,Low Risk
51568,0,10.0,Computer,1,17.0,UPI,Male,2.0,3,Fashion,1,Married,2,1,14.0,1.0,1.0,3.0,221.85000000000002,0,0.0,Low Risk
51569,0,11.0,Mobile Phone,3,9.0,Debit Card,Male,3.0,3,Fashion,3,Married,1,0,12.0,1.0,5.0,13.0,206.08999999999997,0,0.0,Low Risk
51570,0,4.0,Computer,1,6.0,Credit Card,Male,2.0,5,Laptop & Accessory,3,Married,1,0,12.0,0.0,1.0,4.0,143.45,0,0.0,Low Risk
51571,0,9.0,Phone,1,9.0,Debit Card,Male,3.0,4,Mobile,1,Married,4,0,17.0,0.0,1.0,0.0,121.77000000000001,0,0.08,Low Risk
51572,0,10.0,Computer,3,10.0,E wallet,Male,3.0,3,Mobile,1,Married,5,0,17.0,3.0,5.0,8.0,127.93,0,0.0,Low Risk
51573,0,2.0,Computer,3,6.0,Credit Card,Female,2.0,3,Fashion,1,Married,2,0,14.0,4.0,4.0,1.0,179.18,0,0.03,Low Risk
51574,0,8.0,Computer,3,6.0,E wallet,Female,3.0,3,Fashion,3,Single,2,0,14.0,1.0,1.0,8.0,187.89,0,0.0,Low Risk
51575,1,0.0,Phone,1,14.0,CC,Male,2.0,4,Mobile,1,Single,2,1,13.0,0.0,1.0,1.0,123.88999999999999,1,0.97,High Risk
51576,0,25.0,Phone,1,8.0,Debit Card,Female,2.0,4,Mobile,1,Single,8,0,15.0,2.0,2.0,2.0,132.12,0,0.01,Low Risk
51577,0,15.0,Mobile Phone,1,10.0,Cash on Delivery,Male,2.0,3,Others,1,Married,2,0,15.0,0.0,11.0,15.0,292.32,0,0.0,Low Risk
51578,0,9.0,Phone,2,12.0,CC,Male,2.0,3,Mobile,3,Married,9,0,17.0,0.0,2.0,2.0,122.66999999999999,0,0.03,Low Risk
51579,0,23.0,Mobile Phone,3,6.0,Credit Card,Female,3.0,3,Others,1,Married,4,0,15.0,1.0,1.0,6.0,295.17,0,0.0,Low Risk
51580,1,0.0,Phone,1,14.0,CC,Male,2.0,3,Mobile,1,Married,6,1,13.0,1.0,1.0,4.0,124.36000000000001,1,0.93,High Risk
51581,0,16.0,Mobile Phone,3,22.0,E wallet,Female,3.0,3,Grocery,1,Married,6,1,22.0,0.0,2.0,9.0,260.64,0,0.03,Low Risk
51582,1,0.0,Phone,1,8.0,Debit Card,Female,3.0,3,Mobile,5,Married,8,0,20.0,1.0,1.0,7.0,127.07,1,0.56,Medium Risk
51583,0,25.0,Computer,3,8.0,Debit Card,Male,3.0,4,Others,3,Single,2,1,18.0,1.0,15.0,12.0,290.68,0,0.03,Low Risk
51584,0,5.0,Phone,3,10.0,Debit Card,Female,2.0,3,Mobile Phone,4,Married,3,0,11.0,1.0,1.0,2.0,139.31,0,0.01,Low Risk
51585,1,0.0,Phone,1,6.0,Debit Card,Male,3.0,4,Mobile Phone,3,Single,1,1,14.0,0.0,1.0,2.0,137.3,1,0.79,High Risk
51586,0,9.0,Phone,1,6.0,CC,Female,3.0,3,Mobile,3,Married,8,0,14.0,1.0,1.0,2.0,122.32,0,0.0,Low Risk
51587,0,5.0,Computer,3,32.0,E wallet,Male,3.0,3,Laptop & Accessory,1,Married,1,0,18.0,2.0,2.0,2.0,144.65,0,0.0,Low Risk
51588,0,14.0,Phone,1,25.0,Debit Card,Male,3.0,3,Laptop & Accessory,5,Married,3,0,16.0,0.0,1.0,0.0,130.72,0,0.06,Low Risk
51589,0,13.0,Phone,1,30.0,COD,Male,3.0,3,Laptop & Accessory,1,Married,2,0,17.0,2.0,4.0,7.0,133.19,0,0.0,Low Risk
51590,0,18.0,Mobile Phone,1,6.0,UPI,Male,3.0,1,Others,1,Married,1,0,15.0,1.0,1.0,7.0,292.02,0,0.01,Low Risk
51591,0,4.0,Computer,1,9.0,Credit Card,Male,3.0,3,Fashion,3,Married,10,0,12.0,2.0,2.0,2.0,236.75,0,0.02,Low Risk
51592,0,6.0,Phone,1,11.0,Debit Card,Female,3.0,4,Mobile,1,Married,2,0,13.0,0.0,1.0,2.0,129.11,0,0.0,Low Risk
51593,0,7.0,Mobile Phone,1,8.0,Debit Card,Male,2.0,4,Laptop & Accessory,5,Married,7,0,13.0,0.0,5.0,9.0,159.57,0,0.01,Low Risk
51594,0,10.0,Phone,1,6.0,Credit Card,Female,2.0,4,Mobile Phone,5,Married,3,0,14.0,0.0,1.0,2.0,139.2,0,0.01,Low Risk
51595,0,18.0,Computer,1,13.0,Debit Card,Male,3.0,1,Laptop & Accessory,3,Married,5,0,17.0,1.0,1.0,2.0,164.34,0,0.01,Low Risk
51596,1,0.0,Computer,1,16.0,Credit Card,Male,3.0,3,Fashion,3,Married,7,0,11.0,0.0,1.0,0.0,200.48,1,0.96,High Risk
51597,0,12.0,Computer,1,8.0,Cash on Delivery,Female,3.0,3,Fashion,3,Single,1,0,25.0,6.0,11.0,3.0,209.38,0,0.03,Low Risk
51598,0,2.0,Phone,1,14.0,Debit Card,Male,2.0,3,Mobile,1,Single,2,0,19.0,1.0,1.0,5.0,123.4,0,0.03,Low Risk
51599,0,15.0,Mobile Phone,1,23.0,Debit Card,Female,2.0,1,Laptop & Accessory,5,Single,4,1,13.0,1.0,1.0,2.0,165.45,0,0.0,Low Risk
51600,0,2.0,Mobile Phone,3,26.0,E wallet,Male,2.0,3,Laptop & Accessory,1,Married,3,0,14.0,1.0,1.0,2.0,169.31,0,0.0,Low Risk
51601,0,0.0,Phone,1,6.0,Debit Card,Female,3.0,3,Laptop & Accessory,3,Married,1,0,12.0,1.0,1.0,2.0,148.98,0,0.02,Low Risk
51602,0,15.0,Phone,1,14.0,CC,Female,2.0,4,Mobile,5,Married,1,1,11.0,7.0,7.0,8.0,125.93,0,0.05,Low Risk
51603,0,13.0,Mobile Phone,1,8.0,Credit Card,Male,2.0,3,Others,3,Married,1,0,15.0,3.0,3.0,9.0,294.36,0,0.01,Low Risk
51604,0,24.0,Phone,1,6.0,Debit Card,Male,3.0,3,Mobile,1,Married,2,0,11.0,1.0,1.0,0.0,127.22999999999999,0,0.04,Low Risk
51605,1,0.0,Computer,1,35.0,Credit Card,Male,3.0,4,Mobile,4,Single,1,0,11.0,0.0,1.0,4.0,134.79,1,0.86,High Risk
51606,0,5.0,Computer,1,13.0,Debit Card,Male,3.0,1,Mobile,4,Married,2,0,20.0,0.0,1.0,3.0,127.94,0,0.0,Low Risk
51607,0,11.0,Computer,3,8.0,Debit Card,Male,2.0,4,Laptop & Accessory,1,Married,4,0,18.0,1.0,7.0,5.0,152.49,0,0.01,Low Risk
51608,0,9.0,Phone,1,8.0,Cash on Delivery,Male,2.0,4,Laptop & Accessory,5,Single,5,0,13.0,0.0,1.0,4.0,121.75999999999999,0,0.0,Low Risk
51609,0,19.0,Mobile Phone,3,8.0,Cash on Delivery,Female,3.0,5,Grocery,4,Married,4,1,12.0,1.0,7.0,7.0,268.72,0,0.06,Low Risk
51610,1,0.0,Phone,1,8.0,Debit Card,Male,3.0,3,Mobile,3,Single,3,0,11.0,0.0,1.0,0.0,134.85,1,0.72,High Risk
51611,0,2.0,Mobile Phone,3,8.0,Credit Card,Male,3.0,4,Laptop & Accessory,4,Married,3,0,19.0,1.0,1.0,0.0,166.44,0,0.01,Low Risk
51612,0,4.0,Mobile Phone,1,29.0,Credit Card,Male,3.0,4,Laptop & Accessory,1,Married,1,0,21.0,0.0,7.0,8.0,155.82,0,0.01,Low Risk
51613,0,0.0,Computer,1,11.0,Debit Card,Male,2.0,1,Laptop & Accessory,5,Married,2,0,12.0,1.0,1.0,5.0,140.0,0,0.03,Low Risk
51614,0,18.0,Mobile Phone,1,26.0,Credit Card,Male,3.0,3,Grocery,1,Married,1,1,14.0,2.0,2.0,10.0,234.95999999999998,0,0.0,Low Risk
51615,0,9.0,Phone,1,12.0,Debit Card,Male,2.0,3,Mobile,1,Married,1,0,11.0,1.0,10.0,11.0,132.1,0,0.0,Low Risk
51616,0,28.0,Mobile Phone,1,6.0,Credit Card,Male,2.0,3,Others,5,Single,1,1,14.0,1.0,4.0,13.0,290.45,0,0.04,Low Risk
51617,1,10.0,Computer,1,35.0,Debit Card,Male,2.0,3,Fashion,4,Married,2,1,12.0,4.0,9.0,3.0,218.49,1,0.82,High Risk
51618,0,9.0,Phone,1,15.0,CC,Male,3.0,3,Mobile,1,Married,2,0,23.0,1.0,1.0,4.0,120.69999999999999,0,0.02,Low Risk
51619,0,10.0,Mobile Phone,3,12.0,Credit Card,Male,3.0,3,Laptop & Accessory,1,Married,5,0,14.0,1.0,1.0,1.0,165.02,0,0.01,Low Risk
51620,0,0.0,Phone,1,9.0,CC,Male,3.0,4,Mobile,3,Single,2,0,17.0,1.0,1.0,0.0,132.3,0,0.06,Low Risk
51621,0,10.0,Computer,1,6.0,Credit Card,Female,3.0,3,Fashion,1,Married,3,1,18.0,0.0,2.0,2.0,236.02999999999997,0,0.0,Low Risk
51622,0,8.0,Mobile Phone,1,28.0,Debit Card,Female,3.0,1,Fashion,4,Married,8,0,18.0,5.0,6.0,3.0,219.95999999999998,0,0.01,Low Risk
51623,0,11.0,Mobile Phone,3,13.0,Credit Card,Female,2.0,1,Laptop & Accessory,5,Married,2,1,24.0,4.0,7.0,7.0,156.05,0,0.02,Low Risk
51624,0,0.0,Computer,1,6.0,Debit Card,Female,2.0,3,Laptop & Accessory,4,Married,2,0,20.0,1.0,1.0,4.0,163.97,0,0.0,Low Risk
51625,0,23.0,Mobile Phone,1,10.0,Debit Card,Male,3.0,3,Others,4,Married,4,0,14.0,1.0,1.0,6.0,291.44,0,0.0,Low Risk
51626,0,26.0,Mobile Phone,1,9.0,Credit Card,Male,2.0,3,Grocery,3,Married,4,1,16.0,1.0,1.0,3.0,275.84,0,0.0,Low Risk
51627,0,15.0,Phone,3,6.0,Debit Card,Male,1.0,3,Laptop & Accessory,3,Married,2,0,25.0,6.0,11.0,6.0,149.07,0,0.03,Low Risk
51628,0,2.0,Computer,3,8.0,Debit Card,Male,2.0,3,Laptop & Accessory,1,Single,2,0,18.0,0.0,1.0,9.0,145.54,0,0.0,Low Risk
51629,0,28.0,Mobile Phone,1,26.0,COD,Male,2.0,3,Laptop & Accessory,1,Married,4,1,19.0,0.0,1.0,8.0,154.15,0,0.05,Low Risk
51630,0,0.0,Computer,1,17.0,Credit Card,Male,2.0,3,Laptop & Accessory,5,Married,2,1,13.0,1.0,3.0,3.0,147.41,0,0.21,Low Risk
51631,0,9.0,Phone,1,6.0,Debit Card,Female,2.0,3,Mobile,1,Single,2,0,12.0,1.0,5.0,7.0,121.15,0,0.03,Low Risk
51632,1,7.0,Computer,1,30.0,Debit Card,Male,3.0,3,Mobile,3,Married,4,1,22.0,0.0,1.0,0.0,131.61,1,0.83,High Risk
51633,0,11.0,Mobile Phone,1,29.0,Debit Card,Male,2.0,3,Laptop & Accessory,1,Married,10,0,14.0,0.0,1.0,2.0,157.45,0,0.01,Low Risk
51634,1,0.0,Phone,1,14.0,CC,Male,2.0,3,Mobile,4,Married,3,1,13.0,1.0,1.0,2.0,123.72999999999999,1,0.95,High Risk
51635,0,1.0,Phone,1,14.0,Debit Card,Female,3.0,3,Mobile,1,Single,2,0,21.0,1.0,1.0,2.0,133.1,0,0.0,Low Risk
51636,0,22.0,Computer,1,16.0,Debit Card,Female,2.0,3,Others,5,Single,10,1,11.0,1.0,1.0,2.0,286.65,0,0.07,Low Risk
51637,0,9.0,Phone,1,9.0,COD,Male,1.0,3,Laptop & Accessory,4,Single,5,0,12.0,2.0,7.0,7.0,144.85,0,0.01,Low Risk
51638,0,4.0,Computer,3,11.0,E wallet,Female,3.0,3,Mobile,4,Married,2,0,11.0,0.0,2.0,2.0,127.88999999999999,0,0.0,Low Risk
51639,1,0.0,Mobile Phone,3,10.0,E wallet,Male,2.0,4,Laptop & Accessory,1,Single,2,1,12.0,4.0,7.0,4.0,158.28,1,0.93,High Risk
51640,0,10.0,Computer,1,14.0,CC,Male,2.0,3,Mobile,1,Married,2,1,12.0,0.0,1.0,2.0,123.25999999999999,0,0.05,Low Risk
51641,0,15.0,Computer,3,32.0,E wallet,Female,3.0,3,Grocery,4,Married,6,0,14.0,3.0,2.0,8.0,235.25,0,0.01,Low Risk
51642,1,9.0,Mobile Phone,1,9.0,Debit Card,Male,2.0,3,Mobile Phone,3,Single,2,0,13.0,1.0,1.0,0.0,114.19999999999999,1,0.9,High Risk
51643,0,8.0,Mobile Phone,3,22.0,E wallet,Male,3.0,3,Fashion,4,Married,1,0,15.0,3.0,6.0,9.0,180.2,0,0.01,Low Risk
51644,0,9.0,Computer,1,24.0,Debit Card,Male,2.0,1,Mobile Phone,1,Married,5,0,18.0,1.0,1.0,0.0,136.88,0,0.04,Low Risk
51645,0,24.0,Mobile Phone,1,8.0,Credit Card,Male,2.0,5,Laptop & Accessory,4,Married,6,0,18.0,0.0,1.0,2.0,154.82,0,0.0,Low Risk
51646,0,14.0,Mobile Phone,3,8.0,Debit Card,Male,2.0,3,Grocery,4,Single,2,0,19.0,1.0,2.0,4.0,260.15,0,0.0,Low Risk
51647,0,9.0,Mobile Phone,3,16.0,Credit Card,Female,3.0,4,Mobile Phone,3,Single,2,0,12.0,0.0,1.0,0.0,112.0,0,0.14,Low Risk
51648,0,1.0,Mobile Phone,1,22.0,Credit Card,Male,3.0,1,Laptop & Accessory,5,Single,1,0,19.0,0.0,1.0,7.0,156.61,0,0.04,Low Risk
51649,0,4.0,Mobile Phone,3,13.0,COD,Male,3.0,1,Laptop & Accessory,1,Married,5,0,11.0,3.0,7.0,7.0,169.29,0,0.08,Low Risk
51650,0,12.0,Mobile Phone,1,6.0,Credit Card,Male,2.0,1,Fashion,1,Married,1,0,17.0,1.0,3.0,7.0,196.13,0,0.05,Low Risk
51651,0,9.0,Computer,1,30.0,Debit Card,Female,2.0,3,Laptop & Accessory,4,Married,8,0,15.0,1.0,1.0,8.0,156.74,0,0.01,Low Risk
51652,0,5.0,Mobile Phone,3,13.0,Debit Card,Male,3.0,4,Laptop & Accessory,3,Married,2,0,14.0,3.0,4.0,8.0,154.84,0,0.0,Low Risk
51653,0,11.0,Mobile Phone,1,31.0,Debit Card,Female,2.0,4,Fashion,4,Married,4,0,17.0,0.0,1.0,3.0,220.61,0,0.0,Low Risk
51654,0,30.0,Computer,1,6.0,Debit Card,Male,2.0,5,Laptop & Accessory,3,Married,3,1,13.0,1.0,1.0,2.0,156.6,0,0.0,Low Risk
51655,0,4.0,Phone,1,11.0,COD,Male,2.0,3,Mobile Phone,1,Married,1,1,12.0,1.0,1.0,3.0,148.21,0,0.02,Low Risk
51656,0,4.0,Mobile Phone,2,8.0,UPI,Male,3.0,4,Laptop & Accessory,5,Married,4,0,12.0,0.0,1.0,0.0,164.1,0,0.01,Low Risk
51657,0,18.0,Computer,1,13.0,Debit Card,Male,3.0,3,Fashion,5,Married,2,0,18.0,2.0,9.0,11.0,152.1,0,0.02,Low Risk
51658,0,4.0,Phone,1,8.0,Debit Card,Male,3.0,3,Mobile,1,Married,1,1,18.0,2.0,2.0,2.0,126.94999999999999,0,0.01,Low Risk
51659,0,6.0,Computer,1,11.0,Debit Card,Female,3.0,3,Fashion,4,Married,7,0,11.0,7.0,8.0,3.0,218.77999999999997,0,0.06,Low Risk
51660,0,0.0,Mobile Phone,1,16.0,Credit Card,Male,3.0,3,Grocery,5,Married,2,1,14.0,1.0,11.0,10.0,270.68,0,0.15,Low Risk
51661,0,16.0,Computer,1,14.0,Debit Card,Female,2.0,3,Mobile,1,Single,1,0,19.0,0.0,1.0,7.0,124.55000000000001,0,0.02,Low Risk
51662,0,22.0,Mobile Phone,1,6.0,Cash on Delivery,Female,2.0,4,Grocery,3,Single,8,1,12.0,0.0,2.0,7.0,239.64,0,0.06,Low Risk
51663,1,15.0,Phone,1,14.0,Credit Card,Male,2.0,4,Laptop & Accessory,4,Married,3,0,15.0,7.0,7.0,7.0,149.41,1,0.6,Medium Risk
51664,0,0.0,Phone,1,14.0,Debit Card,Female,2.0,3,Mobile,4,Single,2,1,12.0,0.0,1.0,2.0,124.78,0,0.06,Low Risk
51665,0,5.0,Mobile Phone,3,14.0,COD,Female,3.0,4,Laptop & Accessory,4,Married,2,1,11.0,11.0,11.0,9.0,152.28,0,0.0,Low Risk
51666,0,0.0,Phone,3,8.0,Debit Card,Male,3.0,3,Laptop & Accessory,3,Single,2,1,11.0,0.0,1.0,4.0,144.78,0,0.11,Low Risk
51667,0,4.0,Mobile Phone,3,13.0,E wallet,Male,3.0,3,Laptop & Accessory,1,Married,5,0,12.0,0.0,1.0,7.0,175.47,0,0.0,Low Risk
51668,0,5.0,Mobile Phone,1,8.0,Credit Card,Female,3.0,1,Laptop & Accessory,1,Single,8,0,16.0,0.0,1.0,7.0,150.55,0,0.0,Low Risk
51669,1,0.0,Phone,1,8.0,CC,Male,2.0,5,Mobile,1,Married,6,1,13.0,1.0,2.0,2.0,134.64,1,0.94,High Risk
51670,0,3.0,Mobile Phone,1,34.0,Credit Card,Female,3.0,3,Laptop & Accessory,1,Married,2,0,13.0,1.0,1.0,9.0,157.75,0,0.01,Low Risk
51671,0,4.0,Computer,1,13.0,Debit Card,Female,2.0,4,Fashion,3,Married,2,0,24.0,7.0,8.0,9.0,189.43,0,0.03,Low Risk
51672,0,12.0,Computer,1,13.0,Credit Card,Male,2.0,4,Others,1,Married,2,0,15.0,6.0,13.0,3.0,292.72,0,0.02,Low Risk
51673,1,2.0,Mobile Phone,3,9.0,Credit Card,Female,2.0,3,Laptop & Accessory,3,Married,5,1,18.0,1.0,1.0,0.0,152.38,1,0.62,Medium Risk
51674,0,6.0,Computer,3,16.0,E wallet,Male,2.0,4,Laptop & Accessory,1,Single,4,0,14.0,1.0,1.0,1.0,146.82,0,0.01,Low Risk
51675,0,20.0,Mobile Phone,1,11.0,Debit Card,Male,2.0,3,Others,3,Married,5,0,11.0,1.0,1.0,1.0,283.0,0,0.0,Low Risk
51676,0,16.0,Computer,1,16.0,Debit Card,Female,2.0,4,Laptop & Accessory,3,Married,2,0,11.0,1.0,1.0,0.0,152.57,0,0.01,Low Risk
51677,0,0.0,Computer,3,6.0,E wallet,Male,3.0,3,Laptop & Accessory,4,Married,1,1,13.0,0.0,1.0,4.0,163.49,0,0.09,Low Risk
51678,0,27.0,Computer,1,26.0,Debit Card,Female,2.0,3,Laptop & Accessory,3,Single,4,0,12.0,0.0,1.0,3.0,148.69,0,0.0,Low Risk
51679,0,16.0,Mobile Phone,1,13.0,Debit Card,Female,2.0,3,Fashion,5,Married,9,0,16.0,1.0,1.0,0.0,199.85,0,0.01,Low Risk
51680,0,18.0,Phone,1,14.0,UPI,Male,3.0,3,Laptop & Accessory,1,Married,10,0,14.0,8.0,9.0,8.0,136.97,0,0.07,Low Risk
51681,0,13.0,Mobile Phone,3,6.0,Credit Card,Male,2.0,5,Laptop & Accessory,1,Married,3,1,22.0,1.0,1.0,2.0,174.57,0,0.01,Low Risk
51682,1,9.0,Phone,1,14.0,UPI,Male,3.0,5,Mobile,5,Married,2,1,11.0,0.0,1.0,7.0,121.19,1,0.86,High Risk
51683,0,2.0,Phone,1,15.0,UPI,Male,1.0,4,Mobile Phone,1,Single,1,0,17.0,1.0,2.0,2.0,139.83,0,0.04,Low Risk
51684,0,3.0,Mobile Phone,3,11.0,E wallet,Female,1.0,4,Laptop & Accessory,3,Married,2,0,13.0,1.0,1.0,2.0,161.18,0,0.0,Low Risk
51685,0,0.0,Mobile Phone,3,14.0,E wallet,Female,2.0,3,Laptop & Accessory,4,Married,2,0,18.0,0.0,1.0,7.0,162.14,0,0.02,Low Risk
51686,0,10.0,Mobile Phone,1,11.0,Credit Card,Male,3.0,3,Laptop & Accessory,1,Married,8,0,16.0,1.0,1.0,4.0,163.47,0,0.0,Low Risk
51687,0,11.0,Mobile Phone,1,21.0,Debit Card,Male,3.0,4,Fashion,1,Married,1,1,14.0,2.0,2.0,3.0,215.10000000000002,0,0.0,Low Risk
51688,0,4.0,Mobile Phone,1,13.0,Credit Card,Female,2.0,3,Fashion,1,Single,2,1,14.0,4.0,4.0,10.0,171.43,0,0.0,Low Risk
51689,0,2.0,Mobile Phone,3,16.0,E wallet,Female,2.0,4,Laptop & Accessory,4,Married,2,1,14.0,1.0,1.0,7.0,182.68,0,0.0,Low Risk
51690,0,8.0,Mobile Phone,1,11.0,COD,Male,3.0,3,Fashion,4,Single,1,0,13.0,1.0,1.0,13.0,180.95,0,0.01,Low Risk
51691,0,0.0,Phone,1,32.0,Debit Card,Male,3.0,3,Mobile,1,Married,2,0,12.0,0.0,1.0,2.0,129.04,0,0.0,Low Risk
51692,0,14.0,Mobile Phone,1,12.0,Credit Card,Male,3.0,4,Laptop & Accessory,4,Single,7,1,15.0,1.0,1.0,2.0,160.32,0,0.01,Low Risk
51693,0,20.0,Computer,3,10.0,CC,Male,3.0,3,Laptop & Accessory,3,Single,4,0,19.0,0.0,1.0,0.0,129.76,0,0.02,Low Risk
51694,0,15.0,Mobile Phone,1,29.0,Debit Card,Female,2.0,3,Grocery,1,Single,3,0,14.0,0.0,2.0,0.0,259.92,0,0.0,Low Risk
51695,0,2.0,Computer,3,8.0,Debit Card,Male,3.0,3,Laptop & Accessory,3,Married,2,0,14.0,1.0,1.0,2.0,146.49,0,0.0,Low Risk
51696,0,15.0,Phone,2,8.0,COD,Male,3.0,3,Mobile,3,Married,1,1,11.0,1.0,1.0,0.0,126.96000000000001,0,0.03,Low Risk
51697,0,5.0,Phone,1,14.0,CC,Female,3.0,3,Mobile,4,Married,2,0,13.0,0.0,1.0,7.0,123.69999999999999,0,0.0,Low Risk
51698,0,21.0,Mobile Phone,3,35.0,Credit Card,Female,3.0,3,Fashion,3,Married,4,0,21.0,0.0,1.0,3.0,225.04000000000002,0,0.01,Low Risk
51699,0,10.0,Mobile Phone,1,12.0,Credit Card,Male,2.0,1,Laptop & Accessory,5,Married,5,1,13.0,6.0,6.0,7.0,159.74,0,0.04,Low Risk
51700,0,3.0,Computer,3,31.0,COD,Female,2.0,3,Laptop & Accessory,3,Married,8,1,12.0,2.0,2.0,2.0,147.36,0,0.1,Low Risk
51701,0,0.0,Mobile Phone,3,6.0,Debit Card,Male,2.0,3,Laptop & Accessory,3,Married,2,0,17.0,0.0,7.0,7.0,152.96,0,0.03,Low Risk
51702,0,15.0,Mobile Phone,1,8.0,UPI,Male,3.0,4,Laptop & Accessory,1,Single,4,0,23.0,1.0,1.0,0.0,167.81,0,0.0,Low Risk
51703,1,9.0,Computer,3,6.0,Cash on Delivery,Female,3.0,4,Mobile,4,Single,2,1,11.0,1.0,1.0,2.0,121.74000000000001,1,0.85,High Risk
51704,0,9.0,Computer,3,6.0,Credit Card,Female,2.0,3,Laptop & Accessory,1,Single,5,0,15.0,1.0,1.0,0.0,166.53,0,0.01,Low Risk
51705,0,9.0,Computer,3,9.0,Credit Card,Male,2.0,4,Fashion,1,Married,5,0,11.0,0.0,1.0,12.0,196.99,0,0.01,Low Risk
51706,0,30.0,Mobile Phone,1,6.0,Credit Card,Male,2.0,3,Laptop & Accessory,3,Married,3,0,11.0,0.0,1.0,2.0,167.55,0,0.02,Low Risk
51707,0,9.0,Phone,1,16.0,Debit Card,Female,2.0,1,Mobile,3,Married,4,1,13.0,0.0,1.0,7.0,122.13,0,0.1,Low Risk
51708,0,0.0,Computer,3,14.0,CC,Male,2.0,3,Mobile,1,Single,2,0,24.0,2.0,2.0,2.0,126.1,0,0.05,Low Risk
51709,1,0.0,Phone,3,11.0,E wallet,Female,3.0,3,Mobile,3,Single,2,1,13.0,0.0,1.0,0.0,128.51,1,0.93,High Risk
51710,0,10.0,Phone,1,16.0,CC,Female,3.0,3,Mobile,5,Married,7,0,20.0,1.0,1.0,3.0,134.52,0,0.0,Low Risk
51711,0,19.0,Computer,1,13.0,Credit Card,Female,1.0,3,Laptop & Accessory,3,Married,3,0,14.0,1.0,1.0,0.0,152.58,0,0.01,Low Risk
51712,1,4.0,Computer,3,10.0,E wallet,Male,2.0,3,Laptop & Accessory,4,Single,2,0,18.0,4.0,7.0,7.0,193.55,1,0.78,High Risk
51713,0,23.0,Mobile Phone,1,16.0,Cash on Delivery,Male,3.0,4,Fashion,1,Single,7,0,15.0,1.0,1.0,3.0,204.96,0,0.03,Low Risk
51714,1,3.0,Mobile Phone,3,28.0,E wallet,Male,3.0,4,Laptop & Accessory,3,Married,3,1,12.0,1.0,1.0,0.0,163.8,1,0.81,High Risk
51715,0,4.0,Phone,1,14.0,Debit Card,Male,2.0,4,Mobile,4,Single,1,1,16.0,2.0,2.0,2.0,126.57,0,0.04,Low Risk
51716,1,0.0,Phone,3,18.0,Debit Card,Female,3.0,1,Mobile,4,Single,2,0,15.0,0.0,1.0,0.0,127.16,1,0.87,High Risk
51717,0,9.0,Phone,1,29.0,Debit Card,Male,2.0,3,Mobile,1,Single,10,0,16.0,0.0,1.0,2.0,122.00999999999999,0,0.05,Low Risk
51718,0,8.0,Mobile Phone,1,15.0,Debit Card,Male,3.0,4,Laptop & Accessory,4,Single,10,0,19.0,0.0,1.0,0.0,165.4,0,0.03,Low Risk
51719,0,0.0,Phone,1,6.0,Credit Card,Male,2.0,3,Mobile Phone,4,Married,2,0,11.0,0.0,1.0,4.0,138.16,0,0.0,Low Risk
51720,0,1.0,Mobile Phone,3,15.0,Debit Card,Male,3.0,3,Laptop & Accessory,1,Single,2,0,16.0,1.0,1.0,7.0,152.53,0,0.0,Low Risk
51721,0,22.0,Mobile Phone,1,13.0,UPI,Male,2.0,4,Fashion,3,Single,9,0,24.0,1.0,1.0,3.0,209.64999999999998,0,0.01,Low Risk
51722,0,24.0,Phone,3,20.0,Debit Card,Female,2.0,3,Laptop & Accessory,1,Married,5,0,11.0,1.0,1.0,7.0,149.36,0,0.02,Low Risk
51723,0,9.0,Phone,1,14.0,Debit Card,Female,3.0,3,Mobile,3,Married,5,0,13.0,2.0,2.0,2.0,125.43,0,0.0,Low Risk
51724,1,0.0,Computer,3,25.0,E wallet,Male,3.0,1,Laptop & Accessory,1,Single,9,1,13.0,0.0,1.0,4.0,153.04,1,0.95,High Risk
51725,0,28.0,Mobile Phone,1,8.0,Debit Card,Female,3.0,3,Grocery,1,Single,3,1,13.0,1.0,1.0,2.0,266.59,0,0.0,Low Risk
51726,0,0.0,Phone,3,16.0,E wallet,Female,3.0,3,Laptop & Accessory,3,Married,2,1,12.0,0.0,1.0,3.0,142.6,0,0.21,Low Risk
51727,0,3.0,Phone,3,14.0,COD,Male,3.0,3,Mobile,4,Married,2,0,18.0,1.0,1.0,0.0,124.75999999999999,0,0.0,Low Risk
51728,1,0.0,Computer,1,9.0,COD,Male,3.0,3,Mobile,5,Single,1,0,22.0,0.0,1.0,4.0,131.02,1,0.74,High Risk
51729,0,9.0,Phone,1,17.0,CC,Female,2.0,3,Mobile,4,Married,2,0,13.0,1.0,1.0,2.0,122.44,0,0.02,Low Risk
51730,0,9.0,Mobile Phone,3,8.0,Credit Card,Male,3.0,4,Fashion,3,Married,2,0,13.0,8.0,9.0,0.0,175.96,0,0.04,Low Risk
51731,1,9.0,Computer,1,10.0,COD,Male,2.0,3,Mobile,1,Single,10,1,23.0,1.0,1.0,0.0,122.85,1,0.87,High Risk
51732,0,10.0,Phone,1,20.0,Debit Card,Female,3.0,3,Mobile,5,Married,2,0,12.0,10.0,12.0,17.0,130.34,0,0.08,Low Risk
51733,0,13.0,Mobile Phone,3,8.0,E wallet,Female,2.0,3,Laptop & Accessory,4,Married,8,0,12.0,0.0,1.0,3.0,157.15,0,0.0,Low Risk
51734,0,15.0,Phone,1,14.0,Debit Card,Female,3.0,3,Mobile,5,Married,4,0,16.0,0.0,1.0,2.0,125.75999999999999,0,0.02,Low Risk
51735,0,10.0,Phone,1,16.0,Debit Card,Male,2.0,3,Laptop & Accessory,4,Single,3,1,12.0,0.0,1.0,1.0,141.97,0,0.05,Low Risk
51736,0,16.0,Mobile Phone,1,18.0,Debit Card,Male,2.0,4,Grocery,4,Married,2,0,11.0,3.0,2.0,9.0,243.36,0,0.0,Low Risk
51737,0,13.0,Phone,1,8.0,CC,Female,3.0,4,Laptop & Accessory,3,Married,7,0,22.0,1.0,1.0,0.0,134.48,0,0.01,Low Risk
51738,0,27.0,Mobile Phone,1,11.0,Credit Card,Male,2.0,3,Others,5,Married,5,0,15.0,1.0,1.0,2.0,294.06,0,0.0,Low Risk
51739,0,7.0,Computer,3,10.0,E wallet,Female,3.0,3,Laptop & Accessory,3,Married,10,0,15.0,0.0,1.0,2.0,165.38,0,0.01,Low Risk
51740,0,4.0,Phone,1,13.0,Credit Card,Female,2.0,3,Laptop & Accessory,5,Married,2,0,12.0,3.0,3.0,12.0,143.06,0,0.0,Low Risk
51741,0,9.0,Computer,1,27.0,CC,Male,3.0,3,Mobile,1,Married,8,0,20.0,1.0,1.0,2.0,122.58000000000001,0,0.01,Low Risk
51742,0,16.0,Phone,1,14.0,UPI,Female,3.0,3,Laptop & Accessory,3,Married,5,1,14.0,1.0,1.0,2.0,145.22,0,0.01,Low Risk
51743,0,0.0,Phone,3,10.0,Debit Card,Female,3.0,4,Laptop & Accessory,1,Single,2,1,11.0,0.0,1.0,3.0,144.87,0,0.18,Low Risk
51744,0,10.0,Computer,1,31.0,Credit Card,Female,3.0,3,Laptop & Accessory,3,Married,4,1,15.0,4.0,10.0,7.0,144.49,0,0.02,Low Risk
51745,0,9.0,Phone,1,6.0,Debit Card,Male,3.0,4,Mobile,5,Married,2,0,12.0,3.0,3.0,2.0,122.18,0,0.02,Low Risk
51746,0,12.0,Computer,1,6.0,Debit Card,Male,2.0,3,Others,3,Married,2,1,14.0,0.0,1.0,6.0,291.97,0,0.0,Low Risk
51747,0,29.0,Computer,3,12.0,Debit Card,Female,2.0,1,Grocery,5,Married,10,0,11.0,6.0,2.0,7.0,232.12,0,0.03,Low Risk
51748,0,3.0,Mobile Phone,3,18.0,COD,Female,2.0,3,Laptop & Accessory,3,Single,1,0,11.0,3.0,4.0,4.0,165.77,0,0.02,Low Risk
51749,0,14.0,Mobile Phone,3,6.0,E wallet,Male,2.0,1,Fashion,5,Married,2,0,16.0,1.0,1.0,7.0,183.92,0,0.0,Low Risk
51750,0,1.0,Phone,1,23.0,Credit Card,Male,3.0,3,Laptop & Accessory,5,Married,2,0,12.0,0.0,1.0,8.0,145.58,0,0.02,Low Risk
51751,1,0.0,Phone,1,9.0,Credit Card,Male,3.0,3,Mobile Phone,5,Married,6,0,13.0,1.0,1.0,2.0,140.31,1,0.88,High Risk
51752,0,25.0,Mobile Phone,1,9.0,Credit Card,Male,2.0,4,Fashion,3,Married,3,1,14.0,1.0,1.0,4.0,179.69,0,0.0,Low Risk
51753,0,18.0,Phone,1,14.0,Debit Card,Male,3.0,3,Mobile,1,Married,4,0,21.0,0.0,1.0,2.0,126.53999999999999,0,0.01,Low Risk
51754,0,25.0,Mobile Phone,1,10.0,Debit Card,Female,1.0,3,Grocery,1,Married,3,0,13.0,1.0,1.0,4.0,265.55,0,0.0,Low Risk
51755,0,15.0,Computer,1,35.0,Debit Card,Female,3.0,3,Laptop & Accessory,3,Married,3,0,11.0,1.0,1.0,2.0,145.56,0,0.02,Low Risk
51756,0,3.0,Mobile Phone,1,8.0,Debit Card,Female,2.0,5,Laptop & Accessory,1,Single,3,0,20.0,1.0,1.0,2.0,160.91,0,0.01,Low Risk
51757,0,30.0,Mobile Phone,1,13.0,Debit Card,Female,2.0,3,Others,5,Married,6,0,15.0,1.0,11.0,10.0,295.66,0,0.0,Low Risk
51758,0,19.0,Phone,1,24.0,Credit Card,Female,2.0,3,Laptop & Accessory,3,Married,3,0,14.0,1.0,1.0,8.0,148.1,0,0.0,Low Risk
51759,0,15.0,Computer,1,34.0,COD,Female,2.0,4,Laptop & Accessory,1,Married,1,0,11.0,0.0,1.0,4.0,145.23,0,0.02,Low Risk
51760,1,0.0,Phone,3,6.0,COD,Female,3.0,3,Mobile,4,Single,2,1,16.0,0.0,1.0,4.0,132.02,1,0.94,High Risk
51761,1,0.0,Computer,3,14.0,E wallet,Female,2.0,5,Mobile,3,Married,1,0,16.0,0.0,1.0,0.0,123.50999999999999,1,0.92,High Risk
51762,0,9.0,Computer,1,8.0,Debit Card,Male,2.0,3,Mobile Phone,1,Married,2,1,23.0,1.0,1.0,0.0,117.02000000000001,0,0.25,Low Risk
51763,0,13.0,Mobile Phone,3,8.0,Debit Card,Female,3.0,3,Others,3,Married,1,0,14.0,1.0,1.0,12.0,280.41,0,0.0,Low Risk
51764,0,0.0,Phone,1,29.0,Debit Card,Female,3.0,3,Mobile,1,Married,2,0,22.0,0.0,1.0,2.0,128.86,0,0.02,Low Risk
51765,0,9.0,Computer,1,9.0,Debit Card,Male,2.0,3,Mobile,1,Married,5,0,15.0,1.0,1.0,4.0,120.97,0,0.04,Low Risk
51766,0,2.0,Mobile Phone,1,9.0,Credit Card,Male,3.0,4,Fashion,3,Married,2,0,18.0,0.0,1.0,3.0,219.35000000000002,0,0.02,Low Risk
51767,1,0.0,Phone,1,14.0,COD,Female,3.0,4,Mobile,4,Married,6,0,16.0,1.0,1.0,1.0,125.46000000000001,1,0.75,High Risk
51768,1,0.0,Phone,2,14.0,COD,Male,2.0,4,Mobile,1,Single,2,0,12.0,0.0,1.0,0.0,125.63999999999999,0,0.32,Low Risk
51769,0,3.0,Computer,3,28.0,UPI,Female,3.0,3,Fashion,5,Married,1,0,11.0,3.0,7.0,8.0,184.12,0,0.01,Low Risk
51770,0,30.0,Mobile Phone,3,35.0,E wallet,Male,2.0,4,Grocery,1,Married,4,0,12.0,1.0,2.0,0.0,241.18,0,0.02,Low Risk
51771,0,23.0,Mobile Phone,1,35.0,Debit Card,Male,2.0,4,Grocery,3,Married,1,0,15.0,1.0,15.0,7.0,270.46,0,0.03,Low Risk
51772,0,3.0,Computer,1,14.0,CC,Female,2.0,3,Mobile,1,Single,1,0,14.0,1.0,6.0,7.0,125.63999999999999,0,0.0,Low Risk
51773,0,30.0,Computer,3,34.0,E wallet,Female,3.0,4,Fashion,5,Married,5,0,19.0,3.0,13.0,11.0,202.66,0,0.05,Low Risk
51774,0,20.0,Mobile Phone,1,8.0,Credit Card,Female,3.0,3,Laptop & Accessory,1,Married,6,0,13.0,0.0,1.0,4.0,150.7,0,0.0,Low Risk
51775,0,19.0,Mobile Phone,1,8.0,Debit Card,Male,2.0,3,Grocery,3,Married,7,0,13.0,1.0,1.0,1.0,278.61,0,0.01,Low Risk
51776,0,8.0,Phone,1,28.0,Debit Card,Male,2.0,5,Mobile Phone,3,Single,1,0,15.0,1.0,4.0,3.0,142.3,0,0.05,Low Risk
51777,0,27.0,Phone,1,5.0,Debit Card,Female,2.0,3,Laptop & Accessory,3,Single,8,0,11.0,0.0,1.0,0.0,137.8,0,0.02,Low Risk
51778,0,7.0,Phone,1,8.0,Debit Card,Male,3.0,4,Mobile,3,Married,4,0,12.0,3.0,5.0,7.0,127.68,0,0.0,Low Risk
51779,0,5.0,Mobile Phone,3,16.0,E wallet,Female,3.0,4,Fashion,1,Married,3,1,19.0,0.0,1.0,2.0,190.71,0,0.02,Low Risk
51780,0,4.0,Mobile Phone,1,15.0,Debit Card,Male,2.0,3,Fashion,4,Married,2,0,25.0,0.0,1.0,8.0,206.48000000000002,0,0.0,Low Risk
51781,1,0.0,Mobile Phone,1,21.0,Credit Card,Male,2.0,3,Fashion,3,Married,8,1,12.0,3.0,2.0,7.0,236.10000000000002,1,0.95,High Risk
51782,1,0.0,Phone,1,16.0,CC,Male,2.0,5,Mobile,1,Married,8,0,13.0,0.0,1.0,3.0,134.08,1,0.89,High Risk
51783,0,3.0,Phone,3,13.0,E wallet,Male,3.0,3,Mobile,4,Single,1,0,14.0,0.0,1.0,2.0,129.83,0,0.02,Low Risk
51784,0,8.0,Mobile Phone,1,22.0,Debit Card,Male,3.0,3,Fashion,3,Married,5,1,12.0,0.0,1.0,0.0,176.32,0,0.01,Low Risk
51785,1,0.0,Computer,1,26.0,Debit Card,Male,3.0,3,Fashion,3,Married,4,0,12.0,1.0,1.0,0.0,198.24,1,0.97,High Risk
51786,1,0.0,Computer,2,29.0,UPI,Female,2.0,3,Fashion,5,Married,10,1,15.0,1.0,1.0,2.0,199.5,1,0.96,High Risk
51787,0,9.0,Computer,1,11.0,UPI,Male,3.0,3,Mobile,3,Married,5,0,17.0,0.0,2.0,0.0,120.93,0,0.03,Low Risk
51788,0,9.0,Computer,3,16.0,Credit Card,Male,2.0,3,Fashion,1,Single,2,0,14.0,8.0,9.0,7.0,199.8,0,0.08,Low Risk
51789,1,0.0,Computer,1,10.0,COD,Male,3.0,4,Mobile Phone,3,Single,6,0,16.0,0.0,1.0,2.0,138.94,1,0.96,High Risk
51790,0,21.0,Phone,3,8.0,E wallet,Female,2.0,3,Laptop & Accessory,1,Married,3,0,14.0,6.0,6.0,7.0,140.51,0,0.02,Low Risk
51791,0,28.0,Mobile Phone,3,24.0,Debit Card,Female,2.0,3,Grocery,4,Single,4,0,23.0,1.0,7.0,8.0,268.35,0,0.01,Low Risk
51792,0,14.0,Computer,3,16.0,Debit Card,Male,2.0,3,Laptop & Accessory,1,Single,8,0,14.0,0.0,1.0,10.0,162.3,0,0.01,Low Risk
51793,0,8.0,Phone,3,6.0,E wallet,Male,2.0,3,Laptop & Accessory,3,Married,10,0,11.0,0.0,6.0,9.0,147.17,0,0.02,Low Risk
51794,0,13.0,Mobile Phone,1,12.0,Debit Card,Female,3.0,3,Grocery,3,Single,8,0,15.0,4.0,2.0,13.0,232.37,0,0.0,Low Risk
51795,0,12.0,Computer,1,14.0,Debit Card,Female,2.0,3,Mobile Phone,3,Married,2,0,11.0,1.0,1.0,7.0,137.55,0,0.0,Low Risk
51796,0,4.0,Mobile Phone,3,8.0,Debit Card,Male,3.0,3,Laptop & Accessory,1,Single,5,1,13.0,1.0,1.0,5.0,165.82,0,0.08,Low Risk
51797,0,15.0,Mobile Phone,1,30.0,Credit Card,Male,2.0,3,Fashion,5,Married,2,1,21.0,5.0,5.0,8.0,174.06,0,0.02,Low Risk
51798,0,18.0,Phone,3,8.0,UPI,Male,3.0,3,Laptop & Accessory,4,Married,1,0,19.0,3.0,3.0,7.0,148.05,0,0.0,Low Risk
51799,1,0.0,Computer,2,23.0,Debit Card,Female,3.0,3,Mobile,3,Married,1,1,11.0,0.0,1.0,0.0,127.41,1,0.9,High Risk
51800,0,2.0,Phone,1,25.0,COD,Male,2.0,3,Laptop & Accessory,1,Married,5,0,12.0,1.0,1.0,2.0,142.62,0,0.0,Low Risk
51801,0,6.0,Mobile Phone,1,6.0,Credit Card,Female,3.0,1,Grocery,3,Married,5,0,19.0,1.0,1.0,5.0,261.84,0,0.0,Low Risk
51802,0,4.0,Mobile Phone,3,13.0,Debit Card,Male,2.0,4,Fashion,1,Married,10,0,21.0,1.0,1.0,3.0,215.57,0,0.11,Low Risk
51803,1,9.0,Computer,3,11.0,E wallet,Male,3.0,3,Mobile Phone,4,Single,2,1,14.0,1.0,1.0,0.0,118.78,1,0.96,High Risk
51804,0,13.0,Computer,3,34.0,UPI,Male,2.0,5,Fashion,5,Married,4,0,15.0,0.0,1.0,3.0,209.32,0,0.03,Low Risk
51805,0,14.0,Computer,1,8.0,UPI,Female,3.0,4,Laptop & Accessory,3,Single,3,1,17.0,0.0,1.0,7.0,168.11,0,0.06,Low Risk
51806,0,0.0,Phone,3,35.0,Credit Card,Male,2.0,3,Laptop & Accessory,3,Married,6,0,12.0,0.0,1.0,0.0,143.06,0,0.03,Low Risk
51807,0,8.0,Phone,3,6.0,Credit Card,Female,3.0,3,Laptop & Accessory,3,Single,2,0,16.0,1.0,1.0,3.0,148.59,0,0.03,Low Risk
51808,0,7.0,Mobile Phone,3,27.0,Debit Card,Male,3.0,1,Laptop & Accessory,1,Single,2,0,12.0,0.0,5.0,7.0,153.37,0,0.03,Low Risk
51809,1,0.0,Phone,1,14.0,COD,Male,3.0,5,Mobile,1,Single,2,1,18.0,0.0,1.0,0.0,123.4,1,0.96,High Risk
51810,0,10.0,Mobile Phone,1,6.0,COD,Female,2.0,3,Fashion,1,Single,5,0,17.0,1.0,1.0,2.0,174.91,0,0.04,Low Risk
51811,0,19.0,Computer,1,24.0,Credit Card,Female,2.0,3,Fashion,3,Married,6,0,11.0,0.0,1.0,2.0,205.27,0,0.03,Low Risk
51812,0,14.0,Mobile Phone,3,8.0,Debit Card,Female,3.0,3,Grocery,5,Married,8,0,16.0,1.0,11.0,8.0,265.95,0,0.0,Low Risk
51813,0,10.0,Computer,3,15.0,Credit Card,Male,3.0,3,Fashion,4,Married,2,0,13.0,1.0,7.0,7.0,188.34,0,0.01,Low Risk
51814,0,25.0,Mobile Phone,1,12.0,COD,Male,3.0,3,Laptop & Accessory,5,Married,4,1,12.0,2.0,6.0,9.0,155.77,0,0.0,Low Risk
51815,1,0.0,Computer,3,17.0,UPI,Male,2.0,1,Laptop & Accessory,3,Married,9,0,12.0,1.0,1.0,2.0,147.07,1,0.9,High Risk
51816,0,0.0,Computer,3,14.0,CC,Male,2.0,3,Mobile,1,Married,1,0,13.0,1.0,2.0,1.0,124.0,0,0.05,Low Risk
51817,0,11.0,Mobile Phone,1,16.0,Credit Card,Female,3.0,3,Laptop & Accessory,3,Married,4,0,19.0,0.0,1.0,0.0,198.24,0,0.0,Low Risk
51818,0,10.0,Mobile Phone,1,6.0,Debit Card,Female,3.0,3,Laptop & Accessory,4,Married,7,0,12.0,4.0,4.0,3.0,164.47,0,0.0,Low Risk
51819,0,22.0,Mobile Phone,1,24.0,Debit Card,Male,2.0,4,Others,3,Married,2,1,15.0,1.0,1.0,9.0,295.02,0,0.0,Low Risk
51820,0,0.0,Phone,1,29.0,CC,Male,3.0,1,Mobile,1,Married,2,1,11.0,0.0,1.0,4.0,127.25,0,0.11,Low Risk
51821,0,0.0,Mobile Phone,3,34.0,E wallet,Male,3.0,3,Laptop & Accessory,4,Married,2,0,20.0,0.0,1.0,4.0,162.72,0,0.03,Low Risk
51822,0,9.0,Phone,1,23.0,UPI,Male,3.0,4,Mobile,4,Married,2,0,21.0,1.0,1.0,0.0,121.27000000000001,0,0.06,Low Risk
51823,0,23.0,Computer,2,9.0,Credit Card,Male,3.0,3,Others,4,Married,2,0,11.0,1.0,10.0,7.0,282.0,0,0.0,Low Risk
51824,0,9.0,Phone,3,19.0,CC,Male,2.0,3,Mobile,3,Married,2,0,11.0,1.0,1.0,6.0,120.96000000000001,0,0.04,Low Risk
51825,1,0.0,Computer,1,13.0,Debit Card,Female,3.0,3,Mobile,3,Married,2,1,16.0,0.0,1.0,2.0,128.86,1,0.78,High Risk
51826,1,9.0,Computer,3,18.0,Debit Card,Male,3.0,4,Mobile,5,Married,2,0,18.0,1.0,1.0,0.0,120.33000000000001,1,0.89,High Risk
51827,0,7.0,Phone,1,6.0,Debit Card,Male,2.0,4,Mobile Phone,1,Married,2,1,13.0,1.0,1.0,3.0,136.22,0,0.08,Low Risk
51828,1,0.0,Phone,3,19.0,Credit Card,Male,2.0,3,Laptop & Accessory,5,Married,3,0,17.0,0.0,1.0,2.0,142.33,1,0.97,High Risk
51829,0,8.0,Phone,1,31.0,UPI,Male,2.0,4,Laptop & Accessory,1,Single,5,0,14.0,1.0,1.0,2.0,136.81,0,0.01,Low Risk
51830,0,4.0,Mobile Phone,3,12.0,Credit Card,Male,3.0,1,Laptop & Accessory,1,Married,5,0,22.0,5.0,5.0,7.0,154.6,0,0.01,Low Risk
51831,0,9.0,Phone,1,12.0,CC,Female,3.0,4,Mobile,3,Married,1,0,12.0,0.0,1.0,3.0,121.87,0,0.04,Low Risk
51832,0,10.0,Mobile Phone,3,8.0,E wallet,Male,3.0,3,Laptop & Accessory,3,Married,5,1,11.0,0.0,1.0,0.0,196.02,0,0.06,Low Risk
51833,0,0.0,Phone,1,6.0,Debit Card,Female,3.0,4,Mobile,4,Single,2,0,13.0,0.0,1.0,0.0,128.36,0,0.04,Low Risk
51834,0,15.0,Phone,1,8.0,Debit Card,Female,2.0,3,Laptop & Accessory,1,Married,2,0,13.0,0.0,2.0,2.0,140.89,0,0.0,Low Risk
51835,0,16.0,Mobile Phone,1,12.0,UPI,Male,2.0,4,Grocery,1,Married,5,1,14.0,1.0,1.0,0.0,266.27,0,0.0,Low Risk
51836,0,11.0,Phone,1,14.0,Debit Card,Female,2.0,3,Mobile,5,Single,4,0,17.0,0.0,1.0,0.0,126.19,0,0.03,Low Risk
51837,0,16.0,Computer,1,15.0,Credit Card,Male,3.0,3,Laptop & Accessory,3,Married,4,1,13.0,1.0,4.0,7.0,156.79,0,0.01,Low Risk
51838,0,21.0,Mobile Phone,1,6.0,Debit Card,Female,2.0,4,Grocery,5,Married,8,0,11.0,0.0,2.0,2.0,254.01999999999998,0,0.02,Low Risk
51839,0,17.0,Mobile Phone,2,6.0,Debit Card,Female,2.0,4,Laptop & Accessory,3,Single,5,0,11.0,1.0,1.0,2.0,159.85,0,0.0,Low Risk
51840,0,7.0,Phone,3,14.0,COD,Female,2.0,3,Mobile,3,Married,2,1,18.0,1.0,1.0,6.0,125.78999999999999,0,0.02,Low Risk
51841,1,0.0,Phone,3,8.0,E wallet,Male,3.0,3,Mobile,5,Married,1,0,11.0,1.0,1.0,2.0,130.41,1,0.88,High Risk
51842,0,0.0,Phone,3,28.0,COD,Male,2.0,3,Mobile,3,Single,2,0,11.0,0.0,1.0,2.0,134.47,0,0.09,Low Risk
51843,0,17.0,Mobile Phone,1,9.0,UPI,Male,2.0,3,Others,1,Married,5,1,15.0,0.0,1.0,1.0,295.13,0,0.04,Low Risk
51844,0,0.0,Phone,1,12.0,CC,Male,3.0,3,Mobile,3,Married,1,0,20.0,1.0,2.0,2.0,127.72999999999999,0,0.1,Low Risk
51845,0,6.0,Mobile Phone,3,14.0,E wallet,Male,2.0,3,Laptop & Accessory,3,Married,1,0,12.0,0.0,1.0,2.0,171.04,0,0.01,Low Risk
51846,0,5.0,Mobile Phone,1,15.0,Debit Card,Female,3.0,3,Laptop & Accessory,1,Married,2,1,12.0,1.0,1.0,5.0,163.22,0,0.01,Low Risk
51847,0,9.0,Computer,1,9.0,CC,Female,3.0,3,Mobile,3,Married,2,0,20.0,1.0,1.0,0.0,120.83000000000001,0,0.01,Low Risk
51848,0,26.0,Mobile Phone,3,6.0,Credit Card,Female,2.0,3,Laptop & Accessory,5,Single,8,0,20.0,4.0,8.0,10.0,183.81,0,0.01,Low Risk
51849,0,7.0,Phone,1,6.0,Debit Card,Male,3.0,3,Mobile,1,Married,2,0,12.0,1.0,8.0,8.0,126.91,0,0.0,Low Risk
51850,1,8.0,Computer,3,32.0,Debit Card,Female,3.0,3,Laptop & Accessory,5,Married,3,0,14.0,0.0,1.0,0.0,142.86,1,0.81,High Risk
51851,0,0.0,Mobile Phone,1,12.0,Debit Card,Female,3.0,3,Mobile Phone,1,Married,2,1,13.0,0.0,1.0,2.0,56.0,0,0.15,Low Risk
51852,0,10.0,Mobile Phone,1,9.0,UPI,Male,2.0,3,Fashion,3,Married,2,0,15.0,7.0,7.0,8.0,194.34,0,0.01,Low Risk
51853,0,2.0,Mobile Phone,3,9.0,Credit Card,Female,3.0,3,Laptop & Accessory,3,Married,2,0,14.0,0.0,1.0,2.0,155.61,0,0.0,Low Risk
51854,0,8.0,Mobile Phone,1,12.0,Debit Card,Male,2.0,5,Laptop & Accessory,1,Single,2,0,13.0,0.0,11.0,8.0,166.46,0,0.02,Low Risk
51855,0,6.0,Computer,1,12.0,Debit Card,Male,1.0,3,Laptop & Accessory,1,Married,4,0,23.0,3.0,4.0,7.0,177.25,0,0.0,Low Risk
51856,0,27.0,Mobile Phone,2,25.0,Credit Card,Male,2.0,3,Fashion,4,Married,3,0,15.0,2.0,7.0,1.0,207.25,0,0.0,Low Risk
51857,0,9.0,Mobile Phone,1,15.0,Credit Card,Male,2.0,4,Laptop & Accessory,4,Married,3,1,11.0,0.0,1.0,2.0,188.47,0,0.0,Low Risk
51858,0,9.0,Phone,1,9.0,CC,Male,2.0,4,Mobile,1,Single,1,0,13.0,1.0,1.0,1.0,120.44999999999999,0,0.13,Low Risk
51859,1,0.0,Mobile Phone,1,16.0,Credit Card,Male,2.0,3,Mobile Phone,3,Single,2,1,11.0,1.0,1.0,1.0,110.09,1,0.95,High Risk
51860,1,0.0,Computer,1,9.0,Debit Card,Male,3.0,3,Mobile,5,Single,2,1,11.0,5.0,9.0,7.0,133.48,1,0.94,High Risk
51861,0,9.0,Computer,1,9.0,Debit Card,Male,2.0,4,Mobile Phone,3,Married,2,0,18.0,1.0,1.0,0.0,112.81,0,0.06,Low Risk
51862,0,0.0,Phone,1,10.0,CC,Male,3.0,1,Mobile,5,Married,3,0,16.0,0.0,1.0,2.0,128.19,0,0.05,Low Risk
51863,0,0.0,Phone,3,14.0,Debit Card,Male,2.0,1,Laptop & Accessory,4,Married,1,0,22.0,1.0,1.0,2.0,148.51,0,0.0,Low Risk
51864,0,11.0,Phone,3,13.0,E wallet,Female,2.0,4,Laptop & Accessory,1,Single,1,0,20.0,1.0,1.0,5.0,140.28,0,0.02,Low Risk
51865,0,2.0,Computer,1,6.0,Debit Card,Male,3.0,5,Mobile,1,Married,2,0,18.0,0.0,2.0,8.0,127.19999999999999,0,0.0,Low Risk
51866,0,21.0,Mobile Phone,3,8.0,E wallet,Male,2.0,1,Laptop & Accessory,4,Married,4,0,12.0,0.0,2.0,2.0,181.2,0,0.0,Low Risk
51867,0,0.0,Computer,3,9.0,Credit Card,Female,3.0,1,Laptop & Accessory,1,Married,2,1,20.0,1.0,1.0,4.0,146.47,0,0.01,Low Risk
51868,0,10.0,Phone,1,16.0,Debit Card,Male,3.0,1,Mobile Phone,1,Single,4,0,17.0,1.0,1.0,0.0,146.8,0,0.01,Low Risk
51869,0,23.0,Phone,1,34.0,CC,Male,3.0,1,Mobile,3,Married,2,1,11.0,0.0,3.0,8.0,132.21,0,0.06,Low Risk
51870,0,7.0,Mobile Phone,1,15.0,Credit Card,Female,2.0,4,Fashion,4,Single,2,0,14.0,4.0,7.0,7.0,186.21,0,0.01,Low Risk
51871,1,0.0,Phone,3,9.0,Debit Card,Female,3.0,3,Laptop & Accessory,3,Single,10,0,14.0,1.0,2.0,0.0,145.77,1,0.96,High Risk
51872,0,12.0,Phone,1,8.0,COD,Female,3.0,4,Laptop & Accessory,3,Single,2,0,11.0,1.0,11.0,10.0,145.53,0,0.02,Low Risk
51873,0,5.0,Mobile Phone,3,16.0,E wallet,Male,2.0,3,Laptop & Accessory,1,Single,2,0,12.0,1.0,1.0,8.0,153.96,0,0.0,Low Risk
51874,1,13.0,Computer,3,14.0,COD,Male,2.0,3,Laptop & Accessory,3,Married,4,1,14.0,0.0,1.0,3.0,167.96,1,0.86,High Risk
51875,0,11.0,Mobile Phone,1,6.0,Debit Card,Female,2.0,1,Laptop & Accessory,1,Single,1,0,13.0,0.0,1.0,8.0,176.25,0,0.0,Low Risk
51876,0,0.0,Mobile Phone,1,6.0,Debit Card,Female,3.0,3,Fashion,5,Married,2,0,11.0,0.0,1.0,7.0,174.12,0,0.06,Low Risk
51877,0,5.0,Mobile Phone,1,9.0,Debit Card,Female,2.0,3,Fashion,1,Single,4,0,15.0,6.0,7.0,3.0,211.58999999999997,0,0.01,Low Risk
51878,0,20.0,Mobile Phone,3,20.0,E wallet,Male,2.0,3,Laptop & Accessory,5,Single,3,0,12.0,1.0,1.0,7.0,149.6,0,0.01,Low Risk
51879,0,13.0,Computer,3,11.0,Debit Card,Male,2.0,4,Fashion,5,Married,6,1,21.0,0.0,1.0,12.0,204.75,0,0.03,Low Risk
51880,0,26.0,Mobile Phone,1,13.0,Debit Card,Male,2.0,1,Grocery,3,Married,4,0,19.0,0.0,2.0,3.0,248.14,0,0.0,Low Risk
51881,0,14.0,Mobile Phone,2,16.0,UPI,Male,3.0,4,Others,1,Married,4,0,15.0,1.0,12.0,6.0,291.41,0,0.0,Low Risk
51882,0,30.0,Mobile Phone,3,22.0,E wallet,Male,2.0,3,Laptop & Accessory,5,Single,9,0,14.0,2.0,2.0,2.0,154.05,0,0.02,Low Risk
51883,0,0.0,Computer,1,16.0,Debit Card,Male,2.0,3,Fashion,5,Married,2,0,21.0,0.0,1.0,7.0,187.93,0,0.02,Low Risk
51884,0,14.0,Mobile Phone,2,6.0,UPI,Male,2.0,4,Others,3,Married,2,0,12.0,1.0,2.0,10.0,291.89,0,0.0,Low Risk
51885,0,23.0,Phone,3,14.0,E wallet,Male,2.0,3,Mobile Phone,4,Married,8,0,15.0,0.0,2.0,2.0,138.75,0,0.0,Low Risk
51886,1,9.0,Phone,1,6.0,Debit Card,Female,3.0,5,Mobile,4,Single,8,1,13.0,1.0,3.0,7.0,122.16,1,0.82,High Risk
51887,0,9.0,Computer,1,14.0,Debit Card,Female,3.0,1,Fashion,5,Married,10,0,14.0,0.0,1.0,3.0,217.13,0,0.02,Low Risk
51888,0,11.0,Mobile Phone,1,6.0,Debit Card,Female,2.0,3,Fashion,3,Single,5,1,14.0,0.0,1.0,0.0,178.61,0,0.06,Low Risk
51889,0,17.0,Computer,1,30.0,Credit Card,Male,2.0,5,Mobile Phone,3,Single,3,0,14.0,0.0,1.0,4.0,137.08,0,0.02,Low Risk
51890,0,20.0,Computer,3,9.0,Credit Card,Female,2.0,3,Grocery,3,Married,10,1,12.0,1.0,2.0,13.0,237.7,0,0.1,Low Risk
51891,0,3.0,Mobile Phone,3,33.0,E wallet,Male,3.0,3,Laptop & Accessory,1,Married,8,0,23.0,2.0,7.0,7.0,153.04,0,0.03,Low Risk
51892,0,2.0,Phone,3,14.0,Debit Card,Male,3.0,3,Mobile,3,Single,2,0,11.0,1.0,1.0,0.0,126.41999999999999,0,0.17,Low Risk
51893,1,5.0,Computer,1,25.0,CC,Male,3.0,1,Mobile,3,Married,7,1,12.0,0.0,2.0,2.0,127.59,1,0.83,High Risk
51894,0,16.0,Computer,3,21.0,Debit Card,Male,2.0,4,Laptop & Accessory,1,Married,4,0,18.0,1.0,2.0,2.0,168.04,0,0.0,Low Risk
51895,0,7.0,Mobile Phone,1,14.0,Credit Card,Female,3.0,3,Laptop & Accessory,3,Single,4,0,11.0,0.0,4.0,3.0,161.42,0,0.0,Low Risk
51896,0,0.0,Phone,1,14.0,CC,Male,2.0,3,Mobile,5,Married,2,0,14.0,1.0,1.0,2.0,125.0,0,0.26,Low Risk
51897,0,12.0,Mobile Phone,2,9.0,UPI,Female,2.0,1,Laptop & Accessory,4,Married,10,0,15.0,0.0,3.0,6.0,163.89,0,0.0,Low Risk
51898,0,29.0,Mobile Phone,1,15.0,Credit Card,Male,2.0,3,Grocery,1,Married,8,0,11.0,0.0,1.0,3.0,211.02999999999997,0,0.05,Low Risk
51899,0,13.0,Phone,1,14.0,CC,Female,2.0,4,Mobile,1,Single,1,1,20.0,0.0,2.0,3.0,123.41999999999999,0,0.09,Low Risk
51900,0,0.0,Mobile Phone,1,13.0,Credit Card,Female,2.0,4,Laptop & Accessory,5,Single,9,0,19.0,1.0,1.0,7.0,168.11,0,0.07,Low Risk
51901,0,9.0,Phone,3,16.0,E wallet,Male,2.0,3,Mobile,4,Married,2,0,14.0,2.0,2.0,2.0,122.97,0,0.0,Low Risk
51902,0,26.0,Phone,1,14.0,Debit Card,Male,2.0,3,Laptop & Accessory,1,Single,3,0,17.0,2.0,2.0,2.0,124.5,0,0.0,Low Risk
51903,0,8.0,Computer,1,8.0,Debit Card,Female,3.0,3,Laptop & Accessory,5,Married,3,0,11.0,1.0,1.0,0.0,150.93,0,0.0,Low Risk
51904,0,5.0,Computer,1,30.0,Debit Card,Male,3.0,3,Laptop & Accessory,1,Married,2,0,15.0,1.0,4.0,7.0,153.09,0,0.0,Low Risk
51905,0,11.0,Phone,1,8.0,CC,Male,3.0,3,Mobile,3,Married,7,1,13.0,0.0,1.0,1.0,130.57,0,0.04,Low Risk
51906,0,7.0,Mobile Phone,1,14.0,Debit Card,Female,2.0,3,Laptop & Accessory,5,Married,4,0,14.0,1.0,1.0,0.0,151.21,0,0.0,Low Risk
51907,0,25.0,Mobile Phone,3,9.0,E wallet,Male,2.0,4,Grocery,5,Married,2,0,11.0,1.0,1.0,16.0,268.56,0,0.0,Low Risk
51908,1,0.0,Phone,1,6.0,UPI,Male,3.0,3,Mobile,1,Single,2,1,13.0,6.0,7.0,8.0,126.86000000000001,1,0.83,High Risk
51909,0,0.0,Mobile Phone,3,32.0,Credit Card,Female,2.0,3,Laptop & Accessory,1,Single,2,0,23.0,0.0,1.0,4.0,161.8,0,0.1,Low Risk
51910,0,18.0,Mobile Phone,3,8.0,COD,Male,2.0,5,Laptop & Accessory,3,Single,1,0,13.0,1.0,3.0,1.0,166.32,0,0.01,Low Risk
51911,0,0.0,Phone,1,16.0,Credit Card,Male,3.0,1,Mobile,3,Single,2,0,18.0,0.0,1.0,2.0,135.05,0,0.03,Low Risk
51912,1,10.0,Computer,3,33.0,Debit Card,Female,3.0,1,Laptop & Accessory,3,Single,5,1,12.0,0.0,1.0,3.0,163.97,1,0.93,High Risk
51913,0,7.0,Mobile Phone,3,8.0,UPI,Male,2.0,3,Laptop & Accessory,1,Single,2,0,22.0,0.0,1.0,4.0,162.74,0,0.0,Low Risk
51914,1,18.0,Mobile Phone,1,8.0,Credit Card,Male,3.0,3,Others,5,Married,6,1,15.0,1.0,1.0,4.0,298.59,1,0.61,Medium Risk
51915,0,9.0,Computer,3,14.0,Debit Card,Male,3.0,4,Fashion,5,Single,2,0,15.0,0.0,1.0,9.0,175.87,0,0.0,Low Risk
51916,0,25.0,Computer,1,25.0,Credit Card,Male,2.0,3,Mobile Phone,1,Married,1,0,18.0,1.0,1.0,2.0,142.58,0,0.0,Low Risk
51917,0,0.0,Computer,1,6.0,Debit Card,Female,3.0,5,Mobile Phone,1,Married,4,0,14.0,2.0,2.0,0.0,143.64,0,0.04,Low Risk
51918,0,2.0,Phone,1,33.0,Credit Card,Female,3.0,3,Laptop & Accessory,3,Married,5,0,12.0,0.0,1.0,1.0,143.35,0,0.06,Low Risk
51919,1,0.0,Mobile Phone,3,14.0,COD,Male,2.0,4,Laptop & Accessory,5,Single,7,0,17.0,0.0,1.0,2.0,153.26,1,0.99,High Risk
51920,0,7.0,Phone,1,6.0,Debit Card,Female,3.0,1,Mobile,1,Single,3,0,16.0,1.0,1.0,3.0,132.8,0,0.0,Low Risk
51921,0,27.0,Mobile Phone,1,25.0,Credit Card,Female,3.0,3,Laptop & Accessory,5,Married,10,1,11.0,0.0,1.0,4.0,154.85,0,0.0,Low Risk
51922,0,0.0,Computer,3,14.0,E wallet,Male,2.0,3,Laptop & Accessory,1,Married,1,0,19.0,1.0,1.0,1.0,143.42,0,0.13,Low Risk
51923,0,10.0,Phone,1,16.0,Debit Card,Female,3.0,3,Mobile,5,Married,1,1,13.0,4.0,4.0,3.0,127.82,0,0.01,Low Risk
51924,0,11.0,Computer,1,8.0,Debit Card,Female,3.0,1,Laptop & Accessory,5,Single,7,1,12.0,0.0,4.0,12.0,159.8,0,0.07,Low Risk
51925,0,7.0,Phone,1,8.0,Credit Card,Female,2.0,4,Mobile Phone,5,Single,2,0,11.0,1.0,1.0,3.0,143.81,0,0.01,Low Risk
51926,0,8.0,Phone,3,14.0,Debit Card,Female,3.0,3,Mobile,1,Married,2,0,16.0,1.0,1.0,2.0,125.72,0,0.01,Low Risk
51927,0,3.0,Phone,1,6.0,Debit Card,Male,2.0,5,Mobile Phone,3,Married,4,0,21.0,1.0,1.0,2.0,138.33,0,0.0,Low Risk
51928,0,13.0,Computer,1,8.0,Credit Card,Female,2.0,1,Laptop & Accessory,4,Married,2,0,24.0,0.0,3.0,7.0,142.44,0,0.0,Low Risk
51929,0,7.0,Mobile Phone,3,14.0,Debit Card,Female,3.0,3,Laptop & Accessory,5,Married,6,0,17.0,1.0,1.0,2.0,165.0,0,0.0,Low Risk
51930,0,15.0,Computer,1,14.0,Debit Card,Male,3.0,3,Others,1,Married,2,0,13.0,1.0,14.0,9.0,284.3,0,0.01,Low Risk
51931,1,9.0,Mobile Phone,1,12.0,Debit Card,Male,3.0,1,Mobile Phone,5,Married,2,1,21.0,0.0,1.0,0.0,116.00999999999999,1,0.8,High Risk
51932,0,0.0,Computer,1,15.0,Debit Card,Male,3.0,4,Mobile,4,Married,2,0,11.0,0.0,1.0,0.0,126.94,0,0.27,Low Risk
51933,0,25.0,Phone,1,17.0,Debit Card,Female,3.0,3,Laptop & Accessory,3,Married,9,0,20.0,1.0,1.0,4.0,131.49,0,0.0,Low Risk
51934,0,23.0,Mobile Phone,1,8.0,Credit Card,Male,3.0,3,Grocery,3,Married,6,0,16.0,1.0,1.0,3.0,276.39,0,0.0,Low Risk
51935,1,0.0,Phone,1,14.0,Debit Card,Female,2.0,4,Mobile,5,Married,2,1,11.0,0.0,1.0,0.0,123.19,1,0.95,High Risk
51936,0,6.0,Mobile Phone,1,13.0,Credit Card,Male,2.0,3,Fashion,3,Married,1,0,11.0,1.0,3.0,3.0,216.91000000000003,0,0.01,Low Risk
51937,1,0.0,Mobile Phone,3,22.0,E wallet,Female,3.0,3,Laptop & Accessory,5,Single,6,0,15.0,1.0,1.0,2.0,153.24,1,0.97,High Risk
51938,0,20.0,Mobile Phone,1,8.0,UPI,Female,2.0,3,Grocery,1,Married,2,1,11.0,1.0,3.0,0.0,267.52,0,0.01,Low Risk
51939,0,9.0,Mobile Phone,1,6.0,UPI,Female,2.0,3,Laptop & Accessory,4,Married,1,0,15.0,1.0,1.0,5.0,152.28,0,0.0,Low Risk
51940,0,2.0,Phone,1,29.0,Debit Card,Male,3.0,1,Mobile,3,Married,2,0,24.0,1.0,1.0,7.0,127.0,0,0.0,Low Risk
51941,1,20.0,Mobile Phone,1,8.0,Debit Card,Male,2.0,3,Others,4,Single,8,1,15.0,7.0,13.0,8.0,292.46,1,0.64,Medium Risk
51942,0,8.0,Phone,1,14.0,Debit Card,Female,2.0,1,Mobile,3,Single,4,0,13.0,2.0,2.0,2.0,125.06,0,0.0,Low Risk
51943,0,15.0,Mobile Phone,1,6.0,Debit Card,Female,2.0,4,Laptop & Accessory,1,Married,10,1,13.0,0.0,1.0,2.0,160.62,0,0.05,Low Risk
51944,1,0.0,Phone,1,8.0,Credit Card,Male,2.0,3,Mobile Phone,3,Single,7,0,17.0,2.0,2.0,1.0,143.82,1,0.78,High Risk
51945,0,9.0,Phone,2,19.0,UPI,Male,2.0,3,Mobile,4,Married,5,0,13.0,1.0,1.0,4.0,121.43,0,0.09,Low Risk
51946,0,5.0,Mobile Phone,1,10.0,Debit Card,Female,3.0,4,Laptop & Accessory,3,Married,2,0,12.0,5.0,6.0,8.0,161.62,0,0.01,Low Risk
51947,0,13.0,Computer,1,22.0,Credit Card,Male,2.0,4,Laptop & Accessory,3,Single,7,0,14.0,0.0,1.0,0.0,150.94,0,0.02,Low Risk
51948,0,3.0,Mobile Phone,1,8.0,Credit Card,Female,2.0,4,Laptop & Accessory,1,Single,6,1,24.0,1.0,1.0,0.0,168.77,0,0.04,Low Risk
51949,0,9.0,Phone,1,8.0,Debit Card,Female,3.0,4,Mobile,3,Single,2,0,14.0,1.0,1.0,0.0,122.74000000000001,0,0.06,Low Risk
51950,0,15.0,Phone,1,35.0,Debit Card,Male,3.0,3,Laptop & Accessory,4,Married,2,0,13.0,5.0,7.0,8.0,144.34,0,0.01,Low Risk
51951,0,11.0,Computer,1,18.0,Debit Card,Male,0.0,4,Laptop & Accessory,5,Married,3,0,15.0,1.0,1.0,2.0,162.88,0,0.0,Low Risk
51952,0,7.0,Computer,1,14.0,Debit Card,Female,3.0,4,Mobile,1,Single,2,0,16.0,1.0,1.0,3.0,125.53,0,0.01,Low Risk
51953,1,12.0,Mobile Phone,3,17.0,E wallet,Female,2.0,3,Fashion,1,Married,2,0,18.0,0.0,7.0,7.0,176.54,1,0.8,High Risk
51954,1,18.0,Mobile Phone,3,8.0,Credit Card,Male,2.0,3,Laptop & Accessory,1,Single,5,0,16.0,1.0,7.0,3.0,151.6,1,0.74,High Risk
51955,0,16.0,Mobile Phone,1,20.0,Debit Card,Male,3.0,3,Grocery,5,Married,7,0,24.0,1.0,1.0,0.0,271.59,0,0.0,Low Risk
51956,0,0.0,Mobile Phone,1,11.0,Cash on Delivery,Male,2.0,4,Fashion,1,Married,2,1,16.0,1.0,1.0,3.0,228.07999999999998,0,0.03,Low Risk
51957,0,8.0,Mobile Phone,1,13.0,UPI,Male,2.0,3,Fashion,3,Single,4,0,21.0,0.0,1.0,6.0,202.21,0,0.0,Low Risk
51958,0,1.0,Phone,3,8.0,E wallet,Female,2.0,3,Laptop & Accessory,4,Married,2,1,20.0,6.0,7.0,5.0,147.79,0,0.14,Low Risk
51959,0,7.0,Phone,2,9.0,UPI,Male,2.0,3,Mobile Phone,1,Married,1,0,19.0,1.0,1.0,2.0,137.37,0,0.03,Low Risk
51960,1,0.0,Computer,1,14.0,CC,Female,2.0,4,Mobile,3,Married,2,1,14.0,0.0,1.0,7.0,123.66,1,0.92,High Risk
51961,0,9.0,Computer,1,9.0,Credit Card,Male,2.0,3,Mobile Phone,1,Married,2,0,11.0,0.0,1.0,0.0,117.06,0,0.06,Low Risk
51962,0,24.0,Mobile Phone,3,32.0,E wallet,Female,3.0,3,Grocery,3,Married,3,0,14.0,1.0,4.0,17.0,263.07,0,0.0,Low Risk
51963,0,17.0,Mobile Phone,1,10.0,Credit Card,Male,2.0,3,Laptop & Accessory,4,Single,10,0,12.0,1.0,2.0,3.0,159.33,0,0.01,Low Risk
51964,0,0.0,Phone,1,8.0,CC,Male,3.0,1,Mobile,5,Single,8,0,13.0,0.0,1.0,1.0,134.24,0,0.2,Low Risk
51965,0,6.0,Phone,3,6.0,Credit Card,Male,2.0,1,Laptop & Accessory,5,Married,2,0,22.0,0.0,1.0,8.0,140.37,0,0.0,Low Risk
51966,0,8.0,Phone,1,14.0,CC,Female,2.0,4,Mobile,5,Single,2,0,11.0,0.0,1.0,1.0,125.59,0,0.03,Low Risk
51967,0,9.0,Mobile Phone,3,6.0,Debit Card,Male,2.0,3,Laptop & Accessory,1,Married,2,1,14.0,3.0,4.0,11.0,162.01,0,0.0,Low Risk
51968,0,5.0,Phone,3,19.0,Debit Card,Male,3.0,3,Laptop & Accessory,1,Married,3,0,11.0,0.0,1.0,3.0,144.03,0,0.01,Low Risk
51969,0,3.0,Computer,1,11.0,Debit Card,Male,3.0,4,Mobile Phone,1,Married,10,0,12.0,0.0,1.0,3.0,137.61,0,0.02,Low Risk
51970,0,26.0,Mobile Phone,3,13.0,E wallet,Female,3.0,4,Fashion,1,Married,8,1,18.0,0.0,1.0,3.0,209.33999999999997,0,0.0,Low Risk
51971,0,18.0,Mobile Phone,3,15.0,E wallet,Male,3.0,3,Fashion,5,Married,5,1,12.0,0.0,1.0,2.0,207.61,0,0.06,Low Risk
51972,0,5.0,Mobile Phone,1,14.0,Credit Card,Female,3.0,1,Laptop & Accessory,3,Married,6,0,12.0,1.0,1.0,3.0,151.75,0,0.02,Low Risk
51973,0,25.0,Computer,1,31.0,Credit Card,Female,2.0,4,Grocery,1,Married,4,0,22.0,0.0,2.0,0.0,238.26,0,0.0,Low Risk
51974,0,10.0,Mobile Phone,3,22.0,E wallet,Male,3.0,4,Laptop & Accessory,3,Married,5,0,19.0,1.0,1.0,0.0,163.34,0,0.01,Low Risk
51975,0,1.0,Phone,2,14.0,Credit Card,Male,3.0,4,Mobile Phone,1,Married,2,0,13.0,1.0,1.0,4.0,149.36,0,0.01,Low Risk
51976,0,0.0,Phone,1,6.0,Debit Card,Male,2.0,4,Laptop & Accessory,1,Married,7,0,22.0,2.0,2.0,2.0,147.75,0,0.05,Low Risk
51977,0,17.0,Phone,1,14.0,Debit Card,Male,3.0,1,Mobile,1,Married,3,1,24.0,1.0,1.0,2.0,128.18,0,0.02,Low Risk
51978,0,15.0,Computer,1,14.0,CC,Male,2.0,3,Mobile,1,Single,6,1,14.0,1.0,2.0,2.0,125.15,0,0.03,Low Risk
51979,0,9.0,Phone,2,14.0,Debit Card,Male,3.0,4,Mobile,5,Married,1,0,21.0,0.0,1.0,3.0,123.41999999999999,0,0.03,Low Risk
51980,0,0.0,Phone,3,9.0,UPI,Male,3.0,3,Laptop & Accessory,5,Married,2,1,18.0,0.0,1.0,3.0,141.94,0,0.1,Low Risk
51981,0,8.0,Mobile Phone,1,15.0,Debit Card,Female,3.0,4,Fashion,3,Married,2,1,20.0,3.0,5.0,15.0,206.85000000000002,0,0.01,Low Risk
51982,1,9.0,Computer,1,31.0,Debit Card,Female,3.0,3,Mobile,4,Married,2,1,19.0,6.0,7.0,8.0,120.22,1,0.72,High Risk
51983,0,5.0,Computer,1,6.0,Debit Card,Male,3.0,3,Mobile,1,Married,1,0,12.0,1.0,1.0,2.0,123.13999999999999,0,0.0,Low Risk
51984,0,0.0,Phone,3,10.0,E wallet,Male,2.0,4,Laptop & Accessory,5,Married,2,0,12.0,1.0,1.0,3.0,142.56,0,0.22,Low Risk
51985,0,22.0,Phone,1,6.0,COD,Female,2.0,3,Mobile Phone,5,Married,3,0,16.0,0.0,1.0,2.0,135.8,0,0.0,Low Risk
51986,0,0.0,Computer,1,10.0,Debit Card,Male,2.0,4,Mobile,1,Married,1,0,17.0,0.0,3.0,4.0,131.62,0,0.05,Low Risk
51987,0,5.0,Computer,3,11.0,Debit Card,Male,2.0,3,Laptop & Accessory,4,Married,2,0,14.0,2.0,5.0,3.0,165.24,0,0.0,Low Risk
51988,0,11.0,Phone,3,15.0,E wallet,Male,3.0,4,Mobile,4,Married,1,0,19.0,0.0,1.0,2.0,128.99,0,0.0,Low Risk
51989,0,15.0,Mobile Phone,1,9.0,Debit Card,Female,3.0,1,Laptop & Accessory,1,Married,3,1,13.0,1.0,1.0,3.0,152.31,0,0.0,Low Risk
51990,0,4.0,Phone,1,14.0,Debit Card,Male,2.0,3,Mobile,1,Married,4,1,19.0,0.0,1.0,2.0,123.56,0,0.18,Low Risk
51991,1,0.0,Phone,3,6.0,CC,Female,3.0,4,Mobile,3,Married,7,1,19.0,1.0,1.0,2.0,128.0,1,0.9,High Risk
51992,0,26.0,Mobile Phone,3,14.0,E wallet,Male,3.0,3,Grocery,1,Married,6,0,14.0,2.0,2.0,3.0,218.36,0,0.0,Low Risk
51993,0,8.0,Mobile Phone,1,31.0,Cash on Delivery,Male,3.0,4,Fashion,4,Married,4,0,16.0,2.0,4.0,8.0,209.02999999999997,0,0.02,Low Risk
51994,0,10.0,Computer,3,27.0,CC,Female,3.0,3,Mobile,1,Married,6,0,15.0,1.0,1.0,0.0,129.73,0,0.02,Low Risk
51995,0,26.0,Mobile Phone,1,29.0,Debit Card,Female,3.0,3,Grocery,1,Single,7,0,18.0,3.0,2.0,8.0,242.75,0,0.0,Low Risk
51996,0,16.0,Computer,1,6.0,Debit Card,Female,2.0,3,Laptop & Accessory,1,Married,5,0,13.0,1.0,2.0,2.0,155.62,0,0.0,Low Risk
51997,0,20.0,Phone,3,8.0,E wallet,Female,2.0,3,Laptop & Accessory,1,Married,1,1,22.0,3.0,7.0,7.0,145.37,0,0.01,Low Risk
51998,0,10.0,Computer,3,25.0,Credit Card,Male,2.0,3,Fashion,4,Single,2,1,13.0,0.0,1.0,9.0,176.42,0,0.02,Low Risk
51999,0,23.0,Computer,1,8.0,Debit Card,Male,3.0,3,Grocery,5,Married,2,0,11.0,1.0,14.0,7.0,279.24,0,0.0,Low Risk
52000,0,12.0,Mobile Phone,2,8.0,Debit Card,Female,2.0,4,Laptop & Accessory,1,Married,9,0,11.0,1.0,1.0,4.0,152.04,0,0.01,Low Risk
52001,0,9.0,Phone,2,9.0,UPI,Male,2.0,3,Mobile,4,Married,4,1,11.0,0.0,1.0,3.0,122.77000000000001,0,0.12,Low Risk
52002,1,0.0,Phone,1,31.0,Debit Card,Male,3.0,3,Mobile,1,Single,2,1,24.0,0.0,1.0,1.0,127.94999999999999,1,0.92,High Risk
52003,0,2.0,Phone,1,14.0,CC,Female,3.0,4,Mobile,1,Married,7,0,14.0,1.0,1.0,3.0,125.32,0,0.0,Low Risk
52004,0,17.0,Phone,1,14.0,Debit Card,Male,3.0,3,Mobile,5,Married,2,1,13.0,5.0,7.0,1.0,125.59,0,0.02,Low Risk
52005,0,1.0,Phone,3,11.0,Credit Card,Male,3.0,3,Laptop & Accessory,1,Single,2,0,14.0,0.0,1.0,2.0,149.08,0,0.02,Low Risk
52006,1,20.0,Computer,1,14.0,Debit Card,Male,2.0,4,Mobile,1,Married,10,1,14.0,1.0,1.0,0.0,123.80000000000001,0,0.42,Medium Risk
52007,0,16.0,Phone,1,14.0,Debit Card,Female,2.0,3,Laptop & Accessory,4,Married,5,0,21.0,1.0,1.0,0.0,147.65,0,0.0,Low Risk
52008,1,9.0,Phone,3,8.0,CC,Female,2.0,4,Mobile,3,Single,2,0,13.0,1.0,1.0,2.0,120.44,1,0.88,High Risk
52009,1,0.0,Phone,1,24.0,UPI,Female,3.0,3,Mobile,1,Single,2,0,19.0,1.0,1.0,0.0,126.93,1,0.64,Medium Risk
52010,0,9.0,Mobile Phone,1,20.0,Debit Card,Male,3.0,3,Laptop & Accessory,1,Married,1,1,17.0,2.0,4.0,11.0,165.86,0,0.0,Low Risk
52011,0,20.0,Phone,3,8.0,Debit Card,Female,3.0,4,Mobile,1,Single,2,1,18.0,0.0,1.0,2.0,132.94,0,0.04,Low Risk
52012,1,0.0,Phone,1,9.0,Debit Card,Female,2.0,3,Laptop & Accessory,3,Married,1,1,19.0,1.0,1.0,2.0,141.71,1,0.82,High Risk
52013,1,4.0,Phone,1,8.0,Debit Card,Female,3.0,5,Mobile,1,Married,5,1,13.0,0.0,1.0,0.0,127.78,1,0.88,High Risk
52014,0,1.0,Phone,1,14.0,CC,Female,3.0,3,Mobile,3,Married,6,0,18.0,0.0,2.0,2.0,123.77000000000001,0,0.03,Low Risk
52015,1,2.0,Phone,1,14.0,CC,Male,3.0,3,Mobile,5,Married,8,1,21.0,1.0,2.0,2.0,124.03999999999999,1,0.81,High Risk
52016,0,0.0,Phone,1,14.0,Debit Card,Female,3.0,3,Mobile,3,Single,2,0,19.0,0.0,1.0,0.0,123.18,0,0.09,Low Risk
52017,0,9.0,Mobile Phone,1,16.0,Debit Card,Male,2.0,3,Mobile,4,Married,2,0,14.0,1.0,1.0,0.0,120.08000000000001,0,0.08,Low Risk
52018,0,15.0,Mobile Phone,3,20.0,Credit Card,Female,3.0,4,Laptop & Accessory,3,Single,8,0,17.0,1.0,1.0,3.0,162.44,0,0.0,Low Risk
52019,0,6.0,Phone,1,6.0,UPI,Male,3.0,4,Mobile,5,Single,4,1,11.0,1.0,1.0,2.0,127.99000000000001,0,0.09,Low Risk
52020,0,30.0,Mobile Phone,1,11.0,Cash on Delivery,Female,2.0,4,Fashion,4,Married,3,1,13.0,1.0,1.0,4.0,205.52,0,0.0,Low Risk
52021,0,4.0,Phone,3,14.0,Debit Card,Male,2.0,4,Mobile,3,Married,4,0,15.0,2.0,5.0,2.0,123.28999999999999,0,0.01,Low Risk
52022,0,8.0,Phone,1,27.0,Debit Card,Female,2.0,3,Laptop & Accessory,1,Married,2,1,25.0,0.0,1.0,7.0,140.14,0,0.05,Low Risk
52023,0,22.0,Mobile Phone,1,14.0,UPI,Female,2.0,3,Fashion,4,Married,5,0,11.0,0.0,1.0,7.0,174.03,0,0.06,Low Risk
52024,0,9.0,Phone,1,26.0,CC,Male,2.0,3,Mobile,3,Married,5,0,17.0,1.0,1.0,0.0,122.59,0,0.1,Low Risk
52025,0,4.0,Computer,3,26.0,E wallet,Female,2.0,3,Laptop & Accessory,3,Married,2,0,13.0,1.0,1.0,0.0,169.32,0,0.01,Low Risk
52026,0,9.0,Phone,1,13.0,UPI,Male,3.0,3,Mobile Phone,1,Single,3,0,18.0,1.0,1.0,1.0,146.78,0,0.12,Low Risk
52027,0,11.0,Mobile Phone,1,6.0,Cash on Delivery,Female,3.0,3,Fashion,5,Married,2,0,13.0,4.0,2.0,11.0,235.82,0,0.0,Low Risk
52028,0,5.0,Computer,1,14.0,Debit Card,Female,3.0,4,Mobile,4,Married,7,0,20.0,0.0,1.0,2.0,123.32,0,0.0,Low Risk
52029,1,0.0,Phone,3,14.0,E wallet,Male,2.0,4,Mobile,4,Married,2,1,18.0,0.0,1.0,0.0,124.13,1,0.94,High Risk
52030,0,13.0,Mobile Phone,3,16.0,E wallet,Male,3.0,4,Fashion,4,Married,3,0,12.0,0.0,1.0,0.0,197.05,0,0.1,Low Risk
52031,0,0.0,Computer,3,6.0,Credit Card,Male,2.0,4,Laptop & Accessory,5,Single,2,0,12.0,0.0,1.0,7.0,142.94,0,0.13,Low Risk
52032,0,14.0,Phone,1,12.0,Credit Card,Male,2.0,3,Mobile Phone,5,Single,3,1,13.0,1.0,2.0,17.0,147.21,0,0.04,Low Risk
52033,0,9.0,Phone,1,14.0,CC,Male,3.0,3,Mobile,3,Single,5,0,21.0,1.0,3.0,9.0,125.19,0,0.01,Low Risk
52034,1,9.0,Phone,3,27.0,UPI,Male,2.0,4,Mobile,4,Single,2,1,13.0,1.0,1.0,0.0,121.21000000000001,1,0.93,High Risk
52035,1,0.0,Phone,1,10.0,COD,Male,3.0,3,Mobile,5,Single,2,0,19.0,1.0,1.0,0.0,129.73,1,0.89,High Risk
52036,0,4.0,Mobile Phone,1,18.0,Credit Card,Female,2.0,3,Laptop & Accessory,1,Married,1,1,11.0,6.0,8.0,5.0,158.55,0,0.02,Low Risk
52037,0,13.0,Computer,1,15.0,Credit Card,Male,2.0,3,Mobile Phone,4,Married,9,1,14.0,0.0,1.0,0.0,136.17,0,0.01,Low Risk
52038,0,5.0,Mobile Phone,1,9.0,Credit Card,Female,3.0,3,Laptop & Accessory,5,Married,2,0,12.0,1.0,6.0,3.0,167.25,0,0.0,Low Risk
52039,1,0.0,Mobile Phone,3,9.0,Debit Card,Male,2.0,4,Fashion,1,Married,2,1,11.0,3.0,3.0,7.0,203.25,1,0.85,High Risk
52040,0,6.0,Mobile Phone,1,6.0,Debit Card,Female,2.0,4,Laptop & Accessory,1,Single,1,0,14.0,1.0,1.0,4.0,169.49,0,0.0,Low Risk
52041,1,0.0,Mobile Phone,3,6.0,Debit Card,Male,2.0,4,Fashion,3,Married,6,0,11.0,5.0,11.0,46.0,206.08999999999997,1,0.92,High Risk
52042,0,18.0,Computer,1,10.0,Debit Card,Male,2.0,3,Laptop & Accessory,4,Married,2,0,12.0,1.0,1.0,8.0,144.47,0,0.0,Low Risk
52043,0,9.0,Computer,3,26.0,Cash on Delivery,Female,2.0,3,Mobile,1,Married,2,0,15.0,0.0,1.0,2.0,121.57,0,0.01,Low Risk
52044,0,8.0,Phone,3,24.0,Credit Card,Female,2.0,3,Laptop & Accessory,3,Married,2,0,16.0,1.0,1.0,0.0,146.01,0,0.03,Low Risk
52045,0,25.0,Mobile Phone,1,6.0,Debit Card,Male,3.0,3,Grocery,1,Married,3,0,15.0,1.0,7.0,8.0,270.99,0,0.0,Low Risk
52046,1,20.0,Phone,1,14.0,COD,Male,2.0,3,Mobile,3,Single,5,0,24.0,0.0,1.0,0.0,124.78999999999999,1,0.72,High Risk
52047,0,26.0,Mobile Phone,3,8.0,Credit Card,Male,2.0,3,Grocery,3,Married,7,0,13.0,11.0,2.0,2.0,248.51999999999998,0,0.05,Low Risk
52048,0,3.0,Mobile Phone,3,14.0,UPI,Male,3.0,3,Fashion,3,Married,6,0,11.0,2.0,7.0,7.0,172.64,0,0.01,Low Risk
52049,0,11.0,Computer,3,16.0,COD,Female,2.0,3,Laptop & Accessory,1,Single,2,1,13.0,1.0,1.0,3.0,156.66,0,0.06,Low Risk
52050,0,8.0,Mobile Phone,3,9.0,Debit Card,Male,3.0,3,Fashion,1,Married,7,0,13.0,0.0,1.0,8.0,178.23,0,0.02,Low Risk
52051,0,12.0,Mobile Phone,3,8.0,Debit Card,Male,2.0,1,Fashion,3,Single,1,0,18.0,0.0,1.0,7.0,178.8,0,0.03,Low Risk
52052,1,3.0,Computer,3,30.0,Debit Card,Female,3.0,1,Grocery,4,Single,5,1,16.0,1.0,2.0,0.0,231.94,1,0.76,High Risk
52053,0,20.0,Computer,1,22.0,Credit Card,Male,3.0,1,Laptop & Accessory,3,Married,2,1,19.0,1.0,2.0,7.0,150.67,0,0.0,Low Risk
52054,0,9.0,Computer,3,14.0,COD,Male,2.0,3,Laptop & Accessory,1,Married,5,0,13.0,1.0,1.0,7.0,150.79,0,0.02,Low Risk
52055,1,0.0,Computer,1,14.0,CC,Male,2.0,4,Mobile,5,Single,1,1,22.0,0.0,1.0,2.0,123.21000000000001,1,0.97,High Risk
52056,0,6.0,Computer,3,23.0,Debit Card,Male,2.0,3,Grocery,3,Single,2,0,11.0,1.0,6.0,0.0,274.44,0,0.03,Low Risk
52057,1,0.0,Phone,1,14.0,Debit Card,Female,3.0,4,Mobile,5,Single,7,1,20.0,1.0,1.0,0.0,124.03999999999999,1,1.0,High Risk
52058,0,6.0,Phone,1,19.0,Debit Card,Female,2.0,3,Mobile,1,Single,4,0,18.0,1.0,1.0,2.0,134.52,0,0.0,Low Risk
52059,0,9.0,Phone,1,6.0,CC,Female,3.0,3,Mobile,1,Married,4,0,14.0,1.0,1.0,2.0,122.69999999999999,0,0.0,Low Risk
52060,0,23.0,Mobile Phone,1,6.0,Credit Card,Male,3.0,3,Grocery,1,Married,10,0,22.0,1.0,1.0,3.0,273.99,0,0.02,Low Risk
52061,0,6.0,Computer,1,6.0,UPI,Female,2.0,1,Laptop & Accessory,4,Married,2,1,13.0,1.0,1.0,2.0,154.88,0,0.0,Low Risk
52062,0,14.0,Computer,1,15.0,Credit Card,Male,3.0,3,Others,3,Married,3,0,15.0,0.0,1.0,11.0,294.19,0,0.0,Low Risk
52063,0,0.0,Phone,1,22.0,COD,Female,3.0,3,Mobile,4,Married,10,0,14.0,2.0,2.0,2.0,128.11,0,0.07,Low Risk
52064,0,18.0,Computer,1,29.0,Debit Card,Male,2.0,3,Laptop & Accessory,5,Married,2,1,15.0,1.0,1.0,8.0,136.33,0,0.0,Low Risk
52065,0,20.0,Phone,3,10.0,Debit Card,Female,2.0,3,Laptop & Accessory,1,Single,2,1,17.0,1.0,1.0,7.0,141.63,0,0.02,Low Risk
52066,1,9.0,Phone,1,28.0,Debit Card,Female,2.0,3,Mobile,3,Married,5,1,11.0,0.0,1.0,1.0,121.32,1,0.94,High Risk
52067,0,23.0,Mobile Phone,1,30.0,Debit Card,Male,3.0,3,Grocery,3,Married,4,1,18.0,1.0,2.0,5.0,239.73000000000002,0,0.0,Low Risk
52068,0,11.0,Computer,1,16.0,CC,Male,3.0,3,Mobile,3,Married,1,0,17.0,0.0,1.0,2.0,126.84,0,0.01,Low Risk
52069,0,19.0,Mobile Phone,1,13.0,Credit Card,Male,3.0,3,Fashion,3,Married,7,0,13.0,1.0,1.0,7.0,208.45,0,0.0,Low Risk
52070,0,0.0,Phone,1,23.0,Credit Card,Female,2.0,4,Laptop & Accessory,3,Married,2,0,15.0,0.0,3.0,2.0,143.77,0,0.04,Low Risk
52071,1,0.0,Phone,1,20.0,UPI,Male,2.0,4,Mobile Phone,4,Married,2,1,24.0,1.0,1.0,2.0,137.43,1,0.96,High Risk
52072,0,4.0,Computer,1,6.0,Debit Card,Female,3.0,3,Laptop & Accessory,5,Married,2,0,12.0,1.0,1.0,3.0,141.48,0,0.0,Low Risk
52073,0,0.0,Computer,1,11.0,Debit Card,Male,3.0,3,Mobile Phone,1,Single,2,0,15.0,0.0,1.0,0.0,110.50999999999999,0,0.1,Low Risk
52074,0,27.0,Mobile Phone,1,23.0,Cash on Delivery,Female,2.0,3,Fashion,3,Married,9,0,11.0,0.0,1.0,8.0,207.39,0,0.04,Low Risk
52075,0,8.0,Mobile Phone,1,31.0,Credit Card,Female,2.0,3,Fashion,3,Married,2,1,11.0,0.0,10.0,1.0,203.88,0,0.02,Low Risk
52076,0,3.0,Mobile Phone,1,14.0,Debit Card,Female,3.0,1,Fashion,5,Married,1,1,12.0,0.0,1.0,3.0,214.16000000000003,0,0.04,Low Risk
52077,1,0.0,Phone,1,14.0,CC,Female,3.0,4,Mobile,5,Single,2,1,15.0,1.0,1.0,0.0,126.0,1,0.82,High Risk
52078,1,0.0,Computer,1,14.0,CC,Female,2.0,3,Mobile,4,Single,1,0,17.0,0.0,1.0,2.0,124.22,1,0.95,High Risk
52079,0,0.0,Mobile Phone,1,8.0,Credit Card,Male,2.0,1,Laptop & Accessory,1,Married,2,0,12.0,1.0,1.0,3.0,154.72,0,0.03,Low Risk
52080,0,0.0,Phone,1,14.0,Debit Card,Male,3.0,5,Mobile,5,Married,2,0,15.0,0.0,1.0,1.0,124.50999999999999,0,0.09,Low Risk
52081,0,21.0,Phone,1,12.0,Debit Card,Male,3.0,4,Laptop & Accessory,3,Single,3,0,13.0,0.0,2.0,2.0,142.4,0,0.0,Low Risk
52082,0,21.0,Mobile Phone,1,10.0,Debit Card,Male,3.0,4,Fashion,3,Single,8,0,14.0,1.0,4.0,3.0,209.99,0,0.0,Low Risk
52083,0,14.0,Mobile Phone,1,13.0,Credit Card,Female,2.0,3,Laptop & Accessory,3,Single,7,0,14.0,2.0,2.0,1.0,150.03,0,0.0,Low Risk
52084,0,12.0,Mobile Phone,1,6.0,Debit Card,Female,3.0,4,Grocery,1,Married,2,0,16.0,9.0,11.0,3.0,227.42000000000002,0,0.02,Low Risk
52085,0,0.0,Phone,1,8.0,Debit Card,Female,2.0,3,Laptop & Accessory,1,Married,1,0,18.0,2.0,2.0,2.0,142.27,0,0.03,Low Risk
52086,0,8.0,Phone,1,16.0,UPI,Male,2.0,3,Mobile Phone,1,Married,2,0,20.0,0.0,1.0,2.0,139.17,0,0.0,Low Risk
52087,0,0.0,Mobile Phone,3,11.0,E wallet,Male,2.0,3,Others,3,Married,7,0,13.0,1.0,1.0,0.0,283.03,0,0.13,Low Risk
52088,0,23.0,Phone,1,14.0,Debit Card,Male,3.0,3,Mobile,1,Married,5,0,18.0,1.0,1.0,0.0,123.80000000000001,0,0.03,Low Risk
52089,0,30.0,Mobile Phone,1,8.0,Debit Card,Female,3.0,4,Grocery,1,Single,4,1,13.0,4.0,2.0,3.0,237.26,0,0.02,Low Risk
52090,1,0.0,Phone,1,17.0,Credit Card,Female,3.0,5,Laptop & Accessory,4,Married,6,0,15.0,1.0,1.0,0.0,147.77,1,0.94,High Risk
52091,0,28.0,Computer,1,24.0,Credit Card,Male,3.0,3,Laptop & Accessory,4,Married,4,1,14.0,2.0,6.0,7.0,163.85,0,0.03,Low Risk
52092,0,14.0,Computer,1,13.0,Debit Card,Female,2.0,5,Others,3,Married,2,0,15.0,5.0,5.0,10.0,299.73,0,0.05,Low Risk
52093,0,11.0,Mobile Phone,3,9.0,Debit Card,Male,2.0,3,Laptop & Accessory,1,Single,9,1,12.0,1.0,1.0,0.0,168.61,0,0.08,Low Risk
52094,1,0.0,Computer,3,35.0,Credit Card,Male,3.0,5,Laptop & Accessory,5,Single,9,0,18.0,1.0,2.0,2.0,149.69,1,0.88,High Risk
52095,1,15.0,Mobile Phone,3,8.0,E wallet,Female,2.0,5,Others,1,Married,2,0,15.0,3.0,6.0,9.0,298.45,1,0.7,High Risk
52096,0,17.0,Mobile Phone,3,34.0,Credit Card,Female,2.0,1,Grocery,1,Married,4,1,18.0,4.0,2.0,11.0,233.2,0,0.05,Low Risk
52097,0,23.0,Computer,3,6.0,Debit Card,Female,3.0,3,Laptop & Accessory,3,Married,1,0,12.0,0.0,1.0,13.0,163.47,0,0.01,Low Risk
52098,1,0.0,Phone,1,22.0,Debit Card,Female,3.0,1,Mobile,5,Single,2,0,16.0,3.0,15.0,14.0,127.43,1,0.74,High Risk
52099,0,12.0,Computer,1,28.0,Credit Card,Female,2.0,3,Fashion,5,Single,2,1,13.0,1.0,2.0,8.0,208.8,0,0.0,Low Risk
52100,0,6.0,Computer,3,14.0,Debit Card,Female,2.0,4,Mobile,1,Single,1,0,19.0,0.0,2.0,2.0,123.41999999999999,0,0.02,Low Risk
52101,0,18.0,Mobile Phone,3,17.0,Debit Card,Female,2.0,3,Grocery,1,Married,4,0,13.0,1.0,1.0,1.0,276.5,0,0.01,Low Risk
52102,0,5.0,Computer,1,35.0,Credit Card,Female,3.0,3,Mobile Phone,3,Single,10,0,12.0,6.0,7.0,7.0,140.25,0,0.04,Low Risk
52103,0,7.0,Mobile Phone,3,6.0,E wallet,Male,3.0,1,Laptop & Accessory,1,Married,1,0,11.0,0.0,1.0,9.0,197.25,0,0.02,Low Risk
52104,0,30.0,Mobile Phone,3,6.0,Cash on Delivery,Male,3.0,3,Fashion,1,Married,4,1,14.0,1.0,1.0,3.0,219.04000000000002,0,0.07,Low Risk
52105,0,9.0,Phone,2,30.0,CC,Male,2.0,3,Mobile,4,Single,2,0,16.0,0.0,1.0,4.0,121.77000000000001,0,0.02,Low Risk
52106,0,26.0,Computer,3,8.0,E wallet,Female,2.0,4,Fashion,4,Married,3,0,12.0,5.0,6.0,12.0,175.25,0,0.02,Low Risk
52107,1,0.0,Phone,1,21.0,UPI,Male,2.0,3,Laptop & Accessory,3,Married,8,0,14.0,0.0,1.0,0.0,148.34,1,0.94,High Risk
52108,1,9.0,Computer,1,8.0,Debit Card,Male,2.0,3,Mobile,5,Married,7,1,14.0,0.0,1.0,2.0,120.41999999999999,1,0.91,High Risk
52109,0,9.0,Phone,3,16.0,Debit Card,Female,2.0,3,Mobile,3,Married,2,1,19.0,0.0,1.0,0.0,122.19999999999999,0,0.15,Low Risk
52110,0,1.0,Mobile Phone,3,16.0,Credit Card,Male,3.0,3,Mobile Phone,4,Married,2,0,22.0,0.0,1.0,0.0,110.52000000000001,0,0.08,Low Risk
52111,0,11.0,Computer,1,9.0,UPI,Male,3.0,3,Mobile,3,Married,4,0,16.0,2.0,2.0,2.0,128.21,0,0.0,Low Risk
52112,0,23.0,Mobile Phone,1,8.0,Credit Card,Male,3.0,3,Others,3,Married,3,1,15.0,4.0,7.0,7.0,292.37,0,0.02,Low Risk
52113,0,10.0,Phone,1,9.0,UPI,Female,2.0,3,Laptop & Accessory,4,Single,4,0,15.0,1.0,1.0,1.0,141.07,0,0.01,Low Risk
52114,0,13.0,Mobile Phone,3,32.0,E wallet,Male,3.0,3,Laptop & Accessory,5,Married,2,0,14.0,3.0,7.0,5.0,183.96,0,0.0,Low Risk
52115,0,9.0,Computer,1,6.0,CC,Female,3.0,4,Mobile,3,Married,2,0,13.0,0.0,1.0,3.0,120.07,0,0.0,Low Risk
52116,0,19.0,Mobile Phone,1,6.0,Credit Card,Male,2.0,3,Others,1,Married,10,0,15.0,1.0,2.0,2.0,296.27,0,0.01,Low Risk
52117,0,27.0,Mobile Phone,3,8.0,Debit Card,Female,2.0,4,Fashion,3,Married,7,0,11.0,6.0,7.0,0.0,206.86,0,0.01,Low Risk
52118,0,29.0,Computer,1,15.0,CC,Female,3.0,3,Mobile,3,Married,3,0,19.0,1.0,1.0,3.0,129.42,0,0.0,Low Risk
52119,0,9.0,Mobile Phone,1,18.0,Credit Card,Female,2.0,4,Fashion,1,Single,1,0,11.0,5.0,7.0,8.0,188.58,0,0.02,Low Risk
52120,0,28.0,Computer,1,8.0,Credit Card,Male,2.0,4,Grocery,5,Single,8,0,15.0,1.0,6.0,2.0,267.56,0,0.03,Low Risk
52121,0,16.0,Mobile Phone,3,31.0,Credit Card,Male,3.0,4,Fashion,1,Married,6,0,13.0,1.0,1.0,0.0,207.98000000000002,0,0.04,Low Risk
52122,1,0.0,Computer,3,14.0,E wallet,Female,2.0,3,Mobile,1,Single,2,1,14.0,1.0,1.0,2.0,123.22999999999999,1,0.9,High Risk
52123,1,9.0,Mobile Phone,1,16.0,Debit Card,Female,2.0,4,Mobile Phone,5,Single,2,0,13.0,0.0,1.0,0.0,114.16,1,0.9,High Risk
52124,0,19.0,Phone,1,14.0,Debit Card,Female,3.0,4,Laptop & Accessory,5,Married,9,1,23.0,1.0,1.0,7.0,146.15,0,0.02,Low Risk
52125,1,14.0,Phone,1,14.0,Debit Card,Male,2.0,3,Mobile,3,Married,10,1,12.0,0.0,2.0,7.0,124.61000000000001,1,0.78,High Risk
52126,1,0.0,Computer,1,30.0,COD,Male,3.0,4,Fashion,5,Single,2,0,12.0,1.0,1.0,9.0,187.22,1,0.86,High Risk
52127,0,0.0,Phone,1,6.0,Credit Card,Male,2.0,4,Mobile Phone,5,Married,2,0,16.0,1.0,1.0,3.0,139.55,0,0.01,Low Risk
52128,0,3.0,Mobile Phone,1,26.0,UPI,Male,2.0,3,Laptop & Accessory,5,Married,1,0,15.0,0.0,1.0,2.0,199.57,0,0.03,Low Risk
52129,0,14.0,Phone,1,13.0,COD,Female,2.0,1,Mobile,3,Married,2,0,13.0,0.0,1.0,8.0,133.76,0,0.0,Low Risk
52130,0,11.0,Mobile Phone,1,23.0,Debit Card,Female,3.0,4,Fashion,3,Married,1,0,18.0,1.0,1.0,9.0,188.23,0,0.01,Low Risk
52131,0,13.0,Mobile Phone,1,26.0,Cash on Delivery,Male,3.0,3,Fashion,1,Married,5,0,20.0,3.0,11.0,1.0,203.22,0,0.07,Low Risk
52132,0,0.0,Computer,1,14.0,Debit Card,Male,2.0,5,Mobile Phone,3,Married,2,0,19.0,1.0,1.0,2.0,146.21,0,0.03,Low Risk
52133,0,28.0,Computer,1,8.0,Debit Card,Male,3.0,3,Fashion,4,Married,4,0,18.0,0.0,1.0,3.0,209.76,0,0.0,Low Risk
52134,0,1.0,Phone,1,16.0,UPI,Female,2.0,3,Laptop & Accessory,3,Single,4,0,13.0,0.0,1.0,7.0,136.6,0,0.06,Low Risk
52135,1,7.0,Mobile Phone,2,6.0,Credit Card,Male,3.0,4,Fashion,5,Married,10,0,14.0,2.0,3.0,6.0,204.82,1,0.86,High Risk
52136,0,6.0,Mobile Phone,1,11.0,Debit Card,Male,2.0,4,Fashion,1,Married,5,0,15.0,1.0,1.0,2.0,171.19,0,0.0,Low Risk
52137,1,0.0,Mobile Phone,3,10.0,Cash on Delivery,Male,2.0,3,Fashion,5,Single,1,1,22.0,2.0,4.0,7.0,195.82,1,0.97,High Risk
52138,1,0.0,Computer,1,35.0,Credit Card,Female,2.0,4,Laptop & Accessory,3,Single,2,0,22.0,2.0,3.0,8.0,145.08,1,0.87,High Risk
52139,0,9.0,Phone,1,21.0,Debit Card,Male,2.0,3,Mobile,3,Married,2,0,16.0,0.0,2.0,2.0,122.07,0,0.01,Low Risk
52140,0,7.0,Computer,1,9.0,Debit Card,Male,2.0,3,Laptop & Accessory,1,Single,1,0,17.0,1.0,1.0,4.0,177.56,0,0.0,Low Risk
52141,0,10.0,Mobile Phone,3,16.0,Debit Card,Female,2.0,4,Laptop & Accessory,1,Married,3,1,14.0,1.0,1.0,0.0,166.94,0,0.01,Low Risk
52142,1,0.0,Phone,1,10.0,COD,Male,2.0,3,Mobile Phone,1,Married,2,1,15.0,4.0,5.0,6.0,136.91,1,0.88,High Risk
52143,1,0.0,Phone,1,14.0,CC,Male,2.0,3,Mobile,3,Married,2,0,20.0,1.0,1.0,0.0,123.77000000000001,1,0.92,High Risk
52144,1,0.0,Phone,1,31.0,CC,Male,2.0,4,Mobile,4,Single,5,1,20.0,1.0,2.0,2.0,123.13,1,0.95,High Risk
52145,0,15.0,Mobile Phone,1,8.0,Credit Card,Male,2.0,3,Grocery,5,Married,1,0,17.0,1.0,13.0,7.0,276.65,0,0.03,Low Risk
52146,1,0.0,Computer,1,14.0,CC,Male,2.0,4,Mobile,4,Married,2,0,15.0,1.0,1.0,0.0,125.96000000000001,1,0.89,High Risk
52147,1,13.0,Computer,3,6.0,UPI,Male,2.0,3,Laptop & Accessory,3,Single,4,1,14.0,1.0,1.0,0.0,147.28,1,0.94,High Risk
52148,0,6.0,Computer,3,13.0,Debit Card,Female,1.0,3,Laptop & Accessory,4,Married,1,0,17.0,0.0,1.0,2.0,143.02,0,0.0,Low Risk
52149,0,7.0,Computer,1,9.0,Debit Card,Male,3.0,4,Mobile,1,Married,4,0,17.0,0.0,1.0,0.0,129.79,0,0.08,Low Risk
52150,0,21.0,Computer,1,6.0,Credit Card,Male,2.0,1,Grocery,1,Single,3,0,22.0,1.0,2.0,1.0,268.85,0,0.0,Low Risk
52151,0,18.0,Computer,3,15.0,Debit Card,Female,3.0,4,Laptop & Accessory,3,Married,2,0,13.0,4.0,4.0,12.0,155.93,0,0.0,Low Risk
52152,0,25.0,Mobile Phone,1,5.0,Debit Card,Male,2.0,3,Fashion,4,Single,8,0,19.0,2.0,4.0,0.0,204.45,0,0.0,Low Risk
52153,0,11.0,Mobile Phone,3,16.0,E wallet,Male,3.0,4,Fashion,3,Married,1,1,14.0,1.0,2.0,7.0,187.4,0,0.0,Low Risk
52154,0,2.0,Phone,1,14.0,Debit Card,Female,3.0,3,Mobile,1,Married,5,0,22.0,1.0,1.0,7.0,125.13999999999999,0,0.01,Low Risk
52155,0,1.0,Mobile Phone,1,9.0,Credit Card,Female,3.0,3,Fashion,4,Married,1,0,17.0,0.0,1.0,7.0,176.55,0,0.03,Low Risk
52156,0,19.0,Mobile Phone,3,9.0,E wallet,Male,2.0,3,Grocery,3,Married,4,0,12.0,1.0,4.0,9.0,274.65,0,0.0,Low Risk
52157,0,11.0,Mobile Phone,3,8.0,E wallet,Male,2.0,3,Fashion,4,Single,8,0,16.0,1.0,1.0,0.0,173.51,0,0.01,Low Risk
52158,0,16.0,Computer,1,33.0,Debit Card,Female,2.0,3,Fashion,5,Married,9,0,11.0,1.0,1.0,1.0,208.2,0,0.01,Low Risk
52159,1,2.0,Computer,1,8.0,Debit Card,Male,2.0,3,Grocery,1,Married,8,0,11.0,10.0,11.0,3.0,221.69,1,0.79,High Risk
52160,0,13.0,Mobile Phone,1,20.0,Credit Card,Male,2.0,4,Others,3,Single,2,0,15.0,3.0,4.0,9.0,296.26,0,0.01,Low Risk
52161,0,9.0,Phone,1,6.0,Cash on Delivery,Female,3.0,4,Mobile,4,Single,2,1,11.0,1.0,2.0,2.0,120.69999999999999,0,0.1,Low Risk
52162,0,12.0,Computer,1,15.0,Debit Card,Male,3.0,3,Laptop & Accessory,4,Single,10,0,15.0,1.0,1.0,3.0,167.82,0,0.0,Low Risk
52163,0,9.0,Computer,1,24.0,Debit Card,Male,3.0,3,Laptop & Accessory,1,Single,3,0,20.0,0.0,1.0,9.0,177.79,0,0.0,Low Risk
52164,0,4.0,Computer,3,26.0,Debit Card,Male,3.0,1,Mobile,1,Married,1,0,12.0,2.0,2.0,2.0,127.91,0,0.03,Low Risk
52165,0,1.0,Phone,1,8.0,Debit Card,Male,3.0,4,Mobile,4,Married,1,0,17.0,0.0,1.0,4.0,132.01,0,0.01,Low Risk
52166,0,8.0,Computer,3,17.0,E wallet,Male,2.0,3,Laptop & Accessory,1,Married,2,0,11.0,1.0,1.0,2.0,149.68,0,0.0,Low Risk
52167,0,22.0,Mobile Phone,3,14.0,Cash on Delivery,Male,2.0,4,Grocery,4,Married,7,0,17.0,1.0,2.0,3.0,231.2,0,0.02,Low Risk
52168,0,7.0,Computer,1,8.0,Debit Card,Male,3.0,3,Laptop & Accessory,3,Single,3,0,11.0,1.0,1.0,2.0,140.33,0,0.0,Low Risk
52169,0,2.0,Computer,1,16.0,Debit Card,Female,3.0,3,Mobile,4,Married,1,0,14.0,0.0,1.0,1.0,132.91,0,0.03,Low Risk
52170,0,15.0,Phone,1,35.0,Credit Card,Male,2.0,5,Laptop & Accessory,1,Single,5,0,19.0,1.0,1.0,0.0,142.72,0,0.09,Low Risk
52171,0,2.0,Mobile Phone,1,14.0,Credit Card,Male,3.0,4,Laptop & Accessory,1,Married,2,1,15.0,1.0,1.0,2.0,150.56,0,0.02,Low Risk
52172,0,11.0,Phone,2,6.0,UPI,Male,3.0,1,Mobile,3,Married,2,0,13.0,3.0,5.0,0.0,128.44,0,0.03,Low Risk
52173,0,1.0,Computer,1,12.0,Debit Card,Male,3.0,4,Mobile,3,Married,2,1,14.0,1.0,1.0,2.0,127.03,0,0.19,Low Risk
52174,1,9.0,Computer,1,14.0,CC,Male,3.0,3,Mobile,3,Single,2,0,12.0,1.0,1.0,0.0,119.03999999999999,0,0.46,Medium Risk
52175,1,0.0,Mobile Phone,3,15.0,E wallet,Female,3.0,3,Laptop & Accessory,5,Single,4,1,17.0,0.0,1.0,3.0,182.24,1,0.94,High Risk
52176,0,14.0,Phone,1,18.0,Debit Card,Male,2.0,3,Mobile Phone,1,Married,4,1,11.0,1.0,1.0,0.0,147.66,0,0.03,Low Risk
52177,1,0.0,Computer,1,14.0,CC,Male,3.0,3,Mobile,3,Married,2,0,12.0,1.0,2.0,2.0,126.1,1,0.82,High Risk
52178,0,10.0,Mobile Phone,1,31.0,Credit Card,Female,2.0,4,Laptop & Accessory,1,Married,8,0,13.0,1.0,1.0,3.0,157.31,0,0.0,Low Risk
52179,0,0.0,Phone,1,14.0,Debit Card,Male,2.0,4,Mobile,3,Married,2,0,13.0,1.0,2.0,2.0,125.38999999999999,0,0.05,Low Risk
52180,0,7.0,Mobile Phone,3,15.0,Debit Card,Female,3.0,3,Laptop & Accessory,3,Married,2,0,20.0,0.0,1.0,3.0,157.14,0,0.0,Low Risk
52181,0,8.0,Phone,2,14.0,COD,Male,3.0,3,Mobile Phone,3,Single,2,0,17.0,0.0,1.0,4.0,143.23,0,0.06,Low Risk
52182,1,0.0,Mobile Phone,3,29.0,Debit Card,Female,2.0,4,Fashion,5,Married,2,0,13.0,1.0,3.0,10.0,173.36,1,0.91,High Risk
52183,0,13.0,Computer,1,15.0,Credit Card,Female,2.0,3,Fashion,3,Single,10,0,17.0,1.0,2.0,13.0,234.99,0,0.0,Low Risk
52184,1,5.0,Computer,3,18.0,Debit Card,Male,2.0,3,Grocery,5,Single,1,1,12.0,2.0,2.0,14.0,237.57999999999998,1,0.72,High Risk
52185,0,15.0,Mobile Phone,3,10.0,E wallet,Male,2.0,3,Laptop & Accessory,5,Single,8,0,13.0,1.0,1.0,5.0,151.55,0,0.0,Low Risk
52186,0,9.0,Phone,1,6.0,CC,Male,2.0,4,Mobile,3,Married,7,0,12.0,1.0,1.0,7.0,122.58000000000001,0,0.02,Low Risk
52187,0,0.0,Phone,1,30.0,Credit Card,Male,2.0,3,Mobile Phone,4,Single,9,0,22.0,0.0,1.0,2.0,135.97,0,0.2,Low Risk
52188,1,0.0,Phone,1,14.0,Debit Card,Female,3.0,3,Mobile,1,Married,2,1,11.0,1.0,1.0,0.0,125.15,1,0.86,High Risk
52189,0,0.0,Phone,1,9.0,Credit Card,Male,2.0,1,Mobile Phone,1,Married,2,0,22.0,1.0,1.0,7.0,144.2,0,0.03,Low Risk
52190,0,3.0,Mobile Phone,3,16.0,E wallet,Male,3.0,4,Laptop & Accessory,3,Married,2,0,18.0,0.0,1.0,4.0,165.78,0,0.0,Low Risk
52191,0,13.0,Computer,1,32.0,Credit Card,Female,3.0,4,Laptop & Accessory,1,Married,4,1,13.0,0.0,1.0,0.0,144.22,0,0.03,Low Risk
52192,0,8.0,Mobile Phone,1,8.0,Debit Card,Male,2.0,4,Fashion,4,Married,3,0,18.0,2.0,6.0,4.0,202.74,0,0.0,Low Risk
52193,0,7.0,Computer,1,7.0,Credit Card,Male,3.0,4,Laptop & Accessory,5,Single,1,0,20.0,0.0,4.0,9.0,153.43,0,0.0,Low Risk
52194,0,8.0,Computer,1,14.0,UPI,Male,2.0,4,Mobile,1,Married,2,0,13.0,1.0,2.0,2.0,123.75999999999999,0,0.01,Low Risk
52195,1,6.0,Mobile Phone,3,15.0,E wallet,Female,2.0,5,Laptop & Accessory,3,Single,9,0,13.0,0.0,1.0,3.0,153.46,1,0.62,Medium Risk
52196,0,5.0,Computer,3,8.0,Debit Card,Female,3.0,3,Mobile,5,Married,2,0,12.0,1.0,1.0,0.0,128.27,0,0.05,Low Risk
52197,0,29.0,Mobile Phone,1,10.0,Cash on Delivery,Female,3.0,3,Others,5,Married,5,0,15.0,4.0,4.0,2.0,299.43,0,0.0,Low Risk
52198,0,2.0,Phone,1,12.0,CC,Female,3.0,3,Mobile,1,Married,2,0,13.0,0.0,1.0,8.0,131.31,0,0.0,Low Risk
52199,0,0.0,Phone,1,14.0,Debit Card,Male,2.0,3,Mobile,5,Single,2,0,25.0,0.0,1.0,0.0,125.52000000000001,0,0.18,Low Risk
52200,0,18.0,Phone,1,13.0,Credit Card,Female,2.0,3,Mobile Phone,3,Married,5,1,19.0,0.0,1.0,2.0,144.77,0,0.0,Low Risk
52201,0,10.0,Mobile Phone,1,7.0,Debit Card,Female,2.0,4,Laptop & Accessory,1,Married,2,0,13.0,0.0,3.0,11.0,164.74,0,0.0,Low Risk
52202,0,0.0,Phone,1,5.0,Debit Card,Male,3.0,4,Mobile,3,Single,2,0,12.0,0.0,1.0,2.0,130.33,0,0.05,Low Risk
52203,1,7.0,Phone,1,16.0,Debit Card,Male,3.0,3,Mobile,3,Single,2,1,11.0,1.0,1.0,2.0,129.36,1,0.68,Medium Risk
52204,0,26.0,Mobile Phone,1,13.0,Credit Card,Female,2.0,3,Others,3,Married,4,0,18.0,1.0,4.0,7.0,286.06,0,0.0,Low Risk
52205,0,9.0,Phone,1,21.0,Debit Card,Female,3.0,5,Mobile,1,Married,1,1,18.0,1.0,1.0,3.0,121.68,0,0.04,Low Risk
52206,1,0.0,Computer,1,9.0,Debit Card,Male,3.0,4,Mobile,1,Married,1,1,11.0,0.0,1.0,0.0,128.53,1,0.92,High Risk
52207,0,19.0,Mobile Phone,3,8.0,E wallet,Female,3.0,3,Grocery,5,Married,9,0,23.0,1.0,15.0,9.0,270.48,0,0.0,Low Risk
52208,0,9.0,Computer,1,23.0,Debit Card,Male,3.0,5,Mobile,3,Single,3,0,13.0,1.0,1.0,0.0,122.9,0,0.18,Low Risk
52209,0,6.0,Phone,2,8.0,UPI,Male,3.0,3,Mobile Phone,3,Married,2,0,13.0,1.0,1.0,4.0,136.0,0,0.01,Low Risk
52210,1,9.0,Computer,1,11.0,Debit Card,Male,3.0,4,Mobile,5,Married,7,0,17.0,0.0,1.0,0.0,121.07,1,0.91,High Risk
52211,0,3.0,Phone,3,35.0,Debit Card,Male,3.0,3,Laptop & Accessory,5,Married,9,0,19.0,1.0,1.0,3.0,141.15,0,0.01,Low Risk
52212,0,13.0,Computer,3,8.0,Credit Card,Male,3.0,3,Laptop & Accessory,4,Married,6,0,12.0,1.0,1.0,0.0,143.27,0,0.03,Low Risk
52213,0,23.0,Computer,1,8.0,Credit Card,Female,1.0,3,Grocery,5,Married,3,0,22.0,1.0,2.0,2.0,278.56,0,0.01,Low Risk
52214,0,1.0,Phone,1,25.0,CC,Male,3.0,4,Mobile,5,Married,2,0,12.0,1.0,3.0,3.0,131.96,0,0.22,Low Risk
52215,0,19.0,Mobile Phone,1,21.0,Debit Card,Male,2.0,3,Others,4,Married,6,0,11.0,1.0,1.0,3.0,290.81,0,0.0,Low Risk
52216,0,8.0,Mobile Phone,3,23.0,Debit Card,Male,3.0,3,Laptop & Accessory,5,Married,4,1,15.0,0.0,1.0,7.0,189.66,0,0.02,Low Risk
52217,1,9.0,Phone,1,23.0,Debit Card,Female,3.0,3,Mobile,4,Married,2,0,13.0,1.0,1.0,0.0,122.1,1,0.78,High Risk
52218,0,6.0,Computer,3,31.0,Credit Card,Female,2.0,3,Laptop & Accessory,3,Married,2,0,12.0,0.0,1.0,1.0,145.39,0,0.03,Low Risk
52219,0,9.0,Phone,1,12.0,Debit Card,Male,3.0,5,Mobile,3,Married,2,0,14.0,1.0,1.0,7.0,127.41,0,0.0,Low Risk
52220,0,3.0,Phone,1,13.0,Debit Card,Male,2.0,3,Laptop & Accessory,3,Married,2,0,13.0,4.0,8.0,9.0,134.91,0,0.0,Low Risk
52221,0,17.0,Phone,1,35.0,UPI,Male,2.0,3,Laptop & Accessory,1,Single,2,0,25.0,6.0,13.0,17.0,145.41,0,0.02,Low Risk
52222,0,0.0,Phone,3,27.0,E wallet,Male,3.0,1,Mobile,1,Single,2,0,17.0,2.0,2.0,2.0,126.78,0,0.1,Low Risk
52223,0,19.0,Mobile Phone,1,8.0,COD,Male,2.0,3,Laptop & Accessory,1,Married,3,0,11.0,0.0,1.0,4.0,173.79,0,0.04,Low Risk
52224,0,15.0,Computer,2,8.0,Credit Card,Male,3.0,1,Laptop & Accessory,5,Married,8,0,16.0,1.0,1.0,3.0,162.72,0,0.0,Low Risk
52225,0,30.0,Mobile Phone,3,13.0,E wallet,Male,2.0,1,Laptop & Accessory,1,Married,1,1,18.0,0.0,1.0,9.0,152.2,0,0.02,Low Risk
52226,0,5.0,Computer,1,19.0,UPI,Female,3.0,4,Mobile,4,Married,2,0,20.0,2.0,2.0,2.0,134.0,0,0.01,Low Risk
52227,0,5.0,Computer,1,8.0,Debit Card,Female,2.0,3,Laptop & Accessory,3,Single,5,1,14.0,1.0,1.0,7.0,149.98,0,0.03,Low Risk
52228,0,9.0,Mobile Phone,1,7.0,Cash on Delivery,Female,3.0,5,Fashion,5,Married,3,1,21.0,7.0,7.0,7.0,202.52,0,0.05,Low Risk
52229,0,6.0,Phone,1,15.0,CC,Male,3.0,3,Mobile,1,Married,1,0,13.0,0.0,4.0,10.0,127.81,0,0.0,Low Risk
52230,0,13.0,Mobile Phone,3,16.0,COD,Female,2.0,4,Laptop & Accessory,4,Married,8,0,12.0,1.0,1.0,3.0,168.52,0,0.02,Low Risk
52231,0,0.0,Phone,3,16.0,Debit Card,Male,2.0,3,Laptop & Accessory,1,Single,1,0,14.0,1.0,1.0,1.0,149.5,0,0.03,Low Risk
52232,0,3.0,Phone,1,7.0,Credit Card,Male,3.0,3,Mobile Phone,4,Married,1,1,21.0,3.0,5.0,7.0,135.79,0,0.01,Low Risk
52233,0,15.0,Computer,1,32.0,Credit Card,Female,2.0,3,Fashion,5,Married,4,1,17.0,0.0,2.0,0.0,231.91000000000003,0,0.01,Low Risk
52234,0,8.0,Computer,3,14.0,E wallet,Female,3.0,4,Fashion,1,Married,5,1,11.0,3.0,4.0,12.0,203.77,0,0.02,Low Risk
52235,0,9.0,Phone,1,20.0,Debit Card,Male,2.0,3,Mobile,5,Married,2,1,14.0,5.0,6.0,8.0,122.35,0,0.38,Low Risk
52236,0,27.0,Computer,1,7.0,Debit Card,Female,2.0,3,Fashion,3,Married,8,0,17.0,0.0,1.0,4.0,205.02,0,0.02,Low Risk
52237,0,9.0,Mobile Phone,1,8.0,Debit Card,Female,3.0,1,Mobile,1,Married,2,0,13.0,1.0,7.0,7.0,120.11000000000001,0,0.02,Low Risk
52238,1,9.0,Computer,1,16.0,CC,Female,3.0,4,Mobile Phone,4,Single,2,1,25.0,0.0,1.0,0.0,118.59,1,0.92,High Risk
52239,0,2.0,Phone,1,7.0,Debit Card,Female,3.0,3,Mobile Phone,1,Married,2,0,15.0,1.0,1.0,2.0,137.6,0,0.01,Low Risk
52240,0,27.0,Mobile Phone,1,9.0,Debit Card,Male,2.0,3,Grocery,1,Married,4,0,14.0,1.0,1.0,9.0,277.79,0,0.0,Low Risk
52241,0,4.0,Mobile Phone,1,17.0,Credit Card,Male,3.0,3,Laptop & Accessory,5,Married,2,1,12.0,1.0,1.0,1.0,168.33,0,0.04,Low Risk
52242,0,4.0,Mobile Phone,1,30.0,Credit Card,Female,3.0,4,Laptop & Accessory,5,Single,2,0,19.0,1.0,1.0,8.0,168.12,0,0.01,Low Risk
52243,0,30.0,Mobile Phone,3,9.0,Debit Card,Female,2.0,4,Laptop & Accessory,1,Single,6,0,17.0,0.0,1.0,5.0,151.71,0,0.05,Low Risk
52244,0,16.0,Mobile Phone,1,9.0,Debit Card,Male,3.0,5,Others,1,Married,4,0,15.0,1.0,1.0,7.0,297.4,0,0.03,Low Risk
52245,0,22.0,Mobile Phone,1,10.0,Credit Card,Male,2.0,4,Others,3,Married,3,0,13.0,1.0,1.0,0.0,287.11,0,0.0,Low Risk
52246,0,9.0,Computer,1,9.0,COD,Male,2.0,3,Mobile Phone,4,Married,2,0,12.0,0.0,1.0,7.0,136.92,0,0.01,Low Risk
52247,0,21.0,Phone,1,14.0,COD,Male,3.0,1,Mobile,4,Single,6,0,11.0,0.0,1.0,0.0,125.59,0,0.07,Low Risk
52248,0,0.0,Phone,1,14.0,Debit Card,Male,3.0,3,Mobile,3,Married,2,0,11.0,1.0,1.0,3.0,125.16999999999999,0,0.02,Low Risk
52249,0,2.0,Mobile Phone,1,13.0,Debit Card,Male,2.0,3,Laptop & Accessory,1,Married,2,1,11.0,1.0,1.0,0.0,166.23,0,0.02,Low Risk
52250,0,21.0,Mobile Phone,1,7.0,Debit Card,Male,3.0,4,Others,1,Single,7,0,12.0,1.0,1.0,0.0,282.65,0,0.0,Low Risk
52251,0,2.0,Mobile Phone,1,7.0,Debit Card,Female,2.0,4,Grocery,1,Married,4,0,14.0,1.0,1.0,7.0,261.24,0,0.02,Low Risk
52252,0,7.0,Phone,1,14.0,COD,Female,2.0,1,Mobile,3,Married,1,0,17.0,1.0,1.0,0.0,125.85,0,0.0,Low Risk
52253,0,17.0,Mobile Phone,3,11.0,E wallet,Male,2.0,3,Others,4,Married,8,0,11.0,1.0,3.0,10.0,282.13,0,0.02,Low Risk
52254,0,6.0,Mobile Phone,3,16.0,E wallet,Male,2.0,1,Fashion,3,Married,1,1,14.0,0.0,1.0,8.0,183.8,0,0.0,Low Risk
52255,0,0.0,Phone,1,31.0,Debit Card,Female,3.0,1,Mobile,1,Single,2,1,12.0,0.0,1.0,1.0,129.94,0,0.16,Low Risk
52256,0,9.0,Mobile Phone,1,7.0,Debit Card,Male,2.0,3,Mobile Phone,3,Married,2,0,22.0,1.0,1.0,1.0,112.22999999999999,0,0.04,Low Risk
52257,1,0.0,Computer,3,30.0,Debit Card,Male,3.0,5,Mobile Phone,1,Single,2,1,14.0,1.0,1.0,0.0,111.18,1,1.0,High Risk
52258,0,0.0,Phone,1,10.0,Debit Card,Male,3.0,3,Mobile,1,Single,2,1,20.0,2.0,2.0,2.0,128.75,0,0.14,Low Risk
52259,1,8.0,Mobile Phone,3,8.0,E wallet,Female,3.0,5,Others,4,Single,3,1,16.0,1.0,1.0,11.0,288.24,1,0.93,High Risk
52260,0,28.0,Computer,1,14.0,Credit Card,Male,2.0,4,Grocery,4,Married,2,1,15.0,2.0,2.0,0.0,235.76999999999998,0,0.01,Low Risk
52261,1,0.0,Computer,1,14.0,Debit Card,Female,2.0,4,Mobile,3,Single,2,0,20.0,1.0,2.0,2.0,126.25,1,0.85,High Risk
52262,0,19.0,Mobile Phone,3,10.0,E wallet,Female,2.0,4,Others,4,Married,3,0,14.0,1.0,1.0,8.0,287.89,0,0.01,Low Risk
52263,0,7.0,Phone,3,8.0,E wallet,Female,2.0,3,Laptop & Accessory,5,Single,1,1,12.0,1.0,1.0,2.0,145.38,0,0.04,Low Risk
52264,0,24.0,Computer,3,15.0,Debit Card,Male,2.0,3,Others,4,Married,5,1,15.0,6.0,11.0,10.0,298.47,0,0.02,Low Risk
52265,0,30.0,Mobile Phone,1,24.0,Credit Card,Male,3.0,3,Fashion,1,Single,7,0,12.0,3.0,5.0,4.0,205.12,0,0.02,Low Risk
52266,0,7.0,Computer,1,25.0,Credit Card,Female,2.0,3,Laptop & Accessory,4,Married,5,0,13.0,0.0,5.0,10.0,144.44,0,0.01,Low Risk
52267,0,9.0,Computer,1,7.0,CC,Male,2.0,3,Mobile,3,Single,1,1,11.0,1.0,1.0,2.0,121.53999999999999,0,0.12,Low Risk
52268,0,17.0,Mobile Phone,1,10.0,Debit Card,Male,3.0,1,Others,5,Married,2,0,14.0,2.0,14.0,13.0,291.9,0,0.0,Low Risk
52269,0,7.0,Computer,2,17.0,Debit Card,Male,2.0,4,Laptop & Accessory,4,Married,5,0,11.0,0.0,1.0,8.0,144.9,0,0.01,Low Risk
52270,0,8.0,Phone,1,12.0,Debit Card,Male,3.0,3,Mobile,3,Married,1,1,14.0,1.0,2.0,2.0,135.06,0,0.02,Low Risk
52271,0,15.0,Phone,1,14.0,CC,Female,3.0,1,Laptop & Accessory,4,Married,7,1,16.0,0.0,1.0,0.0,123.72,0,0.04,Low Risk
52272,0,16.0,Mobile Phone,3,10.0,E wallet,Female,2.0,4,Fashion,1,Single,4,0,14.0,10.0,15.0,17.0,202.31,0,0.02,Low Risk
52273,0,9.0,Mobile Phone,1,8.0,Debit Card,Female,2.0,3,Laptop & Accessory,4,Single,10,1,11.0,4.0,5.0,12.0,154.1,0,0.03,Low Risk
52274,1,7.0,Mobile Phone,1,21.0,Credit Card,Female,3.0,3,Fashion,1,Married,2,0,11.0,0.0,1.0,5.0,179.78,1,0.88,High Risk
52275,0,1.0,Computer,1,8.0,Debit Card,Male,2.0,4,Mobile Phone,1,Married,2,1,12.0,0.0,2.0,2.0,138.67,0,0.1,Low Risk
52276,0,24.0,Computer,1,12.0,CC,Female,3.0,4,Mobile,3,Single,1,0,14.0,3.0,7.0,7.0,128.38,0,0.01,Low Risk
52277,0,3.0,Computer,1,15.0,Credit Card,Female,3.0,3,Laptop & Accessory,3,Single,8,1,18.0,0.0,1.0,7.0,146.95,0,0.0,Low Risk
52278,1,0.0,Phone,1,13.0,COD,Female,2.0,3,Mobile,3,Married,4,1,13.0,4.0,7.0,7.0,133.39,1,0.92,High Risk
52279,0,9.0,Phone,1,7.0,Cash on Delivery,Male,2.0,3,Mobile,5,Single,3,0,11.0,1.0,1.0,2.0,120.80000000000001,0,0.04,Low Risk
52280,0,9.0,Phone,1,7.0,CC,Female,2.0,3,Mobile,4,Single,2,0,18.0,1.0,2.0,1.0,120.96000000000001,0,0.04,Low Risk
52281,0,5.0,Mobile Phone,3,14.0,Credit Card,Male,2.0,1,Laptop & Accessory,1,Married,2,0,15.0,0.0,1.0,8.0,162.09,0,0.0,Low Risk
52282,0,18.0,Computer,1,31.0,Credit Card,Female,2.0,3,Others,4,Single,4,0,22.0,1.0,1.0,0.0,280.61,0,0.03,Low Risk
52283,0,12.0,Mobile Phone,1,19.0,Credit Card,Female,3.0,4,Grocery,4,Married,7,1,13.0,1.0,15.0,2.0,271.23,0,0.02,Low Risk
52284,0,30.0,Phone,1,14.0,Debit Card,Male,2.0,3,Mobile,3,Married,2,0,12.0,1.0,2.0,2.0,123.72,0,0.0,Low Risk
52285,1,0.0,Phone,1,13.0,Debit Card,Male,3.0,3,Laptop & Accessory,3,Married,2,0,18.0,0.0,1.0,1.0,148.83,1,0.76,High Risk
52286,1,2.0,Phone,1,29.0,Credit Card,Male,3.0,3,Mobile Phone,5,Single,1,0,13.0,0.0,1.0,3.0,139.04,1,0.85,High Risk
52287,0,3.0,Phone,1,12.0,COD,Female,2.0,4,Laptop & Accessory,1,Married,1,0,12.0,5.0,6.0,7.0,146.27,0,0.03,Low Risk
52288,0,9.0,Mobile Phone,1,16.0,COD,Female,3.0,3,Fashion,3,Married,4,0,12.0,1.0,1.0,7.0,170.94,0,0.02,Low Risk
52289,0,19.0,Phone,2,7.0,Debit Card,Female,2.0,3,Mobile,5,Single,7,0,12.0,2.0,5.0,7.0,134.23,0,0.01,Low Risk
52290,0,1.0,Computer,1,7.0,Debit Card,Female,2.0,5,Laptop & Accessory,1,Married,1,0,11.0,7.0,7.0,5.0,166.74,0,0.17,Low Risk
52291,0,23.0,Mobile Phone,1,34.0,Debit Card,Female,2.0,3,Grocery,5,Married,5,1,11.0,1.0,1.0,2.0,268.8,0,0.02,Low Risk
52292,1,3.0,Mobile Phone,3,31.0,E wallet,Male,2.0,4,Fashion,4,Single,3,1,12.0,1.0,1.0,0.0,190.94,1,0.95,High Risk
52293,1,15.0,Mobile Phone,3,11.0,Debit Card,Male,3.0,3,Fashion,4,Single,10,1,19.0,7.0,7.0,7.0,184.46,1,0.91,High Risk
52294,0,3.0,Mobile Phone,1,23.0,Credit Card,Female,3.0,3,Fashion,5,Married,2,1,23.0,1.0,1.0,3.0,219.16000000000003,0,0.0,Low Risk
52295,0,12.0,Phone,1,24.0,Debit Card,Male,2.0,3,Laptop & Accessory,3,Single,1,0,11.0,1.0,1.0,7.0,145.34,0,0.0,Low Risk
52296,0,4.0,Computer,3,8.0,Debit Card,Female,2.0,3,Fashion,3,Married,2,1,19.0,8.0,9.0,6.0,198.52,0,0.06,Low Risk
52297,0,14.0,Computer,3,16.0,Credit Card,Male,2.0,5,Laptop & Accessory,4,Single,2,0,13.0,3.0,11.0,9.0,161.51,0,0.03,Low Risk
52298,1,9.0,Computer,3,7.0,Debit Card,Female,2.0,3,Mobile,4,Single,2,1,11.0,2.0,2.0,2.0,123.02000000000001,1,0.96,High Risk
52299,1,7.0,Phone,1,14.0,Debit Card,Male,2.0,3,Mobile,5,Married,5,0,12.0,1.0,1.0,2.0,123.62,1,0.82,High Risk
52300,0,15.0,Computer,1,8.0,Debit Card,Male,2.0,3,Grocery,3,Married,1,1,13.0,1.0,2.0,10.0,278.61,0,0.0,Low Risk
52301,0,28.0,Mobile Phone,1,8.0,Credit Card,Female,2.0,5,Others,3,Married,5,0,14.0,1.0,9.0,11.0,291.87,0,0.0,Low Risk
52302,0,29.0,Mobile Phone,2,14.0,Debit Card,Male,3.0,3,Others,4,Single,7,0,15.0,2.0,7.0,7.0,297.17,0,0.0,Low Risk
52303,0,13.0,Computer,1,22.0,Debit Card,Male,3.0,3,Mobile,3,Married,10,0,16.0,1.0,1.0,0.0,135.44,0,0.07,Low Risk
52304,0,7.0,Mobile Phone,1,15.0,Debit Card,Male,2.0,3,Fashion,1,Married,1,0,11.0,0.0,1.0,6.0,185.0,0,0.11,Low Risk
52305,0,13.0,Phone,1,8.0,Debit Card,Male,3.0,3,Laptop & Accessory,1,Single,2,0,13.0,3.0,8.0,8.0,146.61,0,0.03,Low Risk
52306,0,14.0,Computer,3,7.0,E wallet,Female,3.0,3,Laptop & Accessory,5,Married,1,0,17.0,0.0,1.0,7.0,141.03,0,0.0,Low Risk
52307,0,8.0,Computer,1,10.0,Debit Card,Male,2.0,3,Laptop & Accessory,3,Single,2,1,11.0,1.0,1.0,1.0,142.49,0,0.18,Low Risk
52308,0,24.0,Mobile Phone,2,11.0,Debit Card,Male,2.0,3,Grocery,4,Married,2,1,11.0,0.0,2.0,10.0,240.26,0,0.0,Low Risk
52309,0,11.0,Mobile Phone,3,8.0,Debit Card,Female,2.0,3,Laptop & Accessory,5,Married,4,0,15.0,0.0,1.0,7.0,168.93,0,0.0,Low Risk
52310,0,7.0,Mobile Phone,3,21.0,Credit Card,Female,3.0,3,Laptop & Accessory,5,Single,2,0,12.0,4.0,9.0,6.0,161.25,0,0.01,Low Risk
52311,0,0.0,Phone,1,25.0,Credit Card,Male,3.0,3,Mobile Phone,1,Married,4,0,11.0,0.0,1.0,2.0,136.69,0,0.1,Low Risk
52312,1,20.0,Mobile Phone,1,13.0,Credit Card,Female,2.0,4,Fashion,5,Married,8,1,14.0,1.0,5.0,9.0,200.08,1,0.78,High Risk
52313,0,13.0,Phone,1,14.0,Debit Card,Male,2.0,3,Mobile,4,Married,4,0,22.0,1.0,1.0,3.0,123.87,0,0.0,Low Risk
52314,0,9.0,Computer,3,13.0,E wallet,Female,2.0,1,Laptop & Accessory,5,Married,3,0,16.0,5.0,6.0,13.0,146.39,0,0.02,Low Risk
52315,0,21.0,Mobile Phone,1,10.0,Debit Card,Male,2.0,3,Fashion,1,Single,2,0,11.0,1.0,1.0,8.0,178.98,0,0.03,Low Risk
52316,0,0.0,Phone,3,14.0,CC,Female,3.0,1,Mobile,1,Married,9,0,14.0,0.0,1.0,0.0,125.34,0,0.09,Low Risk
52317,0,24.0,Mobile Phone,1,17.0,Cash on Delivery,Female,2.0,4,Grocery,4,Single,4,0,16.0,0.0,1.0,3.0,231.42000000000002,0,0.02,Low Risk
52318,0,9.0,Computer,1,7.0,Debit Card,Female,3.0,3,Mobile Phone,1,Single,2,0,15.0,1.0,1.0,0.0,116.11000000000001,0,0.07,Low Risk
52319,0,8.0,Mobile Phone,1,7.0,Credit Card,Female,2.0,4,Laptop & Accessory,1,Married,1,0,12.0,0.0,1.0,0.0,153.63,0,0.01,Low Risk
52320,0,0.0,Computer,3,8.0,Debit Card,Male,2.0,5,Laptop & Accessory,1,Single,4,0,20.0,0.0,1.0,0.0,150.71,0,0.04,Low Risk
52321,1,18.0,Mobile Phone,3,19.0,E wallet,Male,2.0,1,Grocery,3,Single,7,1,17.0,1.0,2.0,8.0,236.95,1,0.94,High Risk
52322,0,29.0,Mobile Phone,1,29.0,Debit Card,Male,3.0,3,Grocery,4,Married,5,1,12.0,13.0,2.0,9.0,234.01999999999998,0,0.02,Low Risk
52323,0,9.0,Computer,1,32.0,Cash on Delivery,Female,3.0,4,Mobile,3,Married,2,0,20.0,1.0,1.0,0.0,120.28999999999999,0,0.04,Low Risk
52324,0,13.0,Mobile Phone,1,8.0,Credit Card,Female,2.0,1,Laptop & Accessory,3,Married,6,0,20.0,6.0,11.0,8.0,163.77,0,0.01,Low Risk
52325,0,7.0,Mobile Phone,1,35.0,Credit Card,Male,2.0,3,Laptop & Accessory,3,Married,5,0,13.0,5.0,7.0,7.0,154.29,0,0.01,Low Risk
52326,1,0.0,Computer,3,8.0,Debit Card,Female,3.0,4,Mobile,1,Single,8,0,14.0,0.0,1.0,0.0,127.85,1,0.9,High Risk
52327,1,0.0,Computer,3,24.0,E wallet,Female,3.0,3,Laptop & Accessory,3,Married,1,1,18.0,0.0,3.0,2.0,146.14,1,0.91,High Risk
52328,0,11.0,Computer,1,14.0,Debit Card,Male,2.0,1,Mobile,3,Married,2,0,11.0,0.0,1.0,3.0,126.1,0,0.0,Low Risk
52329,0,7.0,Mobile Phone,1,8.0,COD,Female,3.0,3,Laptop & Accessory,1,Single,2,0,11.0,4.0,4.0,11.0,166.87,0,0.0,Low Risk
52330,0,1.0,Phone,3,32.0,Debit Card,Male,2.0,4,Laptop & Accessory,5,Married,2,0,11.0,1.0,1.0,4.0,147.24,0,0.04,Low Risk
52331,1,0.0,Mobile Phone,1,28.0,Credit Card,Male,3.0,3,Laptop & Accessory,3,Married,2,1,15.0,5.0,6.0,7.0,161.79,1,0.85,High Risk
52332,0,12.0,Mobile Phone,3,27.0,Debit Card,Male,2.0,4,Laptop & Accessory,1,Married,4,1,12.0,0.0,1.0,4.0,161.2,0,0.01,Low Risk
52333,0,24.0,Computer,3,8.0,E wallet,Male,2.0,3,Fashion,4,Married,3,0,11.0,3.0,3.0,2.0,205.96,0,0.0,Low Risk
52334,0,14.0,Computer,1,28.0,Debit Card,Female,3.0,3,Laptop & Accessory,1,Married,4,1,14.0,2.0,3.0,3.0,154.67,0,0.01,Low Risk
52335,0,10.0,Phone,1,10.0,Debit Card,Male,3.0,3,Mobile,3,Married,8,1,15.0,1.0,1.0,3.0,129.96,0,0.19,Low Risk
52336,0,6.0,Computer,3,11.0,Debit Card,Male,3.0,3,Laptop & Accessory,1,Married,7,0,13.0,1.0,1.0,2.0,199.98,0,0.02,Low Risk
52337,0,5.0,Phone,3,8.0,E wallet,Male,2.0,3,Laptop & Accessory,4,Married,1,1,13.0,1.0,1.0,2.0,140.78,0,0.0,Low Risk
52338,0,12.0,Computer,1,31.0,Debit Card,Male,3.0,3,Fashion,3,Married,4,0,21.0,0.0,1.0,3.0,209.2,0,0.01,Low Risk
52339,0,0.0,Mobile Phone,3,24.0,Debit Card,Male,3.0,1,Laptop & Accessory,3,Married,3,0,11.0,1.0,1.0,2.0,162.32,0,0.19,Low Risk
52340,0,25.0,Computer,1,34.0,Credit Card,Female,2.0,1,Grocery,3,Married,3,1,11.0,1.0,2.0,2.0,232.47000000000003,0,0.0,Low Risk
52341,0,16.0,Phone,1,12.0,Credit Card,Female,3.0,4,Laptop & Accessory,3,Single,2,1,14.0,0.0,1.0,8.0,140.81,0,0.0,Low Risk
52342,0,0.0,Mobile Phone,3,16.0,E wallet,Female,3.0,4,Laptop & Accessory,1,Married,2,1,11.0,1.0,4.0,4.0,157.69,0,0.06,Low Risk
52343,1,0.0,Phone,1,14.0,Debit Card,Female,2.0,3,Mobile,3,Single,2,1,13.0,4.0,7.0,7.0,123.94,1,0.92,High Risk
52344,0,0.0,Phone,1,8.0,Credit Card,Male,2.0,4,Mobile Phone,1,Single,1,0,12.0,1.0,1.0,1.0,139.04,0,0.06,Low Risk
52345,0,15.0,Mobile Phone,2,16.0,UPI,Female,2.0,3,Grocery,5,Married,1,0,14.0,1.0,1.0,9.0,267.99,0,0.0,Low Risk
52346,0,25.0,Phone,1,14.0,UPI,Female,3.0,3,Mobile,5,Married,10,0,13.0,1.0,1.0,4.0,129.5,0,0.01,Low Risk
52347,0,10.0,Phone,1,17.0,Credit Card,Female,3.0,3,Mobile Phone,3,Single,5,0,18.0,1.0,1.0,2.0,136.29,0,0.01,Low Risk
52348,0,8.0,Computer,1,24.0,Debit Card,Male,2.0,3,Fashion,1,Single,3,0,11.0,2.0,2.0,2.0,193.62,0,0.07,Low Risk
52349,0,0.0,Phone,1,7.0,COD,Male,2.0,3,Mobile,1,Married,5,0,11.0,0.0,1.0,2.0,132.29,0,0.17,Low Risk
52350,0,0.0,Phone,1,13.0,UPI,Male,3.0,1,Mobile Phone,5,Single,1,0,12.0,0.0,1.0,7.0,135.78,0,0.14,Low Risk
52351,0,2.0,Mobile Phone,2,23.0,UPI,Male,2.0,4,Fashion,5,Single,2,0,13.0,0.0,1.0,9.0,179.88,0,0.04,Low Risk
52352,1,12.0,Computer,1,34.0,Debit Card,Male,3.0,4,Laptop & Accessory,5,Single,4,0,20.0,0.0,1.0,3.0,142.84,1,0.8,High Risk
52353,1,0.0,Computer,1,20.0,UPI,Female,2.0,3,Fashion,1,Single,1,1,12.0,4.0,7.0,7.0,175.53,1,0.89,High Risk
52354,0,27.0,Mobile Phone,1,7.0,Credit Card,Female,2.0,3,Grocery,1,Single,7,0,19.0,1.0,12.0,7.0,273.28,0,0.01,Low Risk
52355,0,30.0,Mobile Phone,1,7.0,Credit Card,Female,3.0,3,Others,5,Married,4,1,15.0,1.0,1.0,5.0,297.01,0,0.03,Low Risk
52356,0,28.0,Mobile Phone,1,7.0,Credit Card,Male,2.0,1,Grocery,1,Married,3,0,13.0,0.0,2.0,0.0,247.32,0,0.0,Low Risk
52357,0,9.0,Mobile Phone,3,9.0,E wallet,Female,3.0,3,Laptop & Accessory,4,Single,4,1,16.0,0.0,1.0,1.0,192.78,0,0.06,Low Risk
52358,1,9.0,Computer,3,7.0,Debit Card,Female,2.0,5,Mobile Phone,3,Single,2,0,12.0,0.0,1.0,0.0,113.59,1,0.79,High Risk
52359,0,3.0,Phone,3,13.0,E wallet,Female,3.0,3,Laptop & Accessory,5,Married,8,0,14.0,1.0,1.0,2.0,147.79,0,0.0,Low Risk
52360,0,4.0,Mobile Phone,1,14.0,Debit Card,Female,3.0,3,Grocery,4,Single,4,0,11.0,1.0,1.0,0.0,264.22,0,0.01,Low Risk
52361,0,7.0,Computer,1,7.0,UPI,Male,3.0,3,Mobile,5,Married,6,0,14.0,1.0,1.0,3.0,129.96,0,0.01,Low Risk
52362,1,9.0,Mobile Phone,1,14.0,Debit Card,Female,2.0,4,Mobile Phone,4,Single,2,0,12.0,0.0,1.0,0.0,112.61000000000001,1,0.94,High Risk
52363,0,9.0,Phone,1,17.0,Debit Card,Male,3.0,3,Mobile,5,Married,1,0,14.0,1.0,1.0,4.0,120.99000000000001,0,0.04,Low Risk
52364,0,9.0,Mobile Phone,1,10.0,Debit Card,Male,2.0,4,Laptop & Accessory,1,Single,2,0,16.0,0.0,1.0,8.0,158.1,0,0.0,Low Risk
52365,0,9.0,Mobile Phone,3,22.0,E wallet,Female,3.0,4,Laptop & Accessory,5,Married,5,0,13.0,1.0,1.0,2.0,156.47,0,0.0,Low Risk
52366,0,20.0,Phone,1,7.0,COD,Male,3.0,3,Mobile,1,Married,8,0,12.0,1.0,1.0,2.0,134.2,0,0.01,Low Risk
52367,1,0.0,Phone,3,15.0,Debit Card,Male,3.0,4,Mobile Phone,5,Married,4,0,12.0,2.0,2.0,2.0,144.0,1,0.86,High Risk
52368,0,10.0,Computer,1,11.0,COD,Male,2.0,1,Mobile,3,Single,1,0,14.0,0.0,1.0,3.0,135.0,0,0.01,Low Risk
52369,0,9.0,Phone,1,7.0,Debit Card,Female,2.0,3,Mobile,5,Married,3,0,22.0,0.0,1.0,0.0,120.66,0,0.13,Low Risk
52370,0,20.0,Mobile Phone,1,8.0,Credit Card,Female,2.0,3,Grocery,3,Married,4,0,19.0,1.0,5.0,6.0,271.69,0,0.0,Low Risk
52371,0,0.0,Phone,3,10.0,Credit Card,Female,2.0,3,Laptop & Accessory,3,Married,2,1,12.0,1.0,1.0,3.0,141.62,0,0.13,Low Risk
52372,0,5.0,Mobile Phone,3,13.0,E wallet,Male,3.0,3,Laptop & Accessory,1,Married,5,0,12.0,0.0,1.0,3.0,192.04,0,0.0,Low Risk
52373,0,7.0,Phone,1,7.0,Debit Card,Female,2.0,4,Mobile,4,Married,6,0,17.0,1.0,1.0,2.0,132.94,0,0.0,Low Risk
52374,0,9.0,Phone,1,11.0,CC,Male,2.0,1,Mobile,3,Married,3,1,12.0,0.0,1.0,3.0,121.27000000000001,0,0.1,Low Risk
52375,0,13.0,Computer,1,15.0,UPI,Male,2.0,3,Laptop & Accessory,3,Married,4,0,11.0,0.0,1.0,7.0,139.75,0,0.02,Low Risk
52376,0,4.0,Mobile Phone,3,14.0,Debit Card,Male,2.0,3,Fashion,1,Married,2,0,18.0,2.0,9.0,9.0,207.93,0,0.04,Low Risk
52377,1,9.0,Mobile Phone,3,15.0,E wallet,Male,2.0,3,Fashion,1,Married,5,0,11.0,4.0,4.0,3.0,200.96,1,0.74,High Risk
52378,1,2.0,Computer,1,8.0,Debit Card,Female,2.0,4,Mobile Phone,5,Single,3,1,23.0,0.0,1.0,0.0,136.46,1,0.92,High Risk
52379,1,0.0,Computer,1,7.0,Debit Card,Female,3.0,1,Fashion,4,Single,2,0,11.0,1.0,4.0,7.0,174.46,1,0.92,High Risk
52380,0,18.0,Mobile Phone,1,26.0,Credit Card,Male,3.0,5,Fashion,5,Married,3,1,18.0,1.0,1.0,7.0,208.51,0,0.0,Low Risk
52381,0,9.0,Phone,2,14.0,CC,Female,3.0,1,Mobile,4,Single,10,0,18.0,1.0,1.0,2.0,121.09,0,0.03,Low Risk
52382,1,0.0,Computer,1,8.0,Debit Card,Male,3.0,3,Mobile Phone,1,Married,7,1,13.0,0.0,2.0,2.0,137.22,1,0.82,High Risk
52383,0,18.0,Mobile Phone,1,35.0,Cash on Delivery,Male,2.0,3,Fashion,1,Married,5,1,18.0,1.0,1.0,2.0,193.8,0,0.02,Low Risk
52384,0,21.0,Mobile Phone,3,13.0,E wallet,Male,3.0,3,Laptop & Accessory,5,Married,5,0,11.0,0.0,2.0,2.0,154.86,0,0.0,Low Risk
52385,1,0.0,Phone,2,15.0,COD,Female,3.0,3,Mobile,3,Married,2,0,15.0,2.0,2.0,2.0,127.41999999999999,1,0.88,High Risk
52386,0,13.0,Computer,1,14.0,Credit Card,Male,2.0,4,Fashion,4,Married,3,0,11.0,4.0,2.0,8.0,237.57,0,0.0,Low Risk
52387,0,1.0,Mobile Phone,3,11.0,Credit Card,Male,2.0,3,Laptop & Accessory,5,Single,1,0,18.0,0.0,1.0,3.0,184.63,0,0.03,Low Risk
52388,0,17.0,Computer,1,11.0,Debit Card,Male,2.0,4,Mobile,3,Single,4,0,14.0,0.0,1.0,3.0,131.62,0,0.01,Low Risk
52389,0,26.0,Mobile Phone,1,8.0,Credit Card,Male,2.0,1,Grocery,4,Single,5,0,12.0,1.0,8.0,8.0,265.98,0,0.01,Low Risk
52390,0,22.0,Mobile Phone,1,11.0,COD,Male,3.0,3,Laptop & Accessory,3,Married,3,0,14.0,0.0,1.0,2.0,166.51,0,0.0,Low Risk
52391,0,13.0,Phone,1,14.0,CC,Male,3.0,3,Mobile,3,Married,3,0,14.0,1.0,1.0,2.0,123.44999999999999,0,0.02,Low Risk
52392,0,17.0,Phone,1,26.0,Debit Card,Male,2.0,3,Mobile,4,Single,2,0,13.0,1.0,1.0,3.0,134.2,0,0.01,Low Risk
52393,0,6.0,Computer,3,13.0,Credit Card,Male,2.0,3,Laptop & Accessory,5,Married,1,0,14.0,1.0,1.0,3.0,143.73,0,0.01,Low Risk
52394,0,7.0,Phone,3,9.0,UPI,Male,2.0,5,Laptop & Accessory,5,Single,4,0,18.0,2.0,3.0,12.0,147.59,0,0.01,Low Risk
52395,0,3.0,Mobile Phone,3,22.0,Debit Card,Male,3.0,3,Laptop & Accessory,3,Married,9,0,15.0,1.0,2.0,2.0,153.01,0,0.0,Low Risk
52396,0,15.0,Computer,1,15.0,Credit Card,Female,3.0,3,Mobile Phone,1,Single,2,0,13.0,0.0,5.0,8.0,136.73,0,0.02,Low Risk
52397,0,17.0,Computer,3,7.0,E wallet,Female,3.0,3,Laptop & Accessory,3,Married,8,0,12.0,0.0,1.0,0.0,147.68,0,0.05,Low Risk
52398,0,9.0,Computer,1,13.0,Cash on Delivery,Male,3.0,3,Mobile Phone,3,Married,2,0,13.0,0.0,1.0,0.0,112.74000000000001,0,0.07,Low Risk
52399,0,30.0,Phone,1,7.0,Debit Card,Male,3.0,1,Laptop & Accessory,3,Married,1,0,24.0,1.0,2.0,8.0,149.0,0,0.0,Low Risk
52400,0,22.0,Mobile Phone,1,13.0,Debit Card,Male,2.0,3,Fashion,4,Married,4,0,14.0,0.0,1.0,7.0,204.66,0,0.0,Low Risk
52401,0,7.0,Computer,1,21.0,Credit Card,Male,3.0,3,Grocery,5,Married,8,0,14.0,1.0,6.0,9.0,270.07,0,0.04,Low Risk
52402,1,0.0,Computer,3,7.0,COD,Male,3.0,3,Mobile,3,Married,4,0,15.0,1.0,1.0,2.0,129.09,1,0.91,High Risk
52403,1,0.0,Computer,3,19.0,COD,Female,2.0,3,Laptop & Accessory,4,Single,6,0,11.0,1.0,1.0,0.0,157.65,1,0.9,High Risk
52404,1,0.0,Phone,3,30.0,Credit Card,Female,2.0,4,Laptop & Accessory,4,Single,1,1,23.0,4.0,10.0,10.0,145.99,1,0.96,High Risk
52405,0,8.0,Phone,3,14.0,Debit Card,Male,3.0,3,Mobile,3,Married,2,0,13.0,0.0,1.0,0.0,124.03999999999999,0,0.02,Low Risk
52406,1,0.0,Computer,1,15.0,CC,Male,2.0,3,Mobile,5,Single,3,1,11.0,0.0,1.0,0.0,131.72,1,0.87,High Risk
52407,0,9.0,Computer,3,19.0,Debit Card,Female,3.0,3,Mobile,4,Married,2,0,13.0,0.0,1.0,0.0,120.33000000000001,0,0.13,Low Risk
52408,0,17.0,Computer,1,8.0,Credit Card,Male,2.0,3,Fashion,3,Single,6,1,18.0,2.0,2.0,2.0,202.09,0,0.03,Low Risk
52409,0,2.0,Mobile Phone,3,25.0,Debit Card,Male,3.0,4,Laptop & Accessory,3,Married,2,0,14.0,1.0,1.0,4.0,186.2,0,0.0,Low Risk
52410,0,9.0,Phone,2,7.0,Debit Card,Male,2.0,3,Mobile,3,Married,1,0,21.0,0.0,1.0,3.0,120.63999999999999,0,0.02,Low Risk
52411,0,28.0,Phone,1,10.0,Debit Card,Male,1.0,3,Laptop & Accessory,3,Married,1,1,16.0,1.0,1.0,2.0,140.35,0,0.0,Low Risk
52412,0,6.0,Phone,1,10.0,Credit Card,Female,2.0,4,Mobile Phone,4,Married,9,0,11.0,1.0,1.0,2.0,138.38,0,0.02,Low Risk
52413,0,20.0,Phone,3,20.0,Credit Card,Female,3.0,3,Laptop & Accessory,3,Married,4,1,17.0,1.0,1.0,2.0,145.91,0,0.04,Low Risk
52414,1,0.0,Computer,1,14.0,CC,Male,2.0,4,Mobile,5,Single,8,0,11.0,1.0,1.0,0.0,125.61000000000001,1,0.84,High Risk
52415,0,9.0,Mobile Phone,1,7.0,Debit Card,Male,3.0,4,Mobile Phone,3,Married,2,0,14.0,0.0,1.0,0.0,115.63,0,0.0,Low Risk
52416,0,1.0,Computer,3,13.0,Debit Card,Male,2.0,3,Laptop & Accessory,5,Single,1,0,14.0,1.0,1.0,3.0,148.98,0,0.05,Low Risk
52417,0,22.0,Phone,1,9.0,Credit Card,Female,2.0,4,Laptop & Accessory,5,Married,5,0,25.0,0.0,1.0,2.0,147.89,0,0.0,Low Risk
52418,0,2.0,Computer,1,8.0,Debit Card,Female,3.0,3,Mobile,4,Married,1,0,13.0,1.0,1.0,2.0,131.8,0,0.0,Low Risk
52419,0,1.0,Mobile Phone,1,35.0,Debit Card,Male,3.0,5,Laptop & Accessory,4,Married,2,0,14.0,0.0,1.0,7.0,165.49,0,0.07,Low Risk
52420,0,6.0,Mobile Phone,1,14.0,Debit Card,Male,3.0,3,Laptop & Accessory,3,Single,3,1,17.0,1.0,1.0,0.0,163.88,0,0.05,Low Risk
52421,0,5.0,Mobile Phone,1,16.0,Credit Card,Male,3.0,3,Fashion,1,Single,3,0,25.0,0.0,1.0,3.0,212.44,0,0.02,Low Risk
52422,0,27.0,Computer,1,17.0,Credit Card,Female,2.0,3,Grocery,1,Married,4,0,20.0,0.0,2.0,12.0,260.32,0,0.0,Low Risk
52423,1,0.0,Phone,1,14.0,COD,Male,3.0,4,Mobile,5,Single,7,0,13.0,1.0,1.0,7.0,123.62,1,0.82,High Risk
52424,0,17.0,Mobile Phone,1,34.0,Debit Card,Male,2.0,3,Grocery,5,Married,4,0,13.0,1.0,14.0,17.0,263.28,0,0.02,Low Risk
52425,0,12.0,Mobile Phone,1,12.0,Debit Card,Female,2.0,3,Fashion,4,Single,5,0,18.0,2.0,2.0,2.0,183.76,0,0.0,Low Risk
52426,0,19.0,Mobile Phone,3,9.0,Debit Card,Female,2.0,3,Grocery,4,Married,9,0,12.0,1.0,5.0,1.0,266.06,0,0.0,Low Risk
52427,0,8.0,Mobile Phone,1,22.0,Debit Card,Female,3.0,4,Fashion,4,Single,2,0,19.0,3.0,3.0,3.0,186.06,0,0.01,Low Risk
52428,0,9.0,Phone,1,26.0,Debit Card,Male,3.0,3,Laptop & Accessory,3,Single,1,0,14.0,1.0,1.0,2.0,122.72,0,0.0,Low Risk
52429,1,9.0,Mobile Phone,1,15.0,Debit Card,Male,2.0,3,Mobile,5,Single,4,0,14.0,1.0,1.0,0.0,120.18,1,0.73,High Risk
52430,0,7.0,Mobile Phone,3,7.0,COD,Male,3.0,4,Fashion,3,Married,2,1,14.0,7.0,8.0,6.0,170.83,0,0.05,Low Risk
52431,1,0.0,Computer,1,9.0,Debit Card,Female,2.0,3,Mobile Phone,3,Single,2,0,12.0,2.0,7.0,7.0,140.84,1,0.91,High Risk
52432,0,23.0,Computer,1,28.0,Credit Card,Male,2.0,5,Grocery,1,Single,2,1,13.0,1.0,2.0,9.0,244.11,0,0.01,Low Risk
52433,0,9.0,Phone,3,13.0,COD,Male,2.0,3,Mobile,3,Married,1,1,25.0,3.0,5.0,7.0,123.08000000000001,0,0.06,Low Risk
52434,0,15.0,Phone,1,8.0,Credit Card,Male,3.0,4,Mobile Phone,4,Married,5,0,14.0,0.0,1.0,0.0,148.41,0,0.01,Low Risk
52435,0,10.0,Phone,1,19.0,Credit Card,Male,2.0,3,Laptop & Accessory,1,Married,2,0,17.0,2.0,3.0,7.0,142.85,0,0.01,Low Risk
52436,0,2.0,Mobile Phone,1,14.0,UPI,Female,2.0,5,Laptop & Accessory,5,Married,4,0,13.0,1.0,1.0,7.0,197.15,0,0.0,Low Risk
52437,0,6.0,Phone,1,31.0,Debit Card,Male,2.0,4,Laptop & Accessory,4,Single,2,0,13.0,1.0,1.0,2.0,143.2,0,0.0,Low Risk
52438,0,9.0,Phone,1,34.0,Cash on Delivery,Male,3.0,3,Mobile,1,Married,5,0,20.0,1.0,1.0,3.0,121.32,0,0.01,Low Risk
52439,0,15.0,Computer,1,8.0,Debit Card,Male,2.0,3,Fashion,1,Married,3,1,14.0,4.0,13.0,9.0,201.24,0,0.02,Low Risk
52440,0,13.0,Mobile Phone,3,15.0,Credit Card,Male,2.0,3,Laptop & Accessory,5,Married,1,0,12.0,7.0,7.0,1.0,154.73,0,0.1,Low Risk
52441,0,6.0,Mobile Phone,1,34.0,Debit Card,Male,3.0,3,Laptop & Accessory,3,Married,2,1,12.0,4.0,5.0,7.0,152.07,0,0.0,Low Risk
52442,0,13.0,Mobile Phone,2,12.0,Credit Card,Male,2.0,3,Grocery,1,Single,2,1,21.0,1.0,7.0,7.0,264.37,0,0.01,Low Risk
52443,0,9.0,Phone,1,27.0,COD,Male,2.0,4,Mobile,5,Married,1,0,14.0,0.0,1.0,0.0,122.96000000000001,0,0.06,Low Risk
52444,0,13.0,Computer,1,14.0,Debit Card,Male,3.0,3,Laptop & Accessory,1,Married,4,1,18.0,1.0,2.0,2.0,140.69,0,0.01,Low Risk
52445,0,18.0,Mobile Phone,1,7.0,COD,Male,3.0,3,Fashion,4,Married,2,0,12.0,3.0,7.0,7.0,174.41,0,0.02,Low Risk
52446,0,8.0,Phone,3,14.0,Debit Card,Female,3.0,4,Mobile,3,Married,1,0,23.0,2.0,4.0,2.0,124.30000000000001,0,0.03,Low Risk
52447,0,5.0,Mobile Phone,1,11.0,Debit Card,Female,3.0,4,Laptop & Accessory,4,Married,4,0,12.0,1.0,2.0,5.0,158.78,0,0.0,Low Risk
52448,0,9.0,Phone,3,14.0,Debit Card,Male,3.0,3,Mobile,1,Single,4,1,21.0,1.0,1.0,2.0,126.44,0,0.11,Low Risk
52449,0,21.0,Mobile Phone,3,22.0,Debit Card,Female,3.0,3,Laptop & Accessory,3,Married,9,0,14.0,7.0,7.0,7.0,164.39,0,0.07,Low Risk
52450,0,2.0,Phone,1,14.0,Debit Card,Male,3.0,1,Mobile,3,Married,7,0,18.0,0.0,1.0,0.0,124.50999999999999,0,0.07,Low Risk
52451,0,6.0,Mobile Phone,3,14.0,Debit Card,Male,2.0,3,Laptop & Accessory,5,Married,3,0,13.0,2.0,2.0,2.0,163.92,0,0.0,Low Risk
52452,1,0.0,Mobile Phone,3,7.0,Debit Card,Male,3.0,4,Laptop & Accessory,5,Married,2,0,11.0,1.0,6.0,7.0,197.14,1,0.85,High Risk
52453,0,11.0,Computer,2,16.0,UPI,Male,3.0,3,Laptop & Accessory,3,Married,4,0,11.0,0.0,1.0,2.0,160.77,0,0.01,Low Risk
52454,0,8.0,Phone,1,14.0,CC,Male,3.0,4,Mobile,5,Single,2,0,19.0,1.0,1.0,2.0,124.5,0,0.0,Low Risk
52455,0,7.0,Mobile Phone,3,35.0,COD,Male,2.0,3,Fashion,4,Married,4,0,12.0,1.0,1.0,3.0,192.5,0,0.04,Low Risk
52456,1,9.0,Phone,1,8.0,Debit Card,Female,3.0,3,Mobile,5,Married,2,1,12.0,1.0,1.0,0.0,120.74000000000001,1,0.85,High Risk
52457,1,16.0,Mobile Phone,1,8.0,Cash on Delivery,Female,3.0,4,Fashion,1,Married,1,0,16.0,0.0,1.0,9.0,201.69,1,0.68,Medium Risk
52458,1,1.0,Phone,1,8.0,Credit Card,Male,2.0,3,Laptop & Accessory,4,Married,5,0,11.0,1.0,1.0,4.0,148.55,1,0.72,High Risk
52459,0,5.0,Computer,1,7.0,COD,Male,3.0,3,Laptop & Accessory,5,Married,5,0,14.0,0.0,1.0,2.0,140.87,0,0.01,Low Risk
52460,0,21.0,Phone,1,14.0,UPI,Female,3.0,3,Mobile,5,Married,9,0,12.0,6.0,7.0,6.0,123.66999999999999,0,0.05,Low Risk
52461,0,7.0,Phone,1,13.0,CC,Male,3.0,3,Mobile,1,Single,2,0,13.0,0.0,1.0,0.0,129.72,0,0.02,Low Risk
52462,0,28.0,Mobile Phone,3,32.0,E wallet,Male,2.0,4,Others,1,Married,2,0,15.0,0.0,2.0,13.0,295.86,0,0.0,Low Risk
52463,0,7.0,Mobile Phone,1,7.0,Debit Card,Male,2.0,3,Laptop & Accessory,1,Married,10,0,17.0,0.0,2.0,1.0,154.84,0,0.0,Low Risk
52464,0,9.0,Phone,1,9.0,Debit Card,Female,2.0,3,Mobile,1,Married,2,0,21.0,1.0,1.0,0.0,120.61000000000001,0,0.06,Low Risk
52465,0,11.0,Mobile Phone,3,20.0,Debit Card,Male,3.0,3,Laptop & Accessory,4,Married,1,0,11.0,3.0,7.0,7.0,199.24,0,0.02,Low Risk
52466,0,11.0,Phone,3,22.0,Debit Card,Female,2.0,3,Laptop & Accessory,4,Single,3,0,12.0,1.0,1.0,2.0,141.98,0,0.0,Low Risk
52467,0,9.0,Mobile Phone,3,7.0,Debit Card,Female,3.0,3,Laptop & Accessory,3,Single,7,0,13.0,1.0,1.0,0.0,168.15,0,0.01,Low Risk
52468,0,2.0,Phone,1,9.0,Credit Card,Male,2.0,3,Mobile Phone,5,Single,2,1,18.0,0.0,1.0,5.0,147.23,0,0.03,Low Risk
52469,0,8.0,Mobile Phone,1,16.0,Credit Card,Female,2.0,3,Laptop & Accessory,3,Single,4,1,16.0,0.0,1.0,4.0,161.42,0,0.0,Low Risk
52470,0,12.0,Mobile Phone,3,12.0,Credit Card,Male,2.0,1,Fashion,3,Married,3,0,11.0,3.0,7.0,6.0,182.37,0,0.01,Low Risk
52471,0,2.0,Computer,1,8.0,Debit Card,Male,2.0,3,Laptop & Accessory,1,Married,2,0,19.0,1.0,1.0,3.0,188.53,0,0.0,Low Risk
52472,0,23.0,Mobile Phone,3,15.0,E wallet,Male,2.0,3,Others,3,Married,5,1,15.0,0.0,1.0,0.0,293.31,0,0.01,Low Risk
52473,0,9.0,Phone,1,16.0,Cash on Delivery,Male,2.0,1,Mobile,3,Married,3,0,16.0,0.0,2.0,2.0,120.72999999999999,0,0.0,Low Risk
52474,0,9.0,Computer,1,12.0,Debit Card,Male,3.0,1,Laptop & Accessory,5,Married,4,1,13.0,0.0,1.0,2.0,155.62,0,0.01,Low Risk
52475,0,15.0,Mobile Phone,1,15.0,UPI,Male,3.0,4,Others,1,Single,9,0,15.0,1.0,1.0,1.0,296.13,0,0.02,Low Risk
52476,0,8.0,Phone,1,34.0,Debit Card,Male,2.0,1,Laptop & Accessory,3,Married,2,0,17.0,6.0,6.0,8.0,134.07,0,0.0,Low Risk
52477,0,7.0,Computer,1,16.0,COD,Male,3.0,4,Laptop & Accessory,3,Married,2,0,14.0,1.0,7.0,7.0,150.63,0,0.0,Low Risk
52478,0,13.0,Phone,3,20.0,Debit Card,Female,2.0,3,Laptop & Accessory,5,Married,2,0,15.0,0.0,1.0,2.0,146.39,0,0.0,Low Risk
52479,0,16.0,Phone,1,33.0,COD,Male,2.0,1,Mobile Phone,4,Married,6,0,12.0,1.0,1.0,2.0,148.76,0,0.01,Low Risk
52480,0,8.0,Phone,1,13.0,Debit Card,Male,3.0,4,Mobile,1,Married,2,0,18.0,1.0,1.0,1.0,126.9,0,0.01,Low Risk
52481,0,19.0,Mobile Phone,3,7.0,Debit Card,Male,2.0,1,Grocery,5,Single,2,0,15.0,1.0,1.0,12.0,275.67,0,0.02,Low Risk
52482,1,0.0,Phone,1,14.0,CC,Male,2.0,3,Mobile,4,Married,2,1,17.0,0.0,1.0,0.0,124.08000000000001,1,0.95,High Risk
52483,0,0.0,Computer,1,32.0,UPI,Female,3.0,4,Mobile,3,Married,2,1,14.0,1.0,1.0,3.0,128.14,0,0.26,Low Risk
52484,0,23.0,Computer,1,26.0,Credit Card,Male,2.0,3,Grocery,3,Married,3,1,15.0,0.0,12.0,3.0,212.45,0,0.04,Low Risk
52485,0,5.0,Phone,1,11.0,UPI,Female,2.0,1,Mobile,1,Married,4,0,17.0,1.0,1.0,2.0,133.12,0,0.0,Low Risk
52486,0,17.0,Mobile Phone,1,13.0,Credit Card,Female,2.0,3,Others,1,Married,1,1,14.0,1.0,1.0,10.0,290.49,0,0.01,Low Risk
52487,0,9.0,Phone,1,13.0,CC,Male,2.0,4,Mobile,4,Married,2,0,12.0,1.0,1.0,1.0,121.41,0,0.01,Low Risk
52488,0,18.0,Mobile Phone,1,11.0,Credit Card,Female,2.0,5,Laptop & Accessory,5,Single,2,1,14.0,0.0,1.0,4.0,157.69,0,0.02,Low Risk
52489,0,18.0,Computer,3,32.0,E wallet,Male,2.0,4,Laptop & Accessory,5,Married,2,0,15.0,3.0,4.0,5.0,143.85,0,0.01,Low Risk
52490,0,4.0,Computer,3,8.0,UPI,Male,2.0,3,Laptop & Accessory,5,Single,8,0,13.0,1.0,1.0,3.0,153.32,0,0.02,Low Risk
52491,0,9.0,Phone,1,18.0,Debit Card,Female,3.0,3,Laptop & Accessory,3,Married,10,1,12.0,0.0,1.0,1.0,146.63,0,0.02,Low Risk
52492,0,7.0,Computer,1,16.0,Debit Card,Male,2.0,1,Laptop & Accessory,1,Married,2,0,13.0,3.0,7.0,2.0,147.24,0,0.0,Low Risk
52493,0,22.0,Phone,1,31.0,Debit Card,Female,2.0,3,Mobile,5,Married,2,0,14.0,1.0,1.0,4.0,132.11,0,0.01,Low Risk
52494,0,12.0,Mobile Phone,1,16.0,Credit Card,Male,3.0,3,Laptop & Accessory,5,Married,3,0,13.0,3.0,7.0,7.0,153.77,0,0.0,Low Risk
52495,0,0.0,Phone,1,25.0,UPI,Male,3.0,4,Mobile Phone,5,Married,2,0,11.0,0.0,1.0,7.0,140.66,0,0.03,Low Risk
52496,0,8.0,Mobile Phone,1,24.0,Debit Card,Male,2.0,1,Laptop & Accessory,5,Married,2,0,11.0,1.0,1.0,10.0,152.08,0,0.0,Low Risk
52497,0,1.0,Phone,1,33.0,Credit Card,Female,2.0,5,Laptop & Accessory,5,Married,1,0,21.0,1.0,1.0,0.0,148.77,0,0.19,Low Risk
52498,0,0.0,Phone,1,11.0,CC,Male,3.0,3,Mobile,1,Single,2,0,18.0,0.0,2.0,2.0,131.17,0,0.06,Low Risk
52499,1,9.0,Computer,3,9.0,Credit Card,Female,3.0,3,Mobile Phone,1,Single,2,1,12.0,1.0,1.0,0.0,115.69,1,0.93,High Risk
52500,0,20.0,Mobile Phone,2,32.0,Debit Card,Female,3.0,3,Others,3,Married,4,0,15.0,1.0,1.0,0.0,296.58,0,0.0,Low Risk
52501,0,12.0,Phone,1,9.0,CC,Male,3.0,4,Laptop & Accessory,3,Married,1,0,15.0,0.0,1.0,7.0,130.69,0,0.02,Low Risk
52502,0,13.0,Mobile Phone,1,21.0,Debit Card,Female,3.0,4,Fashion,3,Married,2,0,13.0,6.0,14.0,12.0,204.35,0,0.03,Low Risk
52503,0,8.0,Computer,1,14.0,Debit Card,Female,2.0,3,Laptop & Accessory,3,Married,2,0,12.0,0.0,2.0,9.0,141.48,0,0.0,Low Risk
52504,0,10.0,Mobile Phone,1,25.0,Debit Card,Male,2.0,3,Laptop & Accessory,3,Married,4,0,17.0,0.0,1.0,2.0,157.68,0,0.0,Low Risk
52505,0,12.0,Computer,1,10.0,Credit Card,Female,2.0,3,Laptop & Accessory,3,Single,1,0,13.0,3.0,3.0,8.0,150.42,0,0.0,Low Risk
52506,0,18.0,Mobile Phone,1,8.0,UPI,Female,2.0,4,Laptop & Accessory,1,Married,2,0,19.0,3.0,3.0,9.0,157.7,0,0.01,Low Risk
52507,0,11.0,Mobile Phone,1,8.0,Credit Card,Female,2.0,4,Fashion,3,Married,4,1,19.0,0.0,1.0,2.0,177.56,0,0.01,Low Risk
52508,1,0.0,Mobile Phone,3,16.0,Credit Card,Male,2.0,4,Fashion,5,Married,10,0,17.0,0.0,6.0,0.0,203.06,1,0.96,High Risk
52509,0,10.0,Phone,1,16.0,Credit Card,Female,3.0,3,Mobile Phone,4,Married,2,0,11.0,4.0,7.0,7.0,139.36,0,0.05,Low Risk
52510,0,13.0,Mobile Phone,1,22.0,Debit Card,Female,2.0,3,Fashion,1,Single,7,1,15.0,3.0,3.0,3.0,179.45,0,0.03,Low Risk
52511,0,17.0,Computer,2,7.0,UPI,Male,2.0,3,Laptop & Accessory,1,Married,5,1,11.0,1.0,1.0,2.0,157.43,0,0.01,Low Risk
52512,0,21.0,Computer,1,10.0,Credit Card,Male,2.0,4,Grocery,1,Married,3,0,25.0,0.0,2.0,2.0,252.01999999999998,0,0.0,Low Risk
52513,1,0.0,Mobile Phone,3,21.0,Credit Card,Male,2.0,5,Laptop & Accessory,1,Married,7,1,14.0,0.0,2.0,2.0,154.4,1,0.7,High Risk
52514,0,0.0,Computer,1,8.0,COD,Female,2.0,3,Mobile Phone,1,Single,2,1,13.0,0.0,1.0,3.0,137.6,0,0.1,Low Risk
52515,0,0.0,Phone,1,14.0,Credit Card,Female,2.0,1,Mobile,3,Married,8,0,17.0,0.0,1.0,2.0,135.17,0,0.13,Low Risk
52516,0,0.0,Computer,1,14.0,CC,Male,2.0,3,Mobile,1,Single,3,0,13.0,0.0,1.0,2.0,125.80000000000001,0,0.05,Low Risk
52517,1,9.0,Phone,1,13.0,Debit Card,Male,3.0,3,Mobile,5,Single,4,1,14.0,0.0,1.0,3.0,121.66,1,0.95,High Risk
52518,0,2.0,Mobile Phone,3,16.0,Credit Card,Male,2.0,4,Laptop & Accessory,3,Single,10,0,11.0,1.0,1.0,4.0,158.69,0,0.08,Low Risk
52519,0,9.0,Mobile Phone,1,11.0,Debit Card,Female,2.0,3,Fashion,5,Married,5,0,12.0,1.0,1.0,2.0,180.08,0,0.02,Low Risk
52520,0,0.0,Computer,1,8.0,Debit Card,Male,3.0,1,Laptop & Accessory,3,Married,2,0,17.0,1.0,1.0,7.0,152.06,0,0.0,Low Risk
52521,0,12.0,Mobile Phone,1,18.0,Credit Card,Male,3.0,3,Laptop & Accessory,4,Married,5,0,21.0,1.0,1.0,0.0,152.95,0,0.0,Low Risk
52522,0,22.0,Mobile Phone,1,28.0,UPI,Female,3.0,3,Grocery,4,Married,4,0,16.0,1.0,1.0,2.0,264.13,0,0.0,Low Risk
52523,0,23.0,Mobile Phone,1,23.0,Debit Card,Female,2.0,4,Fashion,5,Married,6,0,15.0,0.0,2.0,11.0,232.69,0,0.0,Low Risk
52524,0,0.0,Phone,3,8.0,CC,Female,3.0,3,Mobile,3,Single,2,0,19.0,0.0,2.0,2.0,127.83000000000001,0,0.03,Low Risk
52525,0,7.0,Mobile Phone,1,9.0,Debit Card,Female,3.0,3,Laptop & Accessory,4,Married,2,0,12.0,1.0,7.0,9.0,154.33,0,0.0,Low Risk
52526,0,9.0,Mobile Phone,1,13.0,Debit Card,Male,3.0,3,Mobile,4,Single,3,0,11.0,0.0,1.0,3.0,120.13,0,0.15,Low Risk
52527,0,22.0,Mobile Phone,1,12.0,Debit Card,Female,2.0,4,Grocery,3,Married,3,1,19.0,2.0,2.0,12.0,239.66000000000003,0,0.01,Low Risk
52528,0,9.0,Computer,1,7.0,Credit Card,Female,2.0,4,Laptop & Accessory,3,Married,1,0,15.0,0.0,1.0,2.0,143.74,0,0.0,Low Risk
52529,0,9.0,Mobile Phone,1,9.0,Debit Card,Male,3.0,1,Laptop & Accessory,5,Married,7,0,20.0,0.0,1.0,4.0,168.42,0,0.01,Low Risk
52530,0,27.0,Mobile Phone,1,28.0,Credit Card,Female,3.0,3,Grocery,3,Married,4,0,25.0,1.0,4.0,7.0,274.26,0,0.0,Low Risk
52531,0,16.0,Mobile Phone,1,21.0,Debit Card,Male,3.0,4,Grocery,3,Married,2,0,24.0,1.0,6.0,11.0,276.03,0,0.0,Low Risk
52532,1,0.0,Computer,3,18.0,UPI,Male,2.0,3,Laptop & Accessory,1,Single,4,1,24.0,5.0,6.0,7.0,145.81,1,0.98,High Risk
52533,0,11.0,Computer,1,7.0,Debit Card,Male,2.0,3,Laptop & Accessory,1,Married,8,0,15.0,1.0,2.0,9.0,147.35,0,0.0,Low Risk
52534,0,2.0,Phone,3,11.0,Credit Card,Male,2.0,4,Laptop & Accessory,4,Married,2,1,13.0,0.0,1.0,9.0,141.87,0,0.01,Low Risk
52535,0,6.0,Mobile Phone,3,8.0,Credit Card,Male,3.0,3,Laptop & Accessory,1,Married,2,0,14.0,1.0,1.0,4.0,155.05,0,0.0,Low Risk
52536,0,5.0,Mobile Phone,1,8.0,Credit Card,Male,2.0,3,Laptop & Accessory,4,Married,1,0,13.0,1.0,1.0,6.0,154.7,0,0.0,Low Risk
52537,0,4.0,Mobile Phone,3,11.0,Debit Card,Female,3.0,3,Laptop & Accessory,1,Married,2,0,11.0,0.0,1.0,2.0,154.76,0,0.0,Low Risk
52538,0,22.0,Phone,1,14.0,CC,Female,3.0,3,Mobile,5,Married,5,1,16.0,0.0,2.0,2.0,125.87,0,0.14,Low Risk
52539,0,11.0,Computer,1,14.0,CC,Female,2.0,4,Mobile,4,Single,2,0,22.0,0.0,3.0,3.0,124.4,0,0.02,Low Risk
52540,0,20.0,Mobile Phone,3,8.0,Debit Card,Female,2.0,1,Grocery,4,Married,7,0,14.0,1.0,2.0,2.0,259.72,0,0.0,Low Risk
52541,0,22.0,Mobile Phone,1,7.0,Debit Card,Male,2.0,3,Grocery,3,Single,5,0,14.0,1.0,2.0,0.0,253.79000000000002,0,0.0,Low Risk
52542,0,14.0,Mobile Phone,3,29.0,Debit Card,Male,3.0,3,Fashion,3,Single,4,1,16.0,0.0,1.0,2.0,170.82,0,0.17,Low Risk
52543,0,0.0,Phone,3,15.0,Debit Card,Male,3.0,3,Mobile,5,Single,2,0,11.0,0.0,1.0,2.0,127.28,0,0.05,Low Risk
52544,0,6.0,Computer,3,22.0,Debit Card,Female,2.0,3,Laptop & Accessory,1,Married,2,1,25.0,0.0,1.0,2.0,153.68,0,0.03,Low Risk
52545,0,9.0,Mobile Phone,1,32.0,Debit Card,Male,3.0,3,Laptop & Accessory,3,Married,7,0,14.0,1.0,1.0,2.0,153.47,0,0.0,Low Risk
52546,0,17.0,Phone,2,7.0,Debit Card,Female,2.0,3,Mobile,1,Married,5,1,18.0,2.0,2.0,2.0,131.95,0,0.01,Low Risk
52547,1,0.0,Phone,1,14.0,Credit Card,Male,3.0,4,Mobile Phone,3,Single,2,1,11.0,1.0,1.0,2.0,139.89,1,0.98,High Risk
52548,0,11.0,Phone,1,10.0,CC,Female,2.0,3,Mobile,3,Married,8,0,19.0,0.0,1.0,0.0,133.06,0,0.0,Low Risk
52549,0,26.0,Mobile Phone,1,30.0,Credit Card,Male,2.0,1,Fashion,1,Married,4,0,15.0,0.0,1.0,2.0,170.05,0,0.03,Low Risk
52550,1,11.0,Computer,3,14.0,CC,Female,3.0,3,Mobile,3,Married,3,1,11.0,1.0,7.0,7.0,126.55000000000001,1,0.69,Medium Risk
52551,1,9.0,Mobile Phone,1,8.0,Debit Card,Male,3.0,3,Mobile Phone,4,Single,2,0,12.0,0.0,1.0,0.0,113.93,1,0.95,High Risk
52552,0,0.0,Computer,1,14.0,CC,Male,3.0,3,Mobile,1,Single,2,0,20.0,0.0,5.0,7.0,125.69999999999999,0,0.04,Low Risk
52553,0,28.0,Phone,1,28.0,COD,Male,3.0,4,Mobile,4,Married,6,0,12.0,1.0,1.0,2.0,135.37,0,0.02,Low Risk
52554,0,7.0,Phone,1,11.0,Credit Card,Male,2.0,4,Laptop & Accessory,1,Married,2,0,14.0,0.0,4.0,13.0,139.86,0,0.01,Low Risk
52555,0,30.0,Mobile Phone,1,7.0,Credit Card,Male,3.0,5,Fashion,1,Married,4,0,20.0,1.0,1.0,0.0,208.82999999999998,0,0.01,Low Risk
52556,0,9.0,Phone,1,27.0,CC,Male,3.0,1,Mobile,4,Married,2,0,18.0,0.0,2.0,13.0,120.28,0,0.01,Low Risk
52557,0,10.0,Computer,3,7.0,Credit Card,Male,2.0,5,Laptop & Accessory,1,Married,2,0,14.0,1.0,1.0,3.0,195.25,0,0.0,Low Risk
52558,0,7.0,Phone,1,25.0,Debit Card,Female,3.0,4,Mobile,1,Married,2,0,12.0,1.0,8.0,7.0,129.29,0,0.02,Low Risk
52559,1,9.0,Phone,3,13.0,Debit Card,Male,3.0,3,Mobile,1,Married,2,1,21.0,1.0,1.0,2.0,122.75,1,0.87,High Risk
52560,0,17.0,Mobile Phone,1,8.0,Debit Card,Female,3.0,1,Fashion,1,Married,2,1,19.0,1.0,6.0,7.0,178.79,0,0.0,Low Risk
52561,0,8.0,Computer,1,8.0,Credit Card,Male,3.0,4,Mobile Phone,1,Single,1,1,14.0,1.0,1.0,4.0,149.3,0,0.01,Low Risk
52562,0,16.0,Mobile Phone,3,8.0,Credit Card,Male,3.0,3,Laptop & Accessory,1,Married,2,1,17.0,3.0,8.0,8.0,178.47,0,0.01,Low Risk
52563,0,0.0,Phone,1,15.0,Credit Card,Male,3.0,1,Mobile Phone,3,Married,2,0,16.0,0.0,1.0,4.0,144.01,0,0.01,Low Risk
52564,0,14.0,Mobile Phone,3,12.0,E wallet,Male,2.0,3,Fashion,3,Single,2,0,12.0,3.0,8.0,7.0,192.41,0,0.05,Low Risk
52565,0,2.0,Phone,1,15.0,CC,Female,3.0,3,Mobile,3,Married,10,0,17.0,0.0,1.0,2.0,129.74,0,0.08,Low Risk
52566,0,9.0,Phone,3,8.0,Debit Card,Female,2.0,3,Laptop & Accessory,1,Single,4,0,15.0,6.0,6.0,7.0,145.02,0,0.03,Low Risk
52567,0,18.0,Computer,1,7.0,Debit Card,Male,3.0,4,Fashion,3,Married,4,0,23.0,4.0,14.0,4.0,207.48000000000002,0,0.01,Low Risk
52568,1,9.0,Mobile Phone,2,28.0,UPI,Male,2.0,5,Mobile Phone,3,Married,2,0,11.0,0.0,1.0,0.0,115.55000000000001,1,0.92,High Risk
52569,1,10.0,Computer,3,15.0,Debit Card,Male,2.0,5,Grocery,3,Married,8,0,11.0,6.0,14.0,3.0,229.36,1,0.68,Medium Risk
52570,0,9.0,Phone,1,23.0,CC,Male,3.0,5,Mobile,3,Married,2,0,15.0,1.0,1.0,2.0,123.05000000000001,0,0.03,Low Risk
52571,0,18.0,Mobile Phone,1,34.0,Cash on Delivery,Female,2.0,4,Grocery,4,Single,2,0,11.0,1.0,8.0,6.0,267.04,0,0.03,Low Risk
52572,0,5.0,Computer,1,16.0,Debit Card,Male,2.0,3,Mobile,3,Married,7,0,13.0,0.0,1.0,3.0,134.33,0,0.02,Low Risk
52573,0,4.0,Phone,1,8.0,Debit Card,Male,3.0,3,Mobile,3,Married,2,0,14.0,1.0,1.0,3.0,134.77,0,0.0,Low Risk
52574,0,14.0,Computer,2,10.0,UPI,Male,2.0,5,Laptop & Accessory,4,Married,7,0,19.0,0.0,1.0,2.0,164.3,0,0.01,Low Risk
52575,0,13.0,Mobile Phone,1,14.0,Debit Card,Female,3.0,3,Laptop & Accessory,5,Married,3,1,16.0,1.0,1.0,0.0,165.16,0,0.02,Low Risk
52576,0,0.0,Phone,1,35.0,Credit Card,Male,3.0,3,Mobile Phone,5,Married,2,0,13.0,1.0,1.0,2.0,139.07,0,0.08,Low Risk
52577,0,19.0,Mobile Phone,1,19.0,Debit Card,Male,2.0,3,Laptop & Accessory,4,Single,7,0,14.0,1.0,1.0,9.0,155.62,0,0.01,Low Risk
52578,0,8.0,Mobile Phone,1,33.0,Debit Card,Male,2.0,3,Laptop & Accessory,3,Married,3,0,16.0,1.0,1.0,7.0,168.83,0,0.0,Low Risk
52579,0,3.0,Phone,1,22.0,Debit Card,Male,3.0,3,Mobile,1,Married,2,0,12.0,0.0,1.0,8.0,128.62,0,0.01,Low Risk
52580,0,20.0,Computer,3,8.0,E wallet,Male,2.0,3,Laptop & Accessory,4,Married,8,0,11.0,0.0,1.0,0.0,149.78,0,0.04,Low Risk
52581,0,19.0,Mobile Phone,3,8.0,Debit Card,Male,3.0,3,Fashion,1,Married,5,1,12.0,0.0,1.0,3.0,203.68,0,0.0,Low Risk
52582,1,0.0,Mobile Phone,3,19.0,E wallet,Male,3.0,4,Laptop & Accessory,5,Married,6,1,13.0,1.0,2.0,2.0,161.34,1,0.85,High Risk
52583,1,0.0,Mobile Phone,3,7.0,Debit Card,Male,2.0,5,Laptop & Accessory,4,Single,7,0,15.0,0.0,1.0,0.0,167.35,1,0.87,High Risk
52584,0,0.0,Phone,1,10.0,CC,Female,2.0,3,Mobile,4,Single,2,0,13.0,0.0,1.0,2.0,132.95,0,0.14,Low Risk
52585,0,4.0,Computer,1,30.0,COD,Female,1.0,3,Laptop & Accessory,1,Single,3,0,20.0,0.0,1.0,4.0,152.38,0,0.01,Low Risk
52586,0,12.0,Computer,1,7.0,Debit Card,Male,3.0,3,Laptop & Accessory,1,Married,2,1,15.0,0.0,5.0,8.0,164.72,0,0.01,Low Risk
52587,0,5.0,Mobile Phone,3,25.0,Debit Card,Male,3.0,5,Fashion,3,Married,4,0,13.0,0.0,1.0,2.0,196.1,0,0.01,Low Risk
52588,0,13.0,Mobile Phone,3,13.0,Credit Card,Male,2.0,3,Others,4,Single,2,0,15.0,12.0,12.0,8.0,298.33,0,0.04,Low Risk
52589,0,18.0,Mobile Phone,2,10.0,Debit Card,Female,2.0,5,Fashion,3,Married,5,0,21.0,1.0,1.0,3.0,197.56,0,0.0,Low Risk
52590,0,3.0,Computer,1,8.0,COD,Female,3.0,4,Mobile Phone,5,Single,1,0,16.0,0.0,1.0,7.0,149.68,0,0.0,Low Risk
52591,0,9.0,Computer,2,16.0,CC,Male,2.0,3,Mobile,1,Married,1,0,14.0,0.0,2.0,1.0,121.44999999999999,0,0.01,Low Risk
52592,1,9.0,Computer,2,14.0,UPI,Female,3.0,4,Mobile,1,Married,7,0,11.0,1.0,1.0,2.0,121.80000000000001,1,0.9,High Risk
52593,0,4.0,Mobile Phone,3,11.0,COD,Male,2.0,3,Laptop & Accessory,3,Married,2,0,19.0,1.0,1.0,2.0,183.46,0,0.01,Low Risk
52594,0,0.0,Phone,1,14.0,CC,Female,3.0,3,Mobile,1,Single,2,0,11.0,0.0,1.0,4.0,134.45,0,0.2,Low Risk
52595,1,0.0,Phone,3,15.0,E wallet,Female,3.0,5,Mobile,4,Single,2,0,13.0,2.0,2.0,2.0,127.6,1,0.98,High Risk
52596,0,2.0,Computer,1,7.0,Debit Card,Male,3.0,1,Laptop & Accessory,3,Single,9,1,12.0,1.0,1.0,2.0,162.94,0,0.04,Low Risk
52597,0,3.0,Mobile Phone,3,21.0,E wallet,Male,3.0,4,Fashion,5,Married,3,0,11.0,1.0,1.0,7.0,171.4,0,0.0,Low Risk
52598,0,7.0,Phone,1,8.0,CC,Male,3.0,1,Mobile,1,Married,1,1,14.0,1.0,1.0,2.0,129.32,0,0.03,Low Risk
52599,0,6.0,Computer,3,8.0,E wallet,Female,3.0,3,Laptop & Accessory,4,Single,9,0,15.0,1.0,1.0,7.0,151.47,0,0.04,Low Risk
52600,0,22.0,Phone,3,17.0,E wallet,Female,3.0,3,Laptop & Accessory,1,Single,4,0,12.0,0.0,1.0,4.0,145.07,0,0.01,Low Risk
52601,1,0.0,Mobile Phone,3,22.0,Debit Card,Female,3.0,3,Fashion,5,Single,3,1,20.0,1.0,1.0,0.0,185.64,1,0.97,High Risk
52602,0,11.0,Computer,1,14.0,CC,Female,3.0,4,Mobile,4,Married,5,0,14.0,0.0,1.0,5.0,124.68,0,0.01,Low Risk
52603,1,0.0,Mobile Phone,3,22.0,E wallet,Male,3.0,3,Fashion,3,Married,3,0,13.0,0.0,1.0,0.0,181.61,1,0.89,High Risk
52604,0,9.0,Phone,1,10.0,Cash on Delivery,Female,3.0,4,Mobile,5,Married,2,0,13.0,0.0,1.0,0.0,121.09,0,0.04,Low Risk
52605,0,3.0,Mobile Phone,1,22.0,Debit Card,Male,2.0,1,Laptop & Accessory,3,Married,4,0,16.0,1.0,1.0,7.0,152.94,0,0.0,Low Risk
52606,0,5.0,Computer,1,11.0,COD,Male,3.0,3,Mobile,4,Single,3,0,14.0,1.0,1.0,7.0,127.18,0,0.01,Low Risk
52607,0,11.0,Mobile Phone,1,24.0,Credit Card,Male,2.0,5,Laptop & Accessory,1,Married,4,1,16.0,0.0,1.0,0.0,158.11,0,0.0,Low Risk
52608,1,6.0,Computer,1,14.0,COD,Male,2.0,4,Mobile,3,Married,10,1,16.0,1.0,1.0,0.0,124.37,1,0.94,High Risk
52609,0,15.0,Phone,1,18.0,CC,Male,3.0,3,Mobile,4,Married,9,0,22.0,1.0,1.0,4.0,127.66,0,0.0,Low Risk
52610,0,28.0,Mobile Phone,1,8.0,Credit Card,Male,2.0,4,Others,5,Married,9,0,12.0,1.0,1.0,0.0,290.38,0,0.01,Low Risk
52611,0,6.0,Computer,1,10.0,COD,Male,3.0,3,Laptop & Accessory,4,Married,6,0,15.0,0.0,1.0,7.0,130.55,0,0.0,Low Risk
52612,0,9.0,Phone,1,15.0,Debit Card,Male,3.0,3,Mobile,5,Married,2,0,20.0,0.0,1.0,4.0,122.88999999999999,0,0.0,Low Risk
52613,0,7.0,Computer,3,16.0,Debit Card,Male,2.0,3,Laptop & Accessory,3,Married,2,1,14.0,1.0,1.0,7.0,140.01,0,0.02,Low Risk
52614,0,26.0,Computer,1,7.0,Credit Card,Female,2.0,4,Grocery,3,Married,5,1,20.0,1.0,1.0,3.0,229.64999999999998,0,0.0,Low Risk
52615,0,16.0,Phone,2,8.0,Debit Card,Male,3.0,3,Mobile,1,Single,1,0,13.0,1.0,1.0,8.0,135.39,0,0.01,Low Risk
52616,0,7.0,Mobile Phone,3,9.0,Debit Card,Female,2.0,5,Laptop & Accessory,1,Single,6,0,12.0,2.0,2.0,2.0,160.29,0,0.0,Low Risk
52617,1,0.0,Phone,3,13.0,E wallet,Male,3.0,3,Mobile,4,Single,2,0,13.0,0.0,1.0,0.0,126.78999999999999,1,0.79,High Risk
52618,0,11.0,Phone,1,12.0,UPI,Female,2.0,4,Mobile Phone,3,Married,2,0,11.0,1.0,1.0,4.0,137.02,0,0.0,Low Risk
52619,1,0.0,Phone,1,14.0,CC,Female,3.0,3,Mobile,5,Married,2,1,17.0,0.0,1.0,0.0,123.97999999999999,1,0.98,High Risk
52620,0,4.0,Mobile Phone,3,35.0,E wallet,Female,3.0,4,Laptop & Accessory,1,Married,2,0,14.0,0.0,5.0,7.0,154.68,0,0.0,Low Risk
52621,0,24.0,Mobile Phone,1,9.0,Cash on Delivery,Female,2.0,3,Fashion,3,Married,3,0,11.0,2.0,2.0,3.0,231.16000000000003,0,0.01,Low Risk
52622,0,10.0,Phone,3,15.0,E wallet,Male,2.0,4,Laptop & Accessory,4,Married,2,0,14.0,1.0,1.0,3.0,141.89,0,0.0,Low Risk
52623,0,19.0,Mobile Phone,1,8.0,Credit Card,Male,2.0,3,Others,1,Married,8,1,15.0,2.0,2.0,2.0,293.28,0,0.01,Low Risk
52624,0,9.0,Mobile Phone,1,16.0,Debit Card,Male,2.0,3,Fashion,5,Married,8,1,13.0,2.0,5.0,7.0,183.21,0,0.04,Low Risk
52625,1,7.0,Computer,1,14.0,CC,Male,3.0,3,Mobile,4,Married,2,1,12.0,2.0,2.0,3.0,123.41999999999999,1,0.88,High Risk
52626,0,10.0,Phone,2,14.0,UPI,Male,2.0,3,Laptop & Accessory,4,Married,3,0,13.0,3.0,4.0,7.0,140.71,0,0.0,Low Risk
52627,1,0.0,Mobile Phone,3,33.0,Debit Card,Male,2.0,3,Laptop & Accessory,1,Single,2,1,18.0,3.0,7.0,7.0,158.13,1,0.92,High Risk
52628,0,6.0,Phone,1,14.0,Debit Card,Male,3.0,1,Mobile,5,Married,7,0,19.0,3.0,7.0,6.0,131.43,0,0.02,Low Risk
52629,0,9.0,Phone,1,7.0,Debit Card,Male,2.0,3,Mobile,1,Married,2,0,11.0,0.0,1.0,3.0,120.44,0,0.04,Low Risk
52630,0,12.0,Mobile Phone,1,16.0,Credit Card,Male,3.0,3,Fashion,3,Single,8,0,21.0,2.0,2.0,2.0,234.64,0,0.01,Low Risk
52631,0,19.0,Computer,3,32.0,Debit Card,Male,3.0,4,Laptop & Accessory,4,Single,9,0,15.0,1.0,2.0,2.0,179.91,0,0.01,Low Risk
52632,0,13.0,Phone,1,8.0,Debit Card,Female,3.0,3,Mobile,5,Married,5,0,17.0,1.0,1.0,2.0,133.77,0,0.0,Low Risk
52633,0,15.0,Mobile Phone,1,19.0,Credit Card,Male,3.0,1,Laptop & Accessory,5,Married,6,0,18.0,1.0,1.0,0.0,155.38,0,0.0,Low Risk
52634,0,8.0,Computer,1,8.0,Credit Card,Male,2.0,3,Laptop & Accessory,1,Married,3,0,14.0,1.0,1.0,7.0,157.62,0,0.0,Low Risk
52635,0,11.0,Computer,2,14.0,UPI,Male,3.0,3,Mobile,4,Married,6,0,13.0,2.0,3.0,8.0,125.91999999999999,0,0.0,Low Risk
52636,1,0.0,Computer,1,15.0,Debit Card,Male,3.0,3,Laptop & Accessory,5,Married,5,0,17.0,0.0,1.0,7.0,153.46,1,0.97,High Risk
52637,1,0.0,Phone,1,16.0,Credit Card,Male,2.0,3,Laptop & Accessory,5,Single,2,0,15.0,0.0,1.0,8.0,142.13,1,0.89,High Risk
52638,0,12.0,Computer,3,26.0,Debit Card,Male,2.0,3,Laptop & Accessory,1,Married,3,0,18.0,1.0,2.0,2.0,141.27,0,0.0,Low Risk
52639,0,16.0,Computer,1,14.0,Debit Card,Male,2.0,3,Mobile,3,Single,5,0,13.0,1.0,1.0,2.0,124.38,0,0.03,Low Risk
52640,0,14.0,Mobile Phone,1,11.0,Debit Card,Male,2.0,1,Laptop & Accessory,4,Single,4,0,12.0,0.0,1.0,2.0,168.7,0,0.0,Low Risk
52641,0,14.0,Mobile Phone,3,10.0,E wallet,Female,2.0,3,Fashion,3,Married,1,1,13.0,5.0,13.0,5.0,204.47,0,0.02,Low Risk
52642,0,3.0,Mobile Phone,1,16.0,Credit Card,Female,3.0,3,Fashion,3,Single,10,0,14.0,0.0,1.0,2.0,196.67,0,0.03,Low Risk
52643,1,9.0,Phone,2,26.0,CC,Female,3.0,3,Mobile,4,Married,1,1,11.0,0.0,1.0,4.0,121.47999999999999,1,0.74,High Risk
52644,1,9.0,Mobile Phone,1,27.0,Credit Card,Female,3.0,3,Laptop & Accessory,4,Married,5,0,22.0,3.0,3.0,7.0,189.26,1,0.69,Medium Risk
52645,0,13.0,Mobile Phone,1,7.0,Debit Card,Female,2.0,3,Laptop & Accessory,1,Married,5,0,17.0,0.0,1.0,3.0,165.13,0,0.0,Low Risk
52646,0,7.0,Mobile Phone,3,14.0,COD,Male,3.0,1,Laptop & Accessory,3,Married,2,0,21.0,2.0,4.0,8.0,167.99,0,0.01,Low Risk
52647,0,30.0,Computer,3,8.0,Credit Card,Male,2.0,3,Grocery,4,Married,5,0,22.0,1.0,14.0,14.0,262.91,0,0.02,Low Risk
52648,0,8.0,Phone,1,29.0,CC,Male,3.0,5,Mobile,3,Married,1,0,16.0,0.0,1.0,3.0,127.05000000000001,0,0.01,Low Risk
52649,0,20.0,Mobile Phone,1,10.0,Debit Card,Female,3.0,4,Fashion,4,Married,9,1,12.0,5.0,14.0,10.0,203.33,0,0.03,Low Risk
52650,0,13.0,Phone,1,18.0,Debit Card,Female,2.0,3,Laptop & Accessory,5,Married,3,0,12.0,1.0,7.0,7.0,144.48,0,0.01,Low Risk
52651,0,27.0,Mobile Phone,1,13.0,Credit Card,Female,3.0,3,Laptop & Accessory,1,Married,5,0,15.0,1.0,1.0,7.0,168.54,0,0.0,Low Risk
52652,0,4.0,Computer,3,13.0,E wallet,Female,3.0,3,Fashion,5,Married,3,0,14.0,2.0,2.0,2.0,196.37,0,0.01,Low Risk
52653,0,1.0,Phone,1,7.0,Credit Card,Female,3.0,3,Mobile Phone,5,Married,2,0,25.0,1.0,1.0,2.0,135.91,0,0.02,Low Risk
52654,0,11.0,Mobile Phone,3,8.0,E wallet,Female,3.0,5,Laptop & Accessory,1,Married,3,1,20.0,0.0,1.0,3.0,154.05,0,0.01,Low Risk
52655,0,0.0,Phone,3,16.0,Credit Card,Male,2.0,3,Laptop & Accessory,1,Single,2,0,13.0,1.0,1.0,2.0,146.84,0,0.0,Low Risk
52656,0,30.0,Computer,1,21.0,Debit Card,Male,2.0,3,Grocery,3,Married,3,1,14.0,2.0,2.0,2.0,257.87,0,0.0,Low Risk
52657,0,9.0,Computer,1,20.0,Credit Card,Female,2.0,3,Mobile Phone,3,Single,2,0,16.0,1.0,1.0,0.0,115.13999999999999,0,0.07,Low Risk
52658,1,0.0,Phone,2,24.0,UPI,Male,3.0,1,Mobile,5,Married,1,0,17.0,1.0,1.0,0.0,129.56,1,0.98,High Risk
52659,1,0.0,Phone,2,14.0,UPI,Male,2.0,4,Mobile,5,Married,5,1,15.0,2.0,2.0,0.0,123.35,1,0.99,High Risk
52660,0,18.0,Computer,3,8.0,Debit Card,Female,3.0,3,Laptop & Accessory,3,Married,5,0,22.0,3.0,5.0,7.0,151.54,0,0.01,Low Risk
52661,0,9.0,Mobile Phone,1,8.0,UPI,Female,3.0,3,Laptop & Accessory,4,Married,5,1,22.0,1.0,1.0,0.0,169.62,0,0.01,Low Risk
52662,0,16.0,Computer,3,8.0,Debit Card,Male,3.0,3,Laptop & Accessory,1,Married,2,0,20.0,7.0,7.0,7.0,156.75,0,0.01,Low Risk
52663,0,0.0,Computer,1,14.0,Debit Card,Female,2.0,3,Mobile,1,Single,1,1,14.0,1.0,1.0,2.0,123.78999999999999,0,0.1,Low Risk
52664,0,2.0,Computer,1,26.0,Credit Card,Male,2.0,3,Mobile Phone,1,Married,2,0,13.0,1.0,3.0,10.0,138.12,0,0.0,Low Risk
52665,0,5.0,Computer,3,16.0,E wallet,Male,3.0,3,Laptop & Accessory,1,Single,9,0,13.0,0.0,1.0,0.0,146.48,0,0.01,Low Risk
52666,0,15.0,Computer,1,16.0,COD,Male,3.0,3,Mobile,3,Married,4,0,22.0,3.0,3.0,3.0,129.36,0,0.03,Low Risk
52667,0,9.0,Phone,1,15.0,Debit Card,Female,3.0,3,Mobile,3,Single,5,0,12.0,0.0,2.0,0.0,121.05000000000001,0,0.01,Low Risk
52668,0,19.0,Mobile Phone,1,8.0,Debit Card,Male,2.0,3,Fashion,1,Married,4,0,14.0,0.0,4.0,7.0,185.78,0,0.01,Low Risk
52669,0,1.0,Computer,2,7.0,Debit Card,Male,3.0,3,Mobile,1,Married,2,0,15.0,1.0,2.0,2.0,127.06,0,0.11,Low Risk
52670,0,2.0,Mobile Phone,1,35.0,Debit Card,Male,3.0,5,Laptop & Accessory,3,Married,9,0,17.0,0.0,1.0,6.0,163.84,0,0.03,Low Risk
52671,0,15.0,Phone,1,14.0,Debit Card,Male,2.0,3,Mobile Phone,3,Single,5,0,13.0,1.0,1.0,0.0,139.68,0,0.0,Low Risk
52672,1,0.0,Mobile Phone,3,8.0,E wallet,Male,2.0,4,Laptop & Accessory,4,Single,8,1,12.0,1.0,2.0,2.0,199.07,1,0.98,High Risk
52673,0,19.0,Mobile Phone,3,9.0,Cash on Delivery,Female,2.0,1,Grocery,5,Married,3,0,12.0,2.0,2.0,8.0,232.25,0,0.01,Low Risk
52674,0,0.0,Phone,3,29.0,Credit Card,Female,2.0,4,Laptop & Accessory,3,Married,2,0,21.0,3.0,5.0,8.0,135.4,0,0.02,Low Risk
52675,0,2.0,Phone,2,12.0,CC,Male,3.0,4,Mobile,4,Married,2,0,11.0,1.0,1.0,0.0,128.04,0,0.02,Low Risk
52676,0,16.0,Mobile Phone,1,12.0,Credit Card,Female,2.0,4,Others,3,Married,8,0,15.0,6.0,6.0,14.0,293.92,0,0.04,Low Risk
52677,0,21.0,Mobile Phone,1,16.0,Debit Card,Male,3.0,4,Others,4,Married,5,0,15.0,3.0,12.0,9.0,296.65,0,0.01,Low Risk
52678,1,0.0,Computer,1,14.0,Debit Card,Male,3.0,4,Mobile,1,Single,2,1,24.0,1.0,1.0,0.0,124.38999999999999,1,1.0,High Risk
52679,1,9.0,Mobile Phone,3,16.0,Debit Card,Female,3.0,3,Fashion,4,Married,6,0,21.0,1.0,1.0,7.0,173.14,1,0.61,Medium Risk
52680,0,0.0,Computer,1,21.0,Debit Card,Female,3.0,4,Mobile Phone,5,Married,1,0,19.0,0.0,7.0,3.0,147.74,0,0.03,Low Risk
52681,0,12.0,Phone,1,25.0,UPI,Male,2.0,3,Laptop & Accessory,1,Married,9,0,14.0,0.0,2.0,2.0,139.02,0,0.02,Low Risk
52682,0,28.0,Phone,1,8.0,COD,Male,3.0,4,Mobile,1,Married,9,0,20.0,1.0,1.0,4.0,126.62,0,0.0,Low Risk
52683,0,1.0,Phone,3,9.0,CC,Female,3.0,3,Mobile,4,Married,2,0,19.0,1.0,1.0,0.0,128.56,0,0.13,Low Risk
52684,1,0.0,Mobile Phone,3,15.0,Credit Card,Male,2.0,3,Mobile Phone,1,Single,2,0,13.0,0.0,1.0,0.0,110.81,1,0.79,High Risk
52685,1,0.0,Phone,1,14.0,Debit Card,Male,3.0,3,Mobile,4,Single,2,1,23.0,1.0,1.0,0.0,124.72,1,0.9,High Risk
52686,0,9.0,Mobile Phone,3,16.0,COD,Female,3.0,4,Laptop & Accessory,3,Married,2,1,13.0,0.0,1.0,7.0,156.73,0,0.06,Low Risk
52687,0,4.0,Phone,1,26.0,Debit Card,Male,2.0,3,Laptop & Accessory,3,Married,2,0,11.0,0.0,1.0,2.0,141.97,0,0.0,Low Risk
52688,0,7.0,Mobile Phone,3,10.0,Debit Card,Male,3.0,3,Fashion,1,Married,3,1,13.0,0.0,1.0,0.0,197.13,0,0.0,Low Risk
52689,0,9.0,Phone,1,13.0,Debit Card,Male,2.0,3,Mobile,5,Single,4,0,14.0,0.0,1.0,2.0,120.62,0,0.1,Low Risk
52690,0,10.0,Phone,1,13.0,Credit Card,Male,3.0,3,Laptop & Accessory,5,Married,6,1,22.0,0.0,1.0,4.0,142.84,0,0.01,Low Risk
52691,0,8.0,Phone,1,22.0,UPI,Female,2.0,4,Laptop & Accessory,4,Married,1,1,11.0,0.0,1.0,2.0,147.88,0,0.01,Low Risk
52692,0,18.0,Mobile Phone,1,31.0,Debit Card,Female,3.0,4,Laptop & Accessory,1,Married,1,0,13.0,0.0,3.0,8.0,159.06,0,0.0,Low Risk
52693,0,9.0,Computer,2,8.0,UPI,Male,3.0,4,Laptop & Accessory,1,Single,2,0,21.0,1.0,1.0,8.0,138.86,0,0.0,Low Risk
52694,0,13.0,Mobile Phone,1,7.0,Debit Card,Male,3.0,3,Grocery,5,Married,3,0,11.0,1.0,11.0,16.0,268.23,0,0.01,Low Risk
52695,0,0.0,Phone,1,7.0,Debit Card,Female,3.0,4,Mobile,3,Married,2,1,13.0,0.0,1.0,0.0,129.33,0,0.09,Low Risk
52696,0,0.0,Mobile Phone,3,8.0,Credit Card,Female,2.0,1,Laptop & Accessory,3,Single,1,0,14.0,0.0,1.0,7.0,165.0,0,0.0,Low Risk
52697,0,21.0,Computer,1,28.0,Credit Card,Female,2.0,3,Grocery,1,Married,4,0,11.0,1.0,4.0,7.0,271.74,0,0.0,Low Risk
52698,0,17.0,Mobile Phone,1,7.0,Debit Card,Male,3.0,1,Laptop & Accessory,5,Married,3,0,15.0,1.0,2.0,2.0,150.33,0,0.0,Low Risk
52699,1,9.0,Computer,1,22.0,COD,Male,2.0,5,Mobile,5,Married,2,1,23.0,0.0,3.0,0.0,123.07,1,0.91,High Risk
52700,1,19.0,Phone,1,14.0,Debit Card,Male,3.0,3,Mobile,1,Single,2,0,16.0,0.0,1.0,0.0,125.87,1,0.84,High Risk
52701,0,9.0,Mobile Phone,3,23.0,E wallet,Male,2.0,4,Laptop & Accessory,4,Married,3,0,16.0,1.0,1.0,3.0,155.07,0,0.0,Low Risk
52702,0,14.0,Phone,3,14.0,E wallet,Female,2.0,3,Laptop & Accessory,4,Married,6,0,21.0,0.0,1.0,4.0,143.93,0,0.02,Low Risk
52703,0,15.0,Mobile Phone,1,12.0,Credit Card,Male,2.0,3,Fashion,5,Married,10,0,13.0,5.0,2.0,7.0,233.48000000000002,0,0.0,Low Risk
52704,0,4.0,Mobile Phone,3,16.0,Credit Card,Female,2.0,3,Laptop & Accessory,1,Married,3,1,11.0,1.0,1.0,4.0,165.83,0,0.01,Low Risk
52705,0,7.0,Mobile Phone,3,9.0,Credit Card,Female,3.0,4,Laptop & Accessory,1,Married,4,1,12.0,0.0,1.0,1.0,181.03,0,0.01,Low Risk
52706,0,4.0,Phone,1,10.0,Credit Card,Female,3.0,1,Mobile Phone,3,Married,9,0,12.0,1.0,2.0,2.0,139.78,0,0.0,Low Risk
52707,0,0.0,Computer,1,14.0,UPI,Male,3.0,1,Mobile,1,Married,1,0,18.0,2.0,7.0,7.0,125.44,0,0.03,Low Risk
52708,0,18.0,Computer,1,7.0,Credit Card,Male,2.0,3,Laptop & Accessory,3,Single,5,0,12.0,0.0,1.0,3.0,153.99,0,0.02,Low Risk
52709,0,6.0,Mobile Phone,3,16.0,E wallet,Male,2.0,3,Laptop & Accessory,3,Single,2,0,14.0,0.0,1.0,9.0,154.87,0,0.0,Low Risk
52710,0,1.0,Computer,3,7.0,Debit Card,Male,2.0,4,Laptop & Accessory,1,Married,2,1,12.0,1.0,1.0,7.0,168.34,0,0.04,Low Risk
52711,1,0.0,Computer,3,30.0,Cash on Delivery,Male,2.0,1,Mobile Phone,5,Single,2,0,17.0,0.0,1.0,0.0,110.91,1,0.96,High Risk
52712,0,12.0,Computer,3,27.0,Debit Card,Female,2.0,5,Laptop & Accessory,3,Married,7,0,19.0,0.0,1.0,2.0,157.36,0,0.01,Low Risk
52713,0,9.0,Phone,1,8.0,COD,Male,2.0,3,Mobile,4,Married,2,0,11.0,0.0,1.0,2.0,122.25999999999999,0,0.0,Low Risk
52714,0,7.0,Computer,1,28.0,UPI,Male,2.0,4,Laptop & Accessory,1,Married,2,1,15.0,3.0,6.0,11.0,157.47,0,0.0,Low Risk
52715,1,0.0,Mobile Phone,3,19.0,E wallet,Female,2.0,3,Laptop & Accessory,3,Single,4,1,11.0,0.0,2.0,2.0,198.54,1,0.95,High Risk
52716,0,20.0,Computer,1,20.0,COD,Male,3.0,3,Laptop & Accessory,4,Married,9,0,18.0,0.0,1.0,7.0,154.67,0,0.0,Low Risk
52717,0,29.0,Mobile Phone,3,17.0,E wallet,Female,2.0,4,Laptop & Accessory,5,Married,5,0,16.0,0.0,1.0,0.0,153.8,0,0.05,Low Risk
52718,0,12.0,Mobile Phone,1,15.0,Credit Card,Male,2.0,3,Laptop & Accessory,5,Married,2,0,25.0,0.0,7.0,9.0,151.51,0,0.0,Low Risk
52719,0,9.0,Computer,1,14.0,CC,Female,2.0,4,Laptop & Accessory,4,Married,2,1,16.0,1.0,1.0,7.0,121.33000000000001,0,0.09,Low Risk
52720,0,60.0,Mobile Phone,3,27.0,Debit Card,Female,3.0,3,Grocery,1,Married,5,1,13.0,1.0,1.0,0.0,278.75,0,0.03,Low Risk
52721,1,0.0,Computer,1,14.0,Debit Card,Female,2.0,1,Mobile,3,Single,4,1,14.0,0.0,1.0,3.0,124.32,1,0.88,High Risk
52722,0,11.0,Phone,1,15.0,Debit Card,Male,3.0,3,Mobile Phone,1,Married,3,0,19.0,0.0,1.0,3.0,147.71,0,0.01,Low Risk
52723,0,22.0,Computer,1,8.0,Debit Card,Male,2.0,3,Others,1,Married,4,0,15.0,1.0,4.0,3.0,291.61,0,0.0,Low Risk
52724,0,15.0,Mobile Phone,3,18.0,E wallet,Male,3.0,3,Laptop & Accessory,1,Married,4,1,12.0,1.0,1.0,0.0,150.87,0,0.02,Low Risk
52725,1,0.0,Computer,2,28.0,UPI,Female,3.0,4,Mobile,4,Married,2,0,12.0,1.0,1.0,0.0,128.63,1,0.95,High Risk
52726,0,8.0,Mobile Phone,3,24.0,Credit Card,Male,3.0,3,Laptop & Accessory,5,Married,1,0,16.0,1.0,1.0,4.0,155.61,0,0.02,Low Risk
52727,0,9.0,Computer,1,22.0,CC,Male,2.0,3,Mobile,3,Single,2,0,14.0,0.0,1.0,4.0,121.44,0,0.0,Low Risk
52728,0,4.0,Computer,1,9.0,CC,Male,3.0,3,Mobile,5,Married,2,1,13.0,2.0,2.0,3.0,130.65,0,0.38,Low Risk
52729,0,9.0,Computer,1,15.0,Debit Card,Male,3.0,1,Mobile,4,Married,2,0,22.0,1.0,1.0,2.0,128.1,0,0.0,Low Risk
52730,0,7.0,Mobile Phone,3,7.0,E wallet,Male,2.0,3,Fashion,1,Single,2,0,21.0,2.0,2.0,1.0,198.88,0,0.02,Low Risk
52731,0,7.0,Mobile Phone,3,19.0,Credit Card,Male,2.0,3,Fashion,3,Married,2,0,18.0,0.0,1.0,1.0,186.28,0,0.0,Low Risk
52732,0,0.0,Phone,1,7.0,CC,Male,3.0,3,Mobile,5,Single,1,0,13.0,7.0,7.0,6.0,128.67,0,0.31,Low Risk
52733,0,2.0,Mobile Phone,1,7.0,Debit Card,Male,2.0,3,Laptop & Accessory,5,Married,1,0,12.0,0.0,1.0,2.0,153.73,0,0.0,Low Risk
52734,0,5.0,Computer,1,21.0,Credit Card,Female,2.0,3,Laptop & Accessory,1,Married,6,0,18.0,0.0,1.0,2.0,166.67,0,0.0,Low Risk
52735,0,4.0,Computer,1,7.0,Debit Card,Male,2.0,5,Laptop & Accessory,5,Married,2,0,21.0,6.0,8.0,7.0,150.03,0,0.03,Low Risk
52736,1,0.0,Phone,1,14.0,COD,Male,2.0,4,Mobile,1,Married,6,0,12.0,1.0,1.0,3.0,123.66999999999999,1,0.9,High Risk
52737,0,11.0,Phone,3,7.0,Debit Card,Male,3.0,4,Mobile,5,Single,5,0,14.0,1.0,1.0,0.0,128.58,0,0.01,Low Risk
52738,0,8.0,Mobile Phone,3,13.0,Debit Card,Female,2.0,3,Laptop & Accessory,1,Married,2,1,11.0,1.0,1.0,9.0,152.04,0,0.0,Low Risk
52739,0,0.0,Phone,3,15.0,E wallet,Male,2.0,3,Laptop & Accessory,1,Single,2,0,14.0,1.0,1.0,7.0,141.05,0,0.01,Low Risk
52740,0,5.0,Mobile Phone,1,11.0,Debit Card,Male,2.0,4,Laptop & Accessory,1,Single,9,0,24.0,1.0,1.0,0.0,196.79,0,0.0,Low Risk
52741,1,0.0,Computer,3,32.0,E wallet,Male,3.0,3,Laptop & Accessory,1,Married,2,1,11.0,0.0,1.0,8.0,156.17,1,0.83,High Risk
52742,1,16.0,Mobile Phone,3,30.0,Debit Card,Male,3.0,3,Fashion,5,Single,7,1,13.0,0.0,2.0,2.0,204.48,1,0.86,High Risk
52743,0,27.0,Phone,1,15.0,Debit Card,Female,3.0,3,Laptop & Accessory,3,Married,4,0,11.0,1.0,2.0,3.0,128.97,0,0.04,Low Risk
52744,0,6.0,Computer,1,13.0,Debit Card,Male,2.0,3,Laptop & Accessory,3,Married,2,0,20.0,0.0,2.0,8.0,159.68,0,0.0,Low Risk
52745,0,16.0,Mobile Phone,1,17.0,Debit Card,Male,1.0,3,Fashion,3,Married,2,0,17.0,1.0,1.0,9.0,175.1,0,0.0,Low Risk
52746,0,11.0,Computer,2,7.0,UPI,Male,3.0,3,Mobile,4,Married,1,1,11.0,0.0,1.0,2.0,129.91,0,0.03,Low Risk
52747,0,28.0,Mobile Phone,2,32.0,UPI,Male,3.0,1,Others,4,Married,5,1,15.0,1.0,1.0,4.0,296.36,0,0.0,Low Risk
52748,0,4.0,Mobile Phone,1,8.0,Credit Card,Female,2.0,5,Mobile Phone,1,Married,2,1,11.0,0.0,1.0,0.0,111.28999999999999,1,0.61,Medium Risk
52749,0,12.0,Mobile Phone,3,21.0,E wallet,Male,3.0,3,Grocery,5,Single,1,0,12.0,4.0,2.0,10.0,233.41000000000003,0,0.01,Low Risk
52750,0,15.0,Computer,1,29.0,Debit Card,Male,2.0,4,Laptop & Accessory,3,Single,2,0,12.0,3.0,3.0,7.0,143.32,0,0.03,Low Risk
52751,0,4.0,Computer,1,16.0,Credit Card,Female,2.0,3,Fashion,3,Married,5,0,20.0,3.0,4.0,3.0,210.31,0,0.01,Low Risk
52752,0,27.0,Phone,1,16.0,Credit Card,Female,3.0,3,Laptop & Accessory,5,Single,7,1,19.0,0.0,1.0,4.0,144.4,0,0.02,Low Risk
52753,0,0.0,Phone,1,7.0,Debit Card,Male,2.0,4,Laptop & Accessory,3,Single,2,0,12.0,1.0,1.0,2.0,146.17,0,0.02,Low Risk
52754,0,0.0,Phone,1,14.0,UPI,Male,3.0,3,Mobile,1,Single,2,0,13.0,1.0,1.0,4.0,126.47,0,0.02,Low Risk
52755,0,13.0,Computer,1,17.0,COD,Female,3.0,3,Laptop & Accessory,3,Married,2,0,11.0,7.0,9.0,4.0,163.23,0,0.01,Low Risk
52756,0,13.0,Mobile Phone,3,8.0,E wallet,Female,3.0,3,Laptop & Accessory,4,Married,4,0,14.0,1.0,5.0,10.0,156.77,0,0.0,Low Risk
52757,0,9.0,Phone,2,8.0,UPI,Female,2.0,3,Mobile,4,Married,5,0,14.0,0.0,1.0,2.0,121.87,0,0.01,Low Risk
52758,0,3.0,Phone,1,7.0,Credit Card,Male,3.0,3,Mobile Phone,4,Married,2,0,13.0,1.0,1.0,7.0,137.48,0,0.0,Low Risk
52759,0,0.0,Phone,1,8.0,UPI,Male,2.0,3,Mobile Phone,3,Married,7,1,19.0,0.0,1.0,2.0,139.77,0,0.08,Low Risk
52760,0,20.0,Mobile Phone,1,31.0,Credit Card,Male,2.0,3,Fashion,3,Single,3,0,23.0,9.0,12.0,11.0,186.33,0,0.04,Low Risk
52761,0,9.0,Computer,1,7.0,CC,Male,2.0,4,Mobile,3,Married,2,0,12.0,0.0,1.0,0.0,120.08000000000001,0,0.05,Low Risk
52762,0,11.0,Phone,3,7.0,Debit Card,Male,2.0,3,Laptop & Accessory,4,Married,1,0,15.0,1.0,5.0,8.0,144.4,0,0.0,Low Risk
52763,0,4.0,Phone,3,8.0,Debit Card,Male,3.0,3,Mobile,3,Married,1,0,19.0,0.0,1.0,2.0,130.67,0,0.01,Low Risk
52764,0,11.0,Computer,1,12.0,Debit Card,Male,3.0,4,Laptop & Accessory,3,Married,3,0,11.0,2.0,7.0,7.0,153.21,0,0.01,Low Risk
52765,0,15.0,Mobile Phone,1,24.0,Debit Card,Male,2.0,3,Laptop & Accessory,5,Married,7,1,17.0,1.0,1.0,2.0,154.1,0,0.03,Low Risk
52766,0,14.0,Phone,1,7.0,Debit Card,Male,3.0,3,Mobile,1,Married,4,0,22.0,0.0,1.0,0.0,127.82,0,0.04,Low Risk
52767,0,20.0,Computer,1,7.0,Credit Card,Female,3.0,3,Fashion,4,Married,1,0,18.0,0.0,5.0,3.0,219.57,0,0.0,Low Risk
52768,0,8.0,Phone,1,17.0,CC,Male,2.0,3,Mobile,3,Married,8,1,11.0,2.0,2.0,2.0,126.6,0,0.19,Low Risk
52769,0,0.0,Phone,1,7.0,Debit Card,Male,3.0,3,Mobile,3,Single,1,0,12.0,1.0,1.0,2.0,133.75,0,0.06,Low Risk
52770,0,8.0,Mobile Phone,1,15.0,Credit Card,Male,2.0,3,Laptop & Accessory,3,Single,2,0,19.0,0.0,1.0,8.0,150.98,0,0.01,Low Risk
52771,0,6.0,Phone,1,21.0,Credit Card,Female,3.0,3,Laptop & Accessory,1,Married,1,1,13.0,6.0,8.0,1.0,148.78,0,0.04,Low Risk
52772,0,5.0,Phone,1,35.0,Debit Card,Female,3.0,4,Mobile,4,Single,2,0,13.0,0.0,4.0,1.0,128.37,0,0.06,Low Risk
52773,0,13.0,Phone,1,14.0,Debit Card,Male,2.0,3,Mobile,1,Married,9,0,19.0,1.0,1.0,0.0,124.06,0,0.02,Low Risk
52774,0,9.0,Phone,3,7.0,CC,Male,3.0,4,Mobile,4,Married,1,0,14.0,2.0,2.0,2.0,122.69,0,0.03,Low Risk
52775,0,12.0,Phone,1,30.0,Debit Card,Male,2.0,3,Laptop & Accessory,1,Single,8,0,13.0,0.0,1.0,7.0,141.08,0,0.03,Low Risk
52776,0,11.0,Mobile Phone,1,16.0,Credit Card,Female,3.0,5,Fashion,3,Married,4,0,12.0,0.0,2.0,11.0,232.06,0,0.03,Low Risk
52777,0,5.0,Mobile Phone,3,7.0,E wallet,Female,2.0,3,Fashion,1,Married,2,0,19.0,0.0,5.0,7.0,204.22,0,0.06,Low Risk
52778,0,10.0,Mobile Phone,1,16.0,Debit Card,Female,2.0,1,Fashion,1,Married,2,1,25.0,5.0,2.0,8.0,237.44,0,0.03,Low Risk
52779,0,0.0,Phone,3,14.0,UPI,Female,2.0,3,Laptop & Accessory,3,Married,1,1,22.0,0.0,1.0,4.0,149.07,0,0.13,Low Risk
52780,0,25.0,Computer,3,35.0,Debit Card,Male,2.0,3,Mobile,1,Married,3,0,15.0,1.0,1.0,0.0,134.82,0,0.06,Low Risk
52781,0,17.0,Phone,1,14.0,CC,Male,2.0,3,Mobile,1,Single,7,1,12.0,1.0,1.0,2.0,124.36000000000001,0,0.05,Low Risk
52782,0,0.0,Phone,3,14.0,CC,Male,2.0,3,Mobile,5,Single,2,1,11.0,1.0,1.0,2.0,123.80000000000001,0,0.24,Low Risk
52783,0,12.0,Computer,1,15.0,Debit Card,Male,2.0,3,Others,1,Single,3,0,15.0,1.0,1.0,3.0,294.31,0,0.02,Low Risk
52784,1,9.0,Computer,3,15.0,E wallet,Male,2.0,3,Mobile Phone,5,Married,2,0,19.0,1.0,1.0,0.0,117.9,1,0.94,High Risk
52785,0,9.0,Mobile Phone,3,9.0,Credit Card,Female,3.0,4,Fashion,1,Married,1,0,19.0,0.0,3.0,4.0,176.44,0,0.07,Low Risk
52786,0,9.0,Computer,1,10.0,Debit Card,Female,3.0,3,Laptop & Accessory,4,Married,8,0,13.0,0.0,1.0,2.0,151.31,0,0.0,Low Risk
52787,0,29.0,Computer,1,7.0,Debit Card,Male,2.0,3,Laptop & Accessory,3,Married,2,0,21.0,0.0,1.0,9.0,163.06,0,0.0,Low Risk
52788,1,0.0,Phone,1,7.0,Credit Card,Male,2.0,3,Mobile Phone,1,Married,10,1,14.0,2.0,2.0,2.0,147.87,1,0.65,Medium Risk
52789,0,15.0,Mobile Phone,1,8.0,Debit Card,Male,2.0,3,Others,3,Married,6,0,11.0,1.0,4.0,14.0,288.8,0,0.0,Low Risk
52790,1,19.0,Phone,1,14.0,COD,Male,3.0,3,Mobile,3,Married,9,0,11.0,6.0,9.0,8.0,123.38999999999999,1,0.9,High Risk
52791,0,14.0,Mobile Phone,1,34.0,Debit Card,Female,2.0,4,Grocery,4,Married,1,0,23.0,1.0,2.0,10.0,235.7,0,0.01,Low Risk
52792,0,7.0,Mobile Phone,3,34.0,E wallet,Female,3.0,4,Laptop & Accessory,3,Married,2,0,21.0,1.0,1.0,7.0,167.12,0,0.0,Low Risk
52793,0,9.0,Computer,3,21.0,E wallet,Male,2.0,5,Laptop & Accessory,1,Married,2,0,24.0,5.0,11.0,11.0,154.06,0,0.02,Low Risk
52794,0,14.0,Mobile Phone,3,9.0,Debit Card,Male,2.0,4,Laptop & Accessory,4,Married,3,0,11.0,1.0,1.0,4.0,189.38,0,0.01,Low Risk
52795,0,5.0,Phone,1,14.0,COD,Male,3.0,3,Mobile,5,Single,2,0,14.0,0.0,1.0,2.0,124.38999999999999,0,0.01,Low Risk
52796,0,8.0,Mobile Phone,2,32.0,Debit Card,Female,2.0,3,Fashion,1,Single,2,1,16.0,1.0,1.0,7.0,188.37,0,0.02,Low Risk
52797,0,11.0,Mobile Phone,3,16.0,Debit Card,Female,3.0,3,Laptop & Accessory,1,Married,2,0,11.0,0.0,1.0,9.0,153.43,0,0.02,Low Risk
52798,1,13.0,Computer,3,7.0,Debit Card,Male,3.0,3,Laptop & Accessory,3,Married,8,0,12.0,1.0,1.0,1.0,167.28,1,0.57,Medium Risk
52799,0,9.0,Mobile Phone,3,17.0,E wallet,Female,3.0,4,Laptop & Accessory,1,Married,5,0,13.0,1.0,1.0,0.0,166.52,0,0.01,Low Risk
52800,0,18.0,Phone,3,26.0,Debit Card,Female,2.0,3,Laptop & Accessory,3,Single,9,0,15.0,0.0,1.0,1.0,148.5,0,0.05,Low Risk
52801,0,13.0,Phone,1,8.0,Debit Card,Male,3.0,4,Mobile,3,Single,3,0,14.0,0.0,2.0,2.0,128.09,0,0.0,Low Risk
52802,0,8.0,Computer,1,24.0,Debit Card,Male,3.0,3,Laptop & Accessory,3,Married,2,1,14.0,0.0,1.0,2.0,156.89,0,0.0,Low Risk
52803,0,9.0,Mobile Phone,1,8.0,CC,Female,3.0,3,Mobile,3,Married,3,0,14.0,0.0,1.0,2.0,120.00999999999999,0,0.01,Low Risk
52804,0,8.0,Phone,1,7.0,Debit Card,Female,3.0,5,Mobile,1,Married,2,0,12.0,1.0,1.0,1.0,129.77,0,0.01,Low Risk
52805,0,2.0,Phone,1,19.0,UPI,Male,2.0,4,Laptop & Accessory,4,Married,5,1,13.0,0.0,1.0,3.0,140.25,0,0.03,Low Risk
52806,0,2.0,Phone,1,34.0,Credit Card,Female,3.0,4,Mobile Phone,5,Single,2,0,14.0,0.0,1.0,4.0,137.85,0,0.1,Low Risk
52807,1,13.0,Mobile Phone,3,34.0,E wallet,Male,2.0,4,Fashion,5,Married,5,1,13.0,2.0,2.0,0.0,208.54000000000002,1,0.85,High Risk
52808,0,12.0,Mobile Phone,3,30.0,E wallet,Female,2.0,4,Grocery,1,Married,1,0,11.0,3.0,9.0,3.0,220.31,0,0.03,Low Risk
52809,0,4.0,Computer,1,11.0,Credit Card,Male,3.0,3,Laptop & Accessory,5,Single,1,0,19.0,1.0,1.0,7.0,199.36,0,0.02,Low Risk
52810,0,0.0,Phone,3,11.0,UPI,Female,3.0,4,Mobile,3,Single,1,0,18.0,1.0,1.0,0.0,129.66,0,0.07,Low Risk
52811,0,9.0,Computer,1,14.0,CC,Male,2.0,1,Laptop & Accessory,1,Married,5,0,17.0,0.0,1.0,3.0,125.71000000000001,0,0.0,Low Risk
52812,0,12.0,Mobile Phone,1,12.0,Credit Card,Male,2.0,4,Fashion,5,Married,5,0,15.0,0.0,1.0,7.0,199.91,0,0.0,Low Risk
52813,0,0.0,Mobile Phone,1,10.0,Debit Card,Male,2.0,1,Laptop & Accessory,4,Married,2,1,20.0,0.0,1.0,3.0,161.42,0,0.03,Low Risk
52814,0,22.0,Computer,3,8.0,Credit Card,Male,3.0,4,Laptop & Accessory,4,Married,3,0,14.0,1.0,1.0,8.0,153.9,0,0.0,Low Risk
52815,0,7.0,Phone,1,14.0,Credit Card,Male,2.0,1,Laptop & Accessory,3,Married,3,0,12.0,1.0,1.0,2.0,144.04,0,0.0,Low Risk
52816,1,5.0,Mobile Phone,3,7.0,Debit Card,Female,4.0,4,Laptop & Accessory,2,Single,10,1,12.0,2.0,2.0,6.0,184.93,1,0.86,High Risk
52817,1,1.0,Phone,1,9.0,UPI,Male,4.0,5,Mobile Phone,3,Single,8,1,16.0,1.0,2.0,1.0,145.9,1,0.98,High Risk
52818,1,1.0,Phone,1,31.0,Debit Card,Male,3.0,5,Mobile Phone,3,Single,7,1,15.0,1.0,2.0,4.0,145.28,1,0.97,High Risk
52819,1,1.0,Mobile Phone,3,16.0,Debit Card,Male,3.0,5,Laptop & Accessory,5,Single,9,0,24.0,1.0,2.0,4.0,159.07,1,0.88,High Risk
52820,1,1.0,Mobile Phone,1,13.0,Credit Card,Male,3.0,4,Mobile Phone,5,Single,4,0,12.0,2.0,2.0,4.0,154.6,1,0.85,High Risk
52821,1,1.0,Computer,1,23.0,Debit Card,Female,4.0,6,Mobile Phone,5,Single,3,1,23.0,5.0,7.0,8.0,164.19,1,0.96,High Risk
52822,1,3.0,Phone,3,12.0,COD,Male,3.0,4,Laptop & Accessory,2,Divorced,5,0,15.0,1.0,2.0,1.0,145.86,1,0.82,High Risk
52823,1,1.0,Phone,1,7.0,Credit Card,Male,4.0,4,Mobile Phone,2,Divorced,4,1,17.0,3.0,3.0,1.0,147.93,1,0.96,High Risk
52824,1,14.0,Mobile Phone,3,10.0,E wallet,Male,3.0,5,Mobile Phone,3,Divorced,3,1,15.0,1.0,2.0,3.0,151.83,1,0.9,High Risk
52825,1,1.0,Phone,1,32.0,Debit Card,Male,3.0,6,Mobile Phone,3,Single,3,0,13.0,2.0,2.0,2.0,147.93,1,0.8,High Risk
52826,1,5.0,Mobile Phone,1,19.0,Cash on Delivery,Female,3.0,4,Others,3,Divorced,3,0,15.0,10.0,16.0,9.0,320.45,0,0.32,Low Risk
52827,1,12.0,Mobile Phone,1,7.0,Debit Card,Male,4.0,5,Fashion,3,Single,11,1,14.0,1.0,2.0,1.0,178.81,1,0.69,Medium Risk
52828,1,1.0,Mobile Phone,1,12.0,COD,Male,3.0,4,Mobile Phone,3,Single,3,1,14.0,3.0,3.0,3.0,159.41,1,0.9,High Risk
52829,1,1.0,Mobile Phone,1,16.0,Credit Card,Male,4.0,5,Mobile Phone,3,Divorced,2,1,18.0,1.0,2.0,1.0,158.88,1,0.88,High Risk
52830,1,10.0,Mobile Phone,3,16.0,Credit Card,Male,4.0,5,Fashion,2,Single,3,0,17.0,1.0,5.0,3.0,221.19,1,0.73,High Risk
52831,1,1.0,Phone,2,13.0,UPI,Male,4.0,4,Mobile Phone,5,Married,6,1,23.0,2.0,2.0,3.0,145.73,1,0.92,High Risk
52832,1,1.0,Computer,1,13.0,Debit Card,Female,4.0,5,Mobile Phone,2,Single,3,1,19.0,2.0,2.0,1.0,154.26,1,0.9,High Risk
52833,1,1.0,Mobile Phone,3,12.0,E wallet,Male,3.0,5,Laptop & Accessory,3,Single,3,1,12.0,2.0,2.0,4.0,182.44,1,0.94,High Risk
52834,1,1.0,Computer,1,14.0,Debit Card,Male,4.0,6,Laptop & Accessory,3,Single,3,1,25.0,2.0,2.0,7.0,185.74,1,0.96,High Risk
52835,1,20.0,Mobile Phone,1,21.0,Debit Card,Female,4.0,4,Mobile Phone,4,Divorced,11,1,19.0,2.0,5.0,4.0,174.63,1,0.63,Medium Risk
52836,1,1.0,Mobile Phone,3,13.0,Debit Card,Male,4.0,6,Laptop & Accessory,3,Divorced,6,1,19.0,7.0,8.0,8.0,186.72,1,0.96,High Risk
52837,1,21.0,Mobile Phone,1,30.0,Credit Card,Female,4.0,4,Fashion,2,Divorced,3,0,13.0,12.0,16.0,3.0,228.12,1,0.88,High Risk
52838,1,1.0,Phone,3,29.0,E wallet,Male,3.0,4,Mobile Phone,3,Single,3,1,20.0,1.0,2.0,1.0,141.75,1,0.97,High Risk
52839,1,1.0,Mobile Phone,3,27.0,Debit Card,Female,4.0,6,Laptop & Accessory,3,Divorced,5,1,12.0,2.0,3.0,3.0,170.59,1,0.87,High Risk
52840,1,15.0,Computer,1,15.0,Debit Card,Male,3.0,6,Fashion,2,Single,4,0,16.0,1.0,2.0,4.0,231.5,1,0.84,High Risk
52841,1,1.0,Mobile Phone,1,16.0,Credit Card,Female,3.0,4,Mobile Phone,5,Single,9,0,23.0,2.0,2.0,5.0,167.0,1,0.95,High Risk
52842,0,9.0,Mobile Phone,3,7.0,E wallet,Male,4.0,4,Fashion,4,Divorced,3,0,14.0,2.0,2.0,7.0,197.95,0,0.01,Low Risk
52843,0,27.0,Phone,3,13.0,E wallet,Male,3.0,4,Laptop & Accessory,3,Divorced,4,1,21.0,1.0,5.0,6.0,148.06,0,0.0,Low Risk
52844,0,19.0,Phone,1,16.0,Debit Card,Male,3.0,4,Laptop & Accessory,4,Married,10,0,19.0,2.0,2.0,16.0,148.48,0,0.02,Low Risk
52845,0,6.0,Computer,3,15.0,E wallet,Female,3.0,4,Fashion,2,Single,3,0,15.0,3.0,4.0,3.0,214.98,0,0.06,Low Risk
52846,0,3.0,Computer,1,7.0,COD,Male,3.0,4,Laptop & Accessory,3,Divorced,3,0,14.0,1.0,2.0,10.0,168.19,0,0.0,Low Risk
52847,0,1.0,Mobile Phone,1,14.0,Credit Card,Male,3.0,5,Laptop & Accessory,3,Divorced,4,0,18.0,2.0,2.0,1.0,186.32,0,0.08,Low Risk
52848,0,31.0,Mobile Phone,1,16.0,Credit Card,Female,4.0,5,Mobile Phone,4,Divorced,6,1,21.0,2.0,2.0,1.0,158.46,0,0.0,Low Risk
52849,0,14.0,Mobile Phone,3,11.0,E wallet,Male,4.0,5,Fashion,2,Divorced,9,0,12.0,3.0,2.0,12.0,233.55,0,0.09,Low Risk
52850,0,8.0,Computer,3,9.0,E wallet,Female,4.0,4,Mobile Phone,3,Divorced,8,0,19.0,2.0,2.0,3.0,147.31,0,0.02,Low Risk
52851,0,1.0,Phone,1,26.0,Credit Card,Male,4.0,4,Mobile Phone,2,Divorced,3,0,25.0,1.0,3.0,3.0,148.23,0,0.01,Low Risk
52852,0,1.0,Computer,1,16.0,Credit Card,Male,3.0,4,Mobile Phone,4,Married,8,0,19.0,1.0,3.0,3.0,145.24,0,0.08,Low Risk
52853,0,2.0,Mobile Phone,1,28.0,Credit Card,Male,3.0,4,Mobile Phone,2,Divorced,3,0,12.0,1.0,2.0,3.0,152.13,0,0.0,Low Risk
52854,0,31.0,Mobile Phone,1,31.0,Debit Card,Male,3.0,3,Fashion,2,Married,5,1,17.0,2.0,2.0,3.0,219.39,0,0.0,Low Risk
52855,0,1.0,Computer,1,10.0,Credit Card,Male,4.0,5,Mobile Phone,3,Married,3,1,16.0,1.0,2.0,2.0,150.66,0,0.07,Low Risk
52856,0,24.0,Mobile Phone,1,18.0,Debit Card,Female,3.0,4,Others,4,Single,5,0,16.0,3.0,5.0,5.0,324.26,0,0.0,Low Risk
52857,0,15.0,Phone,1,21.0,Debit Card,Male,3.0,4,Mobile Phone,3,Married,6,0,13.0,2.0,2.0,9.0,149.51,0,0.03,Low Risk
52858,0,4.0,Mobile Phone,3,12.0,Debit Card,Female,3.0,4,Fashion,2,Divorced,4,0,13.0,3.0,8.0,3.0,219.19,0,0.0,Low Risk
52859,0,12.0,Mobile Phone,3,7.0,Debit Card,Female,3.0,5,Laptop & Accessory,2,Single,6,0,23.0,2.0,2.0,3.0,211.86,0,0.01,Low Risk
52860,0,6.0,Mobile Phone,1,13.0,Debit Card,Male,3.0,4,Mobile Phone,3,Single,5,0,21.0,1.0,2.0,5.0,155.38,0,0.01,Low Risk
52861,0,1.0,Mobile Phone,1,24.0,COD,Male,3.0,4,Mobile Phone,4,Divorced,2,1,17.0,2.0,2.0,2.0,155.58,0,0.16,Low Risk
52862,1,1.0,Computer,3,7.0,COD,Female,4.0,6,Mobile Phone,5,Single,2,0,22.0,2.0,2.0,1.0,148.25,1,0.98,High Risk
52863,0,10.0,Computer,1,10.0,Credit Card,Male,2.0,4,Mobile Phone,4,Single,6,0,13.0,5.0,8.0,3.0,145.88,0,0.01,Low Risk
52864,0,4.0,Computer,1,16.0,Credit Card,Male,4.0,4,Laptop & Accessory,5,Married,3,0,12.0,1.0,7.0,11.0,155.72,0,0.01,Low Risk
52865,0,19.0,Mobile Phone,3,11.0,Debit Card,Female,2.0,4,Laptop & Accessory,5,Married,6,1,12.0,1.0,2.0,4.0,175.06,0,0.06,Low Risk
52866,0,30.0,Mobile Phone,1,15.0,Debit Card,Female,4.0,4,Mobile Phone,5,Married,6,1,19.0,2.0,3.0,3.0,167.57,0,0.02,Low Risk
52867,0,7.0,Mobile Phone,1,9.0,Debit Card,Male,3.0,4,Mobile Phone,2,Single,2,0,15.0,1.0,2.0,3.0,150.0,0,0.02,Low Risk
52868,1,1.0,Phone,1,9.0,Debit Card,Male,3.0,5,Mobile Phone,2,Single,3,0,23.0,1.0,2.0,1.0,136.02,1,0.86,High Risk
52869,0,20.0,Mobile Phone,3,7.0,E wallet,Female,4.0,4,Fashion,5,Married,3,0,26.0,5.0,16.0,3.0,229.53,0,0.0,Low Risk
52870,0,12.0,Phone,1,16.0,Debit Card,Female,4.0,4,Mobile Phone,2,Single,3,0,13.0,2.0,3.0,2.0,147.88,0,0.0,Low Risk
52871,0,5.0,Mobile Phone,1,19.0,Credit Card,Female,4.0,4,Mobile Phone,2,Divorced,10,1,24.0,2.0,2.0,3.0,164.29,0,0.12,Low Risk
52872,0,8.0,Phone,1,34.0,Credit Card,Female,4.0,4,Mobile Phone,4,Single,4,0,16.0,2.0,2.0,3.0,148.11,0,0.04,Low Risk
52873,1,5.0,Mobile Phone,3,27.0,E wallet,Female,4.0,4,Mobile Phone,4,Single,3,1,23.0,1.0,2.0,3.0,156.4,1,0.93,High Risk
52874,0,24.0,Mobile Phone,1,7.0,Credit Card,Male,3.0,5,Mobile Phone,3,Divorced,4,0,16.0,1.0,2.0,3.0,161.9,0,0.0,Low Risk
52875,0,27.0,Mobile Phone,1,20.0,Credit Card,Female,3.0,3,Laptop & Accessory,5,Married,3,0,12.0,2.0,2.0,4.0,169.5,0,0.0,Low Risk
52876,0,7.0,Mobile Phone,1,21.0,Credit Card,Female,4.0,4,Mobile Phone,4,Divorced,3,0,14.0,1.0,2.0,7.0,152.56,0,0.0,Low Risk
52877,0,14.0,Mobile Phone,1,11.0,Credit Card,Female,3.0,4,Others,3,Divorced,3,0,15.0,1.0,10.0,10.0,315.33,0,0.02,Low Risk
52878,0,29.0,Mobile Phone,1,21.0,Credit Card,Male,4.0,3,Others,4,Single,10,0,15.0,1.0,3.0,16.0,312.22,0,0.0,Low Risk
52879,0,8.0,Computer,1,9.0,Debit Card,Male,3.0,5,Laptop & Accessory,3,Divorced,3,0,18.0,1.0,2.0,3.0,220.47,0,0.0,Low Risk
52880,0,25.0,Mobile Phone,1,10.0,Credit Card,Female,4.0,4,Grocery,4,Single,5,0,19.0,1.0,2.0,1.0,262.34,0,0.0,Low Risk
52881,0,26.0,Mobile Phone,1,7.0,Debit Card,Male,4.0,5,Others,3,Divorced,2,0,15.0,2.0,12.0,10.0,324.99,0,0.01,Low Risk
52882,0,1.0,Phone,1,16.0,Credit Card,Female,3.0,4,Mobile Phone,4,Single,3,0,17.0,2.0,2.0,4.0,147.79,0,0.05,Low Risk
52883,1,1.0,Mobile Phone,1,30.0,Debit Card,Male,3.0,5,Laptop & Accessory,3,Divorced,5,1,14.0,2.0,2.0,2.0,184.16,1,0.98,High Risk
52884,0,17.0,Computer,1,14.0,Credit Card,Male,3.0,3,Mobile Phone,2,Married,6,0,15.0,1.0,3.0,3.0,145.89,0,0.0,Low Risk
52885,0,19.0,Computer,1,9.0,Credit Card,Male,4.0,5,Grocery,2,Divorced,11,0,15.0,10.0,12.0,9.0,292.92,0,0.09,Low Risk
52886,0,11.0,Mobile Phone,1,28.0,Debit Card,Male,4.0,3,Mobile Phone,5,Divorced,3,1,13.0,1.0,2.0,8.0,160.64,0,0.03,Low Risk
52887,0,9.0,Computer,1,9.0,Credit Card,Female,3.0,4,Laptop & Accessory,4,Single,7,0,12.0,2.0,2.0,3.0,169.25,0,0.0,Low Risk
52888,0,16.0,Computer,1,28.0,Credit Card,Female,3.0,4,Laptop & Accessory,3,Married,4,0,17.0,1.0,2.0,3.0,177.65,0,0.0,Low Risk
52889,0,12.0,Mobile Phone,1,9.0,Debit Card,Male,3.0,4,Laptop & Accessory,3,Divorced,11,0,15.0,1.0,2.0,1.0,190.53,0,0.01,Low Risk
52890,0,12.0,Mobile Phone,1,36.0,COD,Male,3.0,4,Laptop & Accessory,2,Divorced,5,0,19.0,1.0,2.0,8.0,187.61,0,0.02,Low Risk
52891,0,1.0,Computer,1,7.0,COD,Male,3.0,5,Laptop & Accessory,5,Divorced,7,0,20.0,1.0,3.0,1.0,167.98,0,0.28,Low Risk
52892,0,23.0,Computer,1,25.0,Debit Card,Male,4.0,4,Laptop & Accessory,2,Married,3,1,16.0,1.0,2.0,8.0,193.04,0,0.0,Low Risk
52893,0,8.0,Computer,1,17.0,Credit Card,Male,3.0,4,Mobile Phone,3,Married,3,1,18.0,3.0,3.0,1.0,163.15,0,0.1,Low Risk
52894,0,14.0,Mobile Phone,1,26.0,Credit Card,Male,3.0,4,Laptop & Accessory,2,Divorced,10,1,16.0,2.0,4.0,8.0,152.41,0,0.01,Low Risk
52895,1,2.0,Mobile Phone,1,36.0,Credit Card,Male,4.0,4,Laptop & Accessory,5,Divorced,9,1,20.0,1.0,2.0,1.0,191.73,1,0.79,High Risk
52896,1,1.0,Mobile Phone,3,34.0,E wallet,Female,3.0,4,Fashion,2,Divorced,3,0,23.0,2.0,2.0,10.0,201.39,1,0.82,High Risk
52897,0,1.0,Phone,1,12.0,Debit Card,Male,3.0,3,Mobile Phone,4,Married,3,1,17.0,1.0,3.0,3.0,148.28,0,0.14,Low Risk
52898,0,10.0,Computer,1,25.0,Credit Card,Female,4.0,4,Mobile Phone,2,Single,3,0,14.0,2.0,2.0,8.0,146.53,0,0.0,Low Risk
52899,0,14.0,Computer,1,16.0,Debit Card,Male,4.0,5,Laptop & Accessory,2,Divorced,11,0,15.0,2.0,2.0,3.0,173.76,0,0.02,Low Risk
52900,0,20.0,Mobile Phone,1,7.0,Credit Card,Male,4.0,4,Fashion,5,Married,9,0,17.0,1.0,2.0,3.0,218.96,0,0.02,Low Risk
52901,1,1.0,Mobile Phone,3,11.0,Credit Card,Male,3.0,6,Fashion,2,Divorced,3,0,12.0,8.0,10.0,3.0,229.0,1,1.0,High Risk
52902,0,4.0,Computer,1,7.0,Debit Card,Male,3.0,5,Fashion,3,Single,3,0,23.0,3.0,6.0,3.0,209.74,0,0.01,Low Risk
52903,0,1.0,Computer,3,27.0,Debit Card,Female,3.0,4,Laptop & Accessory,3,Single,3,0,15.0,2.0,2.0,3.0,224.81,0,0.06,Low Risk
52904,0,25.0,Mobile Phone,1,15.0,Debit Card,Male,3.0,5,Fashion,4,Divorced,7,0,17.0,2.0,2.0,8.0,249.89999999999998,0,0.0,Low Risk
52905,1,1.0,Mobile Phone,1,10.0,COD,Female,3.0,4,Mobile Phone,5,Single,7,1,12.0,2.0,2.0,5.0,151.57,1,0.94,High Risk
52906,0,15.0,Mobile Phone,3,13.0,Debit Card,Female,4.0,4,Fashion,2,Single,5,1,19.0,1.0,2.0,1.0,260.91,0,0.09,Low Risk
52907,1,1.0,Computer,3,33.0,E wallet,Female,3.0,5,Laptop & Accessory,5,Single,7,0,16.0,1.0,2.0,2.0,191.96,1,0.96,High Risk
52908,1,1.0,Phone,1,7.0,COD,Male,3.0,4,Mobile Phone,3,Single,2,0,15.0,1.0,2.0,6.0,145.58,1,0.76,High Risk
52909,0,19.0,Computer,3,13.0,Credit Card,Female,3.0,5,Fashion,2,Single,8,0,13.0,13.0,13.0,3.0,213.65,0,0.05,Low Risk
52910,0,28.0,Mobile Phone,3,10.0,E wallet,Female,3.0,4,Laptop & Accessory,5,Divorced,4,0,15.0,2.0,2.0,6.0,184.4,0,0.01,Low Risk
52911,0,10.0,Mobile Phone,1,12.0,Debit Card,Male,4.0,4,Laptop & Accessory,4,Single,10,0,17.0,1.0,4.0,8.0,184.14,0,0.0,Low Risk
52912,0,7.0,Mobile Phone,1,11.0,Credit Card,Female,3.0,5,Mobile Phone,4,Divorced,8,0,22.0,1.0,2.0,2.0,151.22,0,0.0,Low Risk
52913,0,11.0,Computer,1,18.0,UPI,Male,3.0,4,Fashion,2,Married,3,1,15.0,1.0,2.0,8.0,246.85000000000002,0,0.0,Low Risk
52914,0,12.0,Mobile Phone,3,10.0,Debit Card,Male,4.0,4,Fashion,3,Married,2,0,13.0,2.0,6.0,3.0,231.08999999999997,0,0.0,Low Risk
52915,0,5.0,Computer,1,7.0,Credit Card,Male,3.0,6,Laptop & Accessory,3,Divorced,2,0,13.0,2.0,2.0,5.0,168.45,0,0.01,Low Risk
52916,0,31.0,Phone,1,10.0,Debit Card,Male,4.0,5,Mobile Phone,2,Divorced,5,0,18.0,1.0,2.0,1.0,146.77,0,0.01,Low Risk
52917,0,11.0,Computer,3,11.0,E wallet,Male,3.0,4,Mobile Phone,2,Married,6,0,18.0,2.0,6.0,9.0,25.0,0,0.04,Low Risk
52918,0,3.0,Computer,3,7.0,Credit Card,Female,3.0,4,Fashion,2,Divorced,3,0,15.0,5.0,5.0,2.0,204.18,0,0.01,Low Risk
52919,0,9.0,Computer,3,7.0,E wallet,Female,4.0,4,Fashion,3,Single,3,0,15.0,2.0,2.0,3.0,212.89,0,0.01,Low Risk
52920,1,1.0,Phone,1,25.0,Credit Card,Male,3.0,5,Mobile Phone,2,Single,3,1,14.0,1.0,2.0,2.0,148.89,1,0.88,High Risk
52921,0,26.0,Mobile Phone,1,9.0,Debit Card,Female,3.0,5,Mobile Phone,2,Single,9,0,16.0,1.0,3.0,3.0,157.12,0,0.0,Low Risk
52922,0,16.0,Mobile Phone,1,11.0,Cash on Delivery,Male,3.0,4,Others,2,Divorced,3,0,15.0,1.0,12.0,16.0,317.32,0,0.03,Low Risk
52923,0,31.0,Phone,2,13.0,Credit Card,Male,3.0,4,Mobile Phone,3,Divorced,10,0,18.0,3.0,3.0,3.0,147.67,0,0.04,Low Risk
52924,0,24.0,Mobile Phone,3,7.0,Credit Card,Female,4.0,4,Others,2,Married,5,0,15.0,2.0,2.0,7.0,320.17,0,0.0,Low Risk
52925,1,1.0,Phone,1,21.0,Credit Card,Male,3.0,4,Mobile Phone,2,Divorced,7,1,14.0,1.0,2.0,5.0,149.36,1,0.98,High Risk
52926,0,17.0,Mobile Phone,3,23.0,E wallet,Female,4.0,4,Grocery,2,Divorced,7,1,23.0,1.0,2.0,10.0,285.64,0,0.01,Low Risk
52927,1,1.0,Mobile Phone,1,9.0,Debit Card,Female,3.0,4,Mobile Phone,5,Divorced,9,0,21.0,2.0,2.0,8.0,152.07,1,0.88,High Risk
52928,0,26.0,Computer,3,9.0,Debit Card,Male,4.0,5,Others,3,Single,3,1,15.0,8.0,16.0,13.0,315.68,0,0.05,Low Risk
52929,0,6.0,Mobile Phone,3,11.0,Debit Card,Female,3.0,4,Mobile Phone,4,Divorced,4,0,12.0,2.0,2.0,3.0,164.31,0,0.0,Low Risk
52930,1,1.0,Mobile Phone,1,7.0,Debit Card,Male,4.0,5,Mobile Phone,3,Single,2,1,15.0,2.0,2.0,3.0,162.3,1,0.87,High Risk
52931,0,13.0,Phone,1,7.0,Credit Card,Female,4.0,4,Mobile Phone,3,Married,9,0,15.0,1.0,2.0,3.0,147.32,0,0.0,Low Risk
52932,0,6.0,Computer,3,33.0,E wallet,Male,4.0,4,Laptop & Accessory,2,Divorced,2,0,19.0,2.0,3.0,3.0,169.65,0,0.0,Low Risk
52933,0,15.0,Mobile Phone,1,26.0,Debit Card,Male,3.0,4,Laptop & Accessory,5,Married,4,0,17.0,2.0,2.0,1.0,155.72,0,0.0,Low Risk
52934,0,14.0,Mobile Phone,1,31.0,COD,Male,4.0,4,Laptop & Accessory,2,Married,3,0,18.0,3.0,5.0,8.0,158.19,0,0.0,Low Risk
52935,0,19.0,Mobile Phone,1,7.0,UPI,Male,4.0,3,Others,2,Divorced,2,0,15.0,2.0,2.0,8.0,317.02,0,0.0,Low Risk
52936,0,5.0,Computer,1,10.0,Credit Card,Male,4.0,4,Fashion,3,Married,11,0,13.0,1.0,3.0,3.0,261.75,0,0.0,Low Risk
52937,0,7.0,Mobile Phone,1,12.0,Debit Card,Female,4.0,5,Mobile Phone,2,Divorced,3,0,14.0,1.0,2.0,3.0,154.11,0,0.0,Low Risk
52938,0,8.0,Mobile Phone,1,9.0,Debit Card,Male,3.0,5,Laptop & Accessory,5,Divorced,8,0,14.0,1.0,6.0,10.0,184.57,0,0.02,Low Risk
52939,0,11.0,Mobile Phone,1,7.0,Credit Card,Female,3.0,5,Mobile Phone,5,Divorced,4,0,15.0,2.0,2.0,3.0,164.2,0,0.0,Low Risk
52940,0,19.0,Computer,1,14.0,Debit Card,Male,4.0,3,Laptop & Accessory,3,Divorced,6,0,18.0,1.0,2.0,3.0,189.34,0,0.0,Low Risk
52941,1,1.0,Computer,1,17.0,Credit Card,Male,4.0,4,Fashion,3,Married,8,0,12.0,2.0,2.0,3.0,225.48,1,0.94,High Risk
52942,0,13.0,Computer,1,9.0,Cash on Delivery,Female,4.0,4,Fashion,3,Single,2,0,26.0,11.0,2.0,9.0,234.38,0,0.02,Low Risk
52943,0,3.0,Phone,1,22.0,Debit Card,Male,3.0,4,Mobile Phone,2,Single,3,0,20.0,1.0,2.0,6.0,148.4,0,0.03,Low Risk
52944,0,16.0,Mobile Phone,1,24.0,Debit Card,Female,3.0,3,Laptop & Accessory,5,Single,5,1,14.0,1.0,2.0,3.0,190.45,0,0.01,Low Risk
52945,0,3.0,Mobile Phone,3,27.0,E wallet,Male,3.0,4,Laptop & Accessory,2,Married,4,0,15.0,2.0,2.0,3.0,194.31,0,0.01,Low Risk
52946,0,1.0,Mobile Phone,1,7.0,Debit Card,Female,4.0,4,Laptop & Accessory,3,Divorced,2,0,13.0,2.0,2.0,3.0,173.98,0,0.03,Low Risk
52947,0,16.0,Mobile Phone,1,9.0,Credit Card,Female,3.0,5,Mobile Phone,5,Married,2,1,12.0,5.0,8.0,9.0,150.93,0,0.02,Low Risk
52948,0,14.0,Mobile Phone,1,9.0,Credit Card,Male,3.0,4,Others,3,Married,2,0,15.0,1.0,4.0,10.0,319.36,0,0.01,Low Risk
52949,0,25.0,Mobile Phone,1,7.0,Debit Card,Male,4.0,4,Mobile Phone,2,Divorced,3,0,12.0,2.0,2.0,1.0,152.23,0,0.03,Low Risk
52950,1,1.0,Computer,1,36.0,Credit Card,Male,4.0,5,Mobile Phone,4,Single,2,0,12.0,2.0,2.0,5.0,159.79,1,0.86,High Risk
52951,0,6.0,Computer,1,14.0,Debit Card,Male,4.0,3,Mobile Phone,4,Divorced,3,0,21.0,1.0,2.0,4.0,152.94,0,0.0,Low Risk
52952,0,12.0,Computer,3,9.0,Debit Card,Male,3.0,5,Laptop & Accessory,2,Divorced,5,0,19.0,7.0,8.0,6.0,177.49,0,0.05,Low Risk
52953,0,6.0,Phone,1,9.0,COD,Male,3.0,5,Laptop & Accessory,5,Single,6,0,14.0,1.0,2.0,5.0,146.76,0,0.0,Low Risk
52954,0,20.0,Mobile Phone,3,9.0,Cash on Delivery,Female,4.0,6,Grocery,4,Divorced,5,1,15.0,7.0,8.0,8.0,293.72,0,0.07,Low Risk
52955,1,1.0,Mobile Phone,1,9.0,Debit Card,Male,4.0,4,Mobile Phone,3,Single,4,0,12.0,2.0,2.0,1.0,159.85,1,0.79,High Risk
52956,0,3.0,Mobile Phone,3,9.0,Credit Card,Male,4.0,5,Laptop & Accessory,4,Divorced,4,0,20.0,1.0,2.0,1.0,191.44,0,0.03,Low Risk
52957,0,5.0,Mobile Phone,1,30.0,Credit Card,Male,4.0,5,Laptop & Accessory,2,Divorced,2,0,22.0,2.0,8.0,9.0,180.82,0,0.03,Low Risk
52958,0,1.0,Computer,1,12.0,Debit Card,Male,3.0,3,Laptop & Accessory,5,Married,3,0,13.0,2.0,2.0,6.0,165.0,0,0.05,Low Risk
52959,0,19.0,Mobile Phone,1,27.0,Credit Card,Male,4.0,4,Grocery,2,Divorced,2,1,15.0,1.0,2.0,11.0,259.96,0,0.0,Low Risk
52960,0,10.0,Mobile Phone,1,13.0,Debit Card,Male,3.0,4,Mobile Phone,2,Divorced,2,0,12.0,5.0,11.0,12.0,157.1,0,0.0,Low Risk
52961,0,29.0,Mobile Phone,1,7.0,Credit Card,Male,3.0,4,Others,5,Single,2,1,15.0,5.0,5.0,14.0,315.45,0,0.0,Low Risk
52962,1,11.0,Computer,1,36.0,Debit Card,Male,3.0,4,Fashion,4,Divorced,3,1,13.0,6.0,2.0,10.0,243.49,1,0.89,High Risk
52963,0,2.0,Phone,1,16.0,Credit Card,Male,4.0,4,Mobile Phone,2,Divorced,3,0,24.0,2.0,2.0,5.0,145.7,0,0.02,Low Risk
52964,0,11.0,Mobile Phone,3,13.0,Credit Card,Male,4.0,4,Laptop & Accessory,2,Divorced,6,0,15.0,1.0,2.0,2.0,190.02,0,0.0,Low Risk
52965,0,1.0,Mobile Phone,1,10.0,Credit Card,Male,4.0,5,Mobile Phone,3,Single,3,0,18.0,2.0,2.0,1.0,157.3,0,0.1,Low Risk
52966,0,11.0,Computer,1,7.0,Credit Card,Female,1.0,4,Fashion,2,Married,4,1,19.0,1.0,2.0,3.0,261.03,0,0.0,Low Risk
52967,0,3.0,Mobile Phone,1,29.0,Debit Card,Female,4.0,3,Fashion,4,Married,9,0,19.0,6.0,2.0,3.0,244.95999999999998,0,0.02,Low Risk
52968,0,12.0,Mobile Phone,3,14.0,Credit Card,Female,3.0,3,Laptop & Accessory,5,Married,3,1,25.0,1.0,8.0,8.0,181.05,0,0.03,Low Risk
52969,0,1.0,Computer,1,7.0,Debit Card,Female,3.0,4,Laptop & Accessory,4,Married,3,0,21.0,1.0,2.0,5.0,188.97,0,0.01,Low Risk
52970,0,24.0,Mobile Phone,1,11.0,Debit Card,Male,4.0,4,Others,4,Married,5,0,15.0,2.0,2.0,7.0,316.44,0,0.0,Low Risk
52971,0,27.0,Mobile Phone,1,10.0,Credit Card,Male,3.0,4,Grocery,3,Divorced,5,1,15.0,1.0,2.0,4.0,300.84,0,0.0,Low Risk
52972,0,16.0,Mobile Phone,3,7.0,Debit Card,Male,3.0,4,Laptop & Accessory,3,Divorced,3,0,26.0,5.0,12.0,7.0,174.07,0,0.0,Low Risk
52973,0,3.0,Computer,3,9.0,Debit Card,Male,3.0,4,Laptop & Accessory,2,Single,3,0,19.0,1.0,2.0,10.0,170.54,0,0.01,Low Risk
52974,0,29.0,Mobile Phone,1,27.0,COD,Male,3.0,4,Laptop & Accessory,2,Divorced,5,1,20.0,2.0,2.0,9.0,179.15,0,0.01,Low Risk
52975,0,1.0,Computer,1,18.0,Credit Card,Male,3.0,4,Laptop & Accessory,5,Divorced,3,1,14.0,3.0,4.0,4.0,172.41,0,0.06,Low Risk
52976,0,11.0,Phone,1,7.0,Debit Card,Female,3.0,4,Mobile Phone,2,Single,3,0,13.0,2.0,6.0,8.0,146.15,0,0.0,Low Risk
52977,1,8.0,Computer,1,31.0,Debit Card,Male,3.0,4,Mobile Phone,3,Married,5,1,23.0,1.0,2.0,1.0,156.61,1,0.78,High Risk
52978,0,12.0,Mobile Phone,1,30.0,Debit Card,Male,3.0,4,Laptop & Accessory,2,Married,11,0,15.0,1.0,2.0,3.0,182.45,0,0.0,Low Risk
52979,1,1.0,Phone,1,23.0,Credit Card,Male,3.0,4,Mobile Phone,4,Married,4,1,14.0,2.0,2.0,3.0,148.73,1,0.96,High Risk
52980,0,2.0,Mobile Phone,1,15.0,Debit Card,Female,4.0,4,Mobile Phone,2,Single,3,0,22.0,1.0,2.0,3.0,158.1,0,0.01,Low Risk
52981,0,23.0,Computer,1,17.0,Debit Card,Female,3.0,4,Others,5,Single,11,1,15.0,1.0,2.0,3.0,311.65,0,0.0,Low Risk
52982,0,10.0,Mobile Phone,1,10.0,COD,Male,2.0,4,Laptop & Accessory,4,Single,6,0,13.0,7.0,8.0,8.0,169.85,0,0.04,Low Risk
52983,0,5.0,Computer,3,12.0,E wallet,Female,3.0,4,Mobile Phone,4,Married,3,0,12.0,1.0,3.0,3.0,152.89,0,0.0,Low Risk
52984,1,1.0,Mobile Phone,3,11.0,E wallet,Male,3.0,5,Laptop & Accessory,2,Single,3,1,13.0,8.0,8.0,5.0,183.28,1,0.92,High Risk
52985,0,11.0,Computer,1,16.0,Credit Card,Male,3.0,4,Mobile Phone,2,Divorced,3,1,13.0,1.0,2.0,3.0,148.26,0,0.03,Low Risk
52986,0,16.0,Computer,3,33.0,E wallet,Female,4.0,4,Grocery,4,Divorced,7,0,15.0,3.0,2.0,9.0,260.25,0,0.0,Low Risk
52987,1,1.0,Phone,1,10.0,Debit Card,Male,3.0,4,Mobile Phone,3,Single,3,0,14.0,1.0,2.0,1.0,139.2,1,0.9,High Risk
52988,0,9.0,Mobile Phone,3,23.0,E wallet,Male,4.0,4,Fashion,4,Divorced,2,0,16.0,4.0,7.0,10.0,205.2,0,0.01,Low Risk
52989,0,10.0,Computer,1,25.0,Debit Card,Male,3.0,3,Mobile Phone,2,Divorced,6,0,19.0,1.0,2.0,1.0,161.88,0,0.0,Low Risk
52990,0,25.0,Mobile Phone,1,9.0,Credit Card,Male,3.0,6,Laptop & Accessory,4,Married,7,0,19.0,1.0,2.0,3.0,179.82,0,0.01,Low Risk
52991,0,15.0,Mobile Phone,3,9.0,Debit Card,Male,3.0,4,Grocery,4,Single,3,0,20.0,1.0,2.0,5.0,285.15,0,0.01,Low Risk
52992,0,1.0,Phone,3,17.0,Credit Card,Female,4.0,5,Mobile Phone,3,Single,3,0,13.0,2.0,2.0,1.0,137.0,0,0.4,Medium Risk
52993,0,2.0,Mobile Phone,1,23.0,Credit Card,Male,4.0,3,Laptop & Accessory,5,Single,2,0,20.0,1.0,2.0,8.0,181.61,0,0.0,Low Risk
52994,0,5.0,Mobile Phone,3,14.0,Cash on Delivery,Male,4.0,3,Laptop & Accessory,2,Divorced,6,0,12.0,4.0,8.0,8.0,194.29,0,0.02,Low Risk
52995,0,13.0,Mobile Phone,1,7.0,Credit Card,Male,3.0,3,Fashion,2,Married,2,0,18.0,4.0,4.0,3.0,221.13,0,0.03,Low Risk
52996,0,10.0,Computer,1,31.0,Debit Card,Female,3.0,4,Laptop & Accessory,4,Divorced,9,0,16.0,1.0,2.0,9.0,181.74,0,0.0,Low Risk
52997,0,6.0,Mobile Phone,3,14.0,Debit Card,Male,4.0,5,Laptop & Accessory,3,Divorced,3,0,15.0,2.0,5.0,9.0,179.84,0,0.0,Low Risk
52998,0,12.0,Mobile Phone,1,32.0,Debit Card,Female,3.0,5,Fashion,4,Divorced,5,0,18.0,2.0,2.0,2.0,245.61,0,0.0,Low Risk
52999,0,31.0,Computer,1,7.0,Debit Card,Male,3.0,6,Laptop & Accessory,3,Married,4,1,14.0,2.0,2.0,3.0,181.6,0,0.01,Low Risk
53000,0,5.0,Mobile Phone,1,12.0,COD,Male,3.0,4,Mobile Phone,2,Divorced,2,1,13.0,1.0,2.0,4.0,173.21,0,0.01,Low Risk
53001,0,5.0,Mobile Phone,2,9.0,UPI,Male,4.0,5,Laptop & Accessory,5,Divorced,5,0,13.0,1.0,2.0,1.0,189.1,0,0.01,Low Risk
53002,0,19.0,Computer,1,14.0,Debit Card,Male,4.0,4,Fashion,5,Married,3,0,19.0,6.0,10.0,12.0,177.1,0,0.01,Low Risk
53003,0,5.0,Mobile Phone,1,9.0,Debit Card,Male,3.0,4,Mobile Phone,2,Married,2,1,19.0,2.0,3.0,3.0,151.95,0,0.02,Low Risk
53004,0,7.0,Computer,1,12.0,Debit Card,Female,4.0,4,Fashion,4,Divorced,8,0,12.0,3.0,2.0,9.0,243.77999999999997,0,0.01,Low Risk
53005,0,13.0,Mobile Phone,1,17.0,Credit Card,Male,3.0,4,Grocery,5,Divorced,3,1,15.0,12.0,12.0,11.0,295.68,0,0.06,Low Risk
53006,0,17.0,Computer,1,17.0,Debit Card,Female,3.0,4,Mobile Phone,2,Single,2,0,20.0,1.0,2.0,8.0,149.55,0,0.0,Low Risk
53007,0,23.0,Mobile Phone,1,7.0,Cash on Delivery,Female,3.0,5,Grocery,3,Single,9,1,13.0,1.0,2.0,8.0,264.64,0,0.01,Low Risk
53008,1,16.0,Mobile Phone,1,15.0,Credit Card,Male,3.0,5,Laptop & Accessory,4,Divorced,4,0,16.0,8.0,8.0,8.0,174.41,1,0.61,Medium Risk
53009,0,1.0,Mobile Phone,1,12.0,Debit Card,Female,3.0,4,Mobile Phone,4,Single,3,1,13.0,1.0,2.0,3.0,149.78,0,0.27,Low Risk
53010,0,6.0,Mobile Phone,3,15.0,COD,Female,4.0,5,Laptop & Accessory,4,Divorced,3,1,12.0,7.0,12.0,10.0,177.28,0,0.04,Low Risk
53011,0,1.0,Mobile Phone,3,9.0,Debit Card,Male,4.0,4,Laptop & Accessory,3,Single,3,1,12.0,2.0,2.0,5.0,169.78,0,0.09,Low Risk
53012,0,5.0,Mobile Phone,3,14.0,E wallet,Male,4.0,4,Laptop & Accessory,2,Married,6,0,13.0,1.0,2.0,8.0,200.47,0,0.01,Low Risk
53013,0,6.0,Mobile Phone,1,9.0,Credit Card,Female,4.0,3,Laptop & Accessory,2,Single,9,0,17.0,2.0,2.0,8.0,175.55,0,0.0,Low Risk
53014,1,1.0,Mobile Phone,1,9.0,Credit Card,Male,3.0,6,Mobile Phone,2,Divorced,7,1,14.0,3.0,3.0,3.0,159.64,1,0.95,High Risk
53015,0,4.0,Mobile Phone,1,35.0,Credit Card,Female,4.0,4,Laptop & Accessory,2,Divorced,3,0,14.0,1.0,2.0,10.0,182.75,0,0.01,Low Risk
53016,0,5.0,Computer,1,14.0,Debit Card,Female,3.0,5,Fashion,3,Divorced,3,0,25.0,4.0,9.0,3.0,214.43,0,0.02,Low Risk
53017,0,13.0,Computer,1,6.0,Credit Card,Male,3.0,5,Others,2,Divorced,3,0,15.0,10.0,14.0,4.0,317.72,0,0.02,Low Risk
53018,1,3.0,Mobile Phone,3,10.0,Credit Card,Female,3.0,4,Laptop & Accessory,3,Divorced,6,1,19.0,2.0,2.0,1.0,177.38,1,0.91,High Risk
53019,0,7.0,Computer,3,17.0,E wallet,Male,3.0,5,Laptop & Accessory,2,Single,5,0,15.0,2.0,2.0,2.0,171.82,0,0.01,Low Risk
53020,0,21.0,Mobile Phone,1,12.0,Debit Card,Male,3.0,4,Others,3,Divorced,6,0,15.0,1.0,2.0,2.0,308.0,0,0.01,Low Risk
53021,0,17.0,Computer,1,17.0,Debit Card,Female,3.0,5,Laptop & Accessory,3,Married,3,0,12.0,1.0,2.0,1.0,177.57,0,0.0,Low Risk
53022,0,1.0,Computer,3,7.0,E wallet,Male,4.0,4,Laptop & Accessory,4,Divorced,2,1,14.0,1.0,2.0,5.0,188.49,0,0.02,Low Risk
53023,0,28.0,Computer,1,27.0,Debit Card,Female,3.0,4,Laptop & Accessory,3,Single,5,0,13.0,2.0,2.0,4.0,173.69,0,0.02,Low Risk
53024,0,17.0,Mobile Phone,1,14.0,Debit Card,Female,3.0,4,Fashion,5,Divorced,10,0,17.0,2.0,2.0,3.0,224.85,0,0.0,Low Risk
53025,0,19.0,Mobile Phone,1,15.0,UPI,Male,4.0,4,Laptop & Accessory,2,Divorced,11,0,15.0,8.0,10.0,9.0,161.97,0,0.01,Low Risk
53026,0,14.0,Mobile Phone,3,7.0,Credit Card,Male,3.0,6,Laptop & Accessory,2,Divorced,4,1,23.0,2.0,2.0,3.0,199.57,0,0.01,Low Risk
53027,1,1.0,Phone,1,15.0,UPI,Male,4.0,6,Mobile Phone,5,Divorced,3,1,12.0,2.0,2.0,8.0,146.19,1,0.81,High Risk
53028,0,3.0,Mobile Phone,1,16.0,UPI,Male,2.0,5,Mobile Phone,2,Single,2,0,18.0,3.0,3.0,3.0,164.83,0,0.0,Low Risk
53029,0,4.0,Mobile Phone,3,12.0,E wallet,Female,2.0,5,Laptop & Accessory,3,Married,3,0,14.0,1.0,2.0,3.0,186.18,0,0.01,Low Risk
53030,0,1.0,Mobile Phone,3,15.0,E wallet,Female,3.0,4,Laptop & Accessory,4,Divorced,3,0,19.0,1.0,2.0,8.0,187.14,0,0.04,Low Risk
53031,0,11.0,Mobile Phone,1,12.0,Credit Card,Male,4.0,4,Laptop & Accessory,2,Married,9,0,17.0,1.0,2.0,5.0,188.47,0,0.0,Low Risk
53032,0,12.0,Mobile Phone,1,22.0,Debit Card,Male,4.0,5,Fashion,2,Married,2,1,15.0,2.0,2.0,10.0,240.10000000000002,0,0.01,Low Risk
53033,0,5.0,Mobile Phone,1,14.0,Credit Card,Female,3.0,4,Fashion,2,Single,3,1,15.0,3.0,5.0,11.0,196.43,0,0.01,Low Risk
53034,0,3.0,Mobile Phone,3,17.0,E wallet,Female,3.0,5,Laptop & Accessory,4,Married,3,1,15.0,1.0,2.0,8.0,207.68,0,0.01,Low Risk
53035,0,9.0,Mobile Phone,1,12.0,Cash on Delivery,Male,4.0,4,Fashion,4,Single,2,0,14.0,1.0,2.0,14.0,205.95,0,0.02,Low Risk
53036,0,1.0,Mobile Phone,1,33.0,Debit Card,Male,3.0,4,Mobile Phone,2,Married,3,0,13.0,2.0,2.0,3.0,154.04,0,0.02,Low Risk
53037,0,15.0,Mobile Phone,1,13.0,Credit Card,Male,4.0,5,Laptop & Accessory,4,Single,8,1,16.0,2.0,2.0,3.0,185.32,0,0.01,Low Risk
53038,0,21.0,Computer,3,11.0,Credit Card,Male,3.0,4,Laptop & Accessory,3,Single,5,0,20.0,1.0,2.0,1.0,154.76,0,0.08,Low Risk
53039,0,16.0,Mobile Phone,1,30.0,Debit Card,Female,3.0,4,Grocery,2,Single,4,0,15.0,1.0,2.0,1.0,284.92,0,0.0,Low Risk
53040,0,3.0,Computer,3,9.0,Debit Card,Male,4.0,4,Laptop & Accessory,3,Divorced,3,0,15.0,2.0,2.0,3.0,171.49,0,0.01,Low Risk
53041,0,16.0,Mobile Phone,2,9.0,COD,Male,3.0,4,Mobile Phone,3,Married,2,1,12.0,2.0,2.0,1.0,151.96,0,0.03,Low Risk
53042,0,6.0,Phone,1,9.0,Credit Card,Female,4.0,4,Mobile Phone,4,Divorced,3,0,14.0,1.0,2.0,8.0,148.7,0,0.01,Low Risk
53043,0,22.0,Mobile Phone,3,36.0,Credit Card,Female,4.0,4,Fashion,3,Divorced,5,0,22.0,1.0,2.0,1.0,250.04000000000002,0,0.0,Low Risk
53044,0,11.0,Mobile Phone,1,13.0,Credit Card,Male,3.0,3,Laptop & Accessory,5,Married,6,1,14.0,3.0,7.0,8.0,184.74,0,0.01,Low Risk
53045,0,4.0,Computer,3,32.0,COD,Female,3.0,4,Laptop & Accessory,3,Divorced,9,1,13.0,2.0,3.0,3.0,172.36,0,0.05,Low Risk
53046,0,1.0,Mobile Phone,3,7.0,Debit Card,Male,3.0,4,Laptop & Accessory,3,Divorced,3,0,18.0,3.0,8.0,8.0,177.96,0,0.08,Low Risk
53047,0,16.0,Mobile Phone,1,9.0,UPI,Male,4.0,5,Laptop & Accessory,2,Single,5,0,24.0,1.0,2.0,1.0,192.81,0,0.01,Low Risk
53048,1,1.0,Computer,3,7.0,COD,Female,3.0,5,Mobile Phone,4,Single,3,1,12.0,2.0,2.0,3.0,146.74,1,0.95,High Risk
53049,0,10.0,Computer,3,7.0,Credit Card,Female,3.0,4,Laptop & Accessory,2,Single,6,0,16.0,2.0,2.0,1.0,191.53,0,0.01,Low Risk
53050,0,10.0,Computer,3,10.0,Credit Card,Male,3.0,5,Fashion,2,Divorced,6,0,12.0,1.0,2.0,3.0,221.99,0,0.0,Low Risk
53051,0,31.0,Mobile Phone,1,7.0,Credit Card,Male,3.0,4,Laptop & Accessory,3,Divorced,4,0,12.0,2.0,2.0,3.0,192.55,0,0.01,Low Risk
53052,0,14.0,Phone,1,17.0,Debit Card,Female,3.0,3,Mobile Phone,3,Divorced,5,1,14.0,1.0,2.0,8.0,147.13,0,0.08,Low Risk
53053,0,1.0,Computer,3,16.0,Credit Card,Male,3.0,4,Mobile Phone,2,Single,3,0,25.0,1.0,3.0,3.0,151.1,0,0.05,Low Risk
53054,1,1.0,Mobile Phone,3,12.0,E wallet,Female,3.0,4,Mobile Phone,3,Single,3,1,14.0,2.0,2.0,1.0,153.51,1,0.97,High Risk
53055,0,11.0,Mobile Phone,1,17.0,Credit Card,Female,4.0,4,Mobile Phone,5,Divorced,8,0,21.0,2.0,2.0,4.0,159.52,0,0.0,Low Risk
53056,0,20.0,Computer,1,14.0,Credit Card,Female,2.0,4,Laptop & Accessory,3,Divorced,4,0,15.0,1.0,2.0,1.0,177.58,0,0.0,Low Risk
53057,1,5.0,Computer,3,11.0,E wallet,Male,3.0,4,Laptop & Accessory,4,Single,3,0,19.0,8.0,8.0,3.0,218.55,1,0.86,High Risk
53058,0,24.0,Mobile Phone,1,17.0,Cash on Delivery,Male,4.0,5,Fashion,2,Single,8,0,16.0,1.0,2.0,3.0,229.96,0,0.02,Low Risk
53059,1,4.0,Mobile Phone,3,29.0,E wallet,Male,4.0,5,Laptop & Accessory,3,Divorced,4,1,13.0,2.0,2.0,1.0,188.8,1,0.92,High Risk
53060,0,5.0,Mobile Phone,1,16.0,Debit Card,Male,3.0,5,Mobile Phone,4,Single,2,1,17.0,2.0,3.0,3.0,151.57,0,0.03,Low Risk
53061,1,1.0,Mobile Phone,3,19.0,Debit Card,Female,3.0,3,Mobile Phone,4,Single,3,0,16.0,1.0,2.0,1.0,152.16,1,0.88,High Risk
53062,0,3.0,Phone,1,30.0,Debit Card,Male,3.0,4,Mobile Phone,2,Single,11,0,17.0,2.0,2.0,3.0,147.01,0,0.04,Low Risk
53063,0,9.0,Mobile Phone,1,16.0,Debit Card,Male,4.0,5,Laptop & Accessory,4,Single,11,0,20.0,2.0,2.0,1.0,190.4,0,0.01,Low Risk
53064,0,1.0,Mobile Phone,1,7.0,Credit Card,Male,3.0,4,Mobile Phone,4,Married,3,0,12.0,1.0,2.0,5.0,163.16,0,0.01,Low Risk
53065,0,2.0,Mobile Phone,3,16.0,Debit Card,Male,4.0,4,Laptop & Accessory,2,Single,3,0,17.0,2.0,2.0,8.0,177.53,0,0.01,Low Risk
53066,0,23.0,Mobile Phone,1,14.0,UPI,Male,3.0,5,Fashion,3,Single,10,0,25.0,2.0,2.0,1.0,170.0,0,0.06,Low Risk
53067,0,25.0,Mobile Phone,3,21.0,Debit Card,Female,3.0,4,Laptop & Accessory,2,Divorced,6,0,12.0,1.0,2.0,8.0,174.36,0,0.0,Low Risk
53068,0,10.0,Mobile Phone,1,9.0,Debit Card,Female,4.0,4,Mobile Phone,3,Divorced,6,0,14.0,2.0,3.0,3.0,150.43,0,0.01,Low Risk
53069,1,1.0,Computer,3,26.0,E wallet,Male,4.0,3,Laptop & Accessory,2,Single,10,1,14.0,2.0,2.0,5.0,178.04,1,0.92,High Risk
53070,0,29.0,Mobile Phone,1,9.0,Debit Card,Female,4.0,4,Grocery,2,Single,4,1,14.0,1.0,2.0,3.0,291.59,0,0.0,Low Risk
53071,0,1.0,Mobile Phone,3,17.0,E wallet,Female,4.0,4,Laptop & Accessory,3,Married,3,1,13.0,1.0,2.0,4.0,167.6,0,0.02,Low Risk
53072,0,4.0,Mobile Phone,3,9.0,COD,Male,4.0,4,Mobile Phone,4,Divorced,3,0,19.0,2.0,2.0,1.0,149.76,0,0.12,Low Risk
53073,1,1.0,Computer,1,10.0,COD,Male,4.0,4,Mobile Phone,5,Single,2,0,23.0,1.0,2.0,5.0,156.02,1,0.95,High Risk
53074,0,1.0,Phone,1,18.0,Credit Card,Female,3.0,4,Mobile Phone,4,Divorced,3,0,14.0,2.0,2.0,3.0,147.44,0,0.07,Low Risk
53075,0,10.0,Mobile Phone,3,9.0,Credit Card,Male,4.0,5,Fashion,3,Divorced,3,0,14.0,10.0,10.0,1.0,200.96,0,0.0,Low Risk
53076,1,1.0,Computer,1,11.0,COD,Male,3.0,4,Mobile Phone,2,Single,20,1,24.0,2.0,2.0,1.0,147.85,1,0.97,High Risk
53077,0,11.0,Mobile Phone,1,21.0,Debit Card,Female,4.0,4,Mobile Phone,5,Married,3,0,13.0,4.0,13.0,18.0,155.34,0,0.02,Low Risk
53078,0,14.0,Mobile Phone,3,9.0,E wallet,Female,3.0,4,Laptop & Accessory,4,Married,9,0,13.0,1.0,2.0,4.0,182.15,0,0.01,Low Risk
53079,0,16.0,Mobile Phone,1,7.0,Debit Card,Female,4.0,4,Mobile Phone,5,Married,5,0,17.0,2.0,2.0,3.0,150.76,0,0.01,Low Risk
53080,0,11.0,Mobile Phone,1,17.0,Debit Card,Male,3.0,4,Laptop & Accessory,4,Single,4,1,13.0,1.0,2.0,2.0,166.97,0,0.0,Low Risk
53081,0,17.0,Mobile Phone,1,19.0,Debit Card,Male,3.0,5,Grocery,4,Married,3,0,12.0,1.0,4.0,10.0,268.36,0,0.0,Low Risk
53082,0,14.0,Mobile Phone,1,9.0,Credit Card,Female,4.0,5,Laptop & Accessory,3,Divorced,8,0,23.0,2.0,2.0,1.0,159.48,0,0.0,Low Risk
53083,0,28.0,Mobile Phone,1,12.0,Credit Card,Male,3.0,4,Others,5,Divorced,6,0,15.0,2.0,2.0,3.0,319.06,0,0.02,Low Risk
53084,0,8.0,Computer,3,11.0,E wallet,Female,4.0,4,Laptop & Accessory,3,Divorced,11,0,16.0,2.0,2.0,3.0,190.38,0,0.02,Low Risk
53085,0,5.0,Mobile Phone,1,14.0,Credit Card,Female,3.0,4,Laptop & Accessory,5,Divorced,3,0,13.0,4.0,4.0,13.0,168.06,0,0.0,Low Risk
53086,0,17.0,Computer,1,28.0,Credit Card,Male,4.0,4,Mobile Phone,2,Divorced,9,0,21.0,1.0,2.0,3.0,147.58,0,0.02,Low Risk
53087,0,17.0,Mobile Phone,1,15.0,UPI,Female,4.0,4,Laptop & Accessory,3,Married,6,1,15.0,1.0,2.0,3.0,170.22,0,0.0,Low Risk
53088,0,1.0,Mobile Phone,3,11.0,Debit Card,Female,3.0,5,Laptop & Accessory,2,Single,3,1,12.0,1.0,2.0,4.0,169.87,0,0.06,Low Risk
53089,0,11.0,Computer,1,32.0,Credit Card,Female,4.0,4,Laptop & Accessory,3,Divorced,5,1,16.0,4.0,11.0,8.0,169.49,0,0.0,Low Risk
53090,0,5.0,Phone,1,7.0,Debit Card,Male,4.0,5,Mobile Phone,5,Divorced,3,0,13.0,1.0,4.0,3.0,147.18,0,0.02,Low Risk
53091,0,13.0,Computer,1,7.0,Debit Card,Male,3.0,4,Others,3,Married,3,1,15.0,1.0,2.0,7.0,316.97,0,0.04,Low Risk
53092,0,30.0,Computer,3,13.0,Debit Card,Female,3.0,3,Grocery,5,Divorced,11,0,12.0,3.0,2.0,8.0,257.12,0,0.05,Low Risk
53093,0,4.0,Mobile Phone,3,19.0,COD,Female,3.0,4,Laptop & Accessory,3,Single,2,0,12.0,4.0,5.0,5.0,190.77,0,0.04,Low Risk
53094,0,15.0,Mobile Phone,3,7.0,E wallet,Male,3.0,3,Fashion,5,Divorced,3,0,17.0,2.0,2.0,8.0,208.92,0,0.0,Low Risk
53095,0,2.0,Mobile Phone,1,24.0,Credit Card,Male,4.0,4,Laptop & Accessory,5,Married,3,0,13.0,1.0,2.0,9.0,170.58,0,0.02,Low Risk
53096,1,1.0,Mobile Phone,1,10.0,Credit Card,Male,4.0,4,Mobile Phone,5,Divorced,7,0,14.0,2.0,2.0,3.0,165.31,1,0.9,High Risk
53097,0,26.0,Mobile Phone,1,10.0,Credit Card,Male,3.0,5,Fashion,3,Divorced,4,1,15.0,1.0,2.0,5.0,204.69,0,0.01,Low Risk
53098,0,19.0,Mobile Phone,1,17.0,Debit Card,Male,4.0,4,Mobile Phone,2,Divorced,5,0,22.0,2.0,2.0,3.0,151.54,0,0.0,Low Risk
53099,0,26.0,Mobile Phone,1,11.0,Debit Card,Female,2.0,4,Grocery,2,Divorced,4,0,14.0,1.0,2.0,5.0,290.55,0,0.0,Low Risk
53100,0,16.0,Computer,1,36.0,Debit Card,Female,4.0,4,Laptop & Accessory,3,Married,4,0,12.0,2.0,2.0,3.0,170.56,0,0.0,Low Risk
53101,0,4.0,Mobile Phone,1,9.0,Debit Card,Female,3.0,6,Laptop & Accessory,2,Single,4,0,21.0,1.0,2.0,3.0,185.91,0,0.1,Low Risk
53102,0,31.0,Mobile Phone,1,14.0,Debit Card,Female,3.0,4,Others,5,Divorced,7,0,15.0,1.0,12.0,11.0,320.66,0,0.01,Low Risk
53103,0,20.0,Mobile Phone,1,25.0,Credit Card,Female,3.0,4,Laptop & Accessory,3,Married,4,0,15.0,1.0,2.0,9.0,173.1,0,0.0,Low Risk
53104,0,16.0,Computer,1,35.0,COD,Female,3.0,5,Laptop & Accessory,2,Divorced,2,0,12.0,1.0,2.0,5.0,170.23,0,0.01,Low Risk
53105,1,1.0,Mobile Phone,3,7.0,COD,Female,4.0,4,Mobile Phone,4,Single,3,1,17.0,2.0,2.0,5.0,157.02,1,0.92,High Risk
53106,1,1.0,Computer,3,13.0,E wallet,Female,3.0,6,Mobile Phone,3,Married,2,0,17.0,2.0,2.0,1.0,148.51,1,0.97,High Risk
53107,0,12.0,Computer,1,9.0,Debit Card,Male,3.0,4,Mobile Phone,2,Divorced,3,1,24.0,2.0,2.0,1.0,142.02,0,0.0,Low Risk
53108,0,14.0,Mobile Phone,3,9.0,Debit Card,Female,4.0,4,Others,3,Divorced,2,0,15.0,1.0,2.0,13.0,305.41,0,0.01,Low Risk
53109,0,1.0,Mobile Phone,1,30.0,Debit Card,Female,3.0,4,Mobile Phone,2,Married,3,0,23.0,2.0,2.0,3.0,153.86,0,0.01,Low Risk
53110,0,4.0,Computer,1,10.0,Debit Card,Male,3.0,4,Mobile Phone,2,Divorced,6,0,16.0,1.0,2.0,5.0,145.97,0,0.0,Low Risk
53111,0,3.0,Mobile Phone,1,10.0,Credit Card,Male,4.0,5,Fashion,3,Divorced,3,0,19.0,2.0,2.0,8.0,244.35000000000002,0,0.01,Low Risk
53112,1,1.0,Mobile Phone,1,32.0,COD,Female,4.0,5,Mobile Phone,4,Divorced,7,0,17.0,1.0,2.0,2.0,150.46,1,0.73,High Risk
53113,1,1.0,Mobile Phone,2,9.0,COD,Male,3.0,5,Mobile Phone,2,Single,3,0,13.0,2.0,2.0,1.0,150.64,1,0.93,High Risk
53114,0,4.0,Computer,3,29.0,UPI,Female,4.0,4,Fashion,5,Divorced,2,0,12.0,3.0,8.0,9.0,209.12,0,0.01,Low Risk
53115,0,31.0,Mobile Phone,3,36.0,E wallet,Male,3.0,5,Grocery,2,Married,5,0,13.0,1.0,2.0,1.0,266.18,0,0.0,Low Risk
53116,0,24.0,Mobile Phone,1,36.0,Debit Card,Male,3.0,5,Grocery,3,Divorced,2,0,15.0,12.0,16.0,8.0,295.46,0,0.03,Low Risk
53117,0,4.0,Computer,1,9.0,Credit Card,Female,3.0,4,Mobile Phone,2,Single,2,0,15.0,6.0,7.0,8.0,150.64,0,0.03,Low Risk
53118,0,31.0,Computer,3,35.0,E wallet,Female,4.0,5,Fashion,5,Divorced,6,0,20.0,14.0,14.0,3.0,227.66,0,0.03,Low Risk
53119,0,21.0,Mobile Phone,1,9.0,Credit Card,Female,4.0,4,Laptop & Accessory,2,Married,7,0,14.0,1.0,2.0,5.0,175.7,0,0.0,Low Risk
53120,0,20.0,Mobile Phone,1,9.0,Debit Card,Male,3.0,4,Grocery,3,Divorced,8,0,15.0,1.0,2.0,2.0,303.61,0,0.01,Low Risk
53121,0,9.0,Mobile Phone,1,29.0,Debit Card,Male,3.0,6,Mobile Phone,3,Single,2,0,16.0,3.0,5.0,4.0,167.3,0,0.03,Low Risk
53122,0,28.0,Mobile Phone,1,15.0,Debit Card,Female,3.0,4,Laptop & Accessory,3,Single,9,0,12.0,2.0,2.0,1.0,162.8,0,0.01,Low Risk
53123,0,8.0,Mobile Phone,1,9.0,Debit Card,Male,4.0,5,Mobile Phone,3,Married,5,0,13.0,6.0,6.0,8.0,152.68,0,0.02,Low Risk
53124,0,20.0,Mobile Phone,3,17.0,E wallet,Female,4.0,5,Fashion,2,Divorced,4,1,20.0,2.0,2.0,3.0,215.71,0,0.01,Low Risk
53125,0,5.0,Mobile Phone,1,16.0,Debit Card,Male,3.0,4,Fashion,4,Married,3,0,26.0,2.0,2.0,9.0,231.48000000000002,0,0.01,Low Risk
53126,1,1.0,Mobile Phone,1,22.0,Credit Card,Male,3.0,4,Fashion,3,Divorced,9,1,13.0,1.0,8.0,8.0,261.1,1,0.9,High Risk
53127,1,1.0,Mobile Phone,1,17.0,Credit Card,Male,3.0,6,Mobile Phone,2,Married,9,0,14.0,1.0,2.0,4.0,159.08,1,0.88,High Risk
53128,0,4.0,Mobile Phone,3,14.0,E wallet,Male,3.0,4,Mobile Phone,4,Single,2,0,15.0,2.0,2.0,3.0,154.83,0,0.0,Low Risk
53129,0,9.0,Mobile Phone,1,23.0,Debit Card,Male,4.0,4,Fashion,3,Divorced,6,1,13.0,1.0,2.0,1.0,201.32,0,0.02,Low Risk
53130,1,1.0,Computer,1,27.0,Debit Card,Male,4.0,4,Fashion,3,Divorced,5,0,13.0,2.0,2.0,3.0,223.24,1,0.92,High Risk
53131,1,1.0,Computer,2,30.0,UPI,Female,3.0,4,Fashion,5,Married,11,1,16.0,2.0,2.0,3.0,224.5,1,0.93,High Risk
53132,0,16.0,Computer,1,12.0,UPI,Male,4.0,4,Mobile Phone,3,Divorced,6,0,18.0,3.0,3.0,1.0,145.93,0,0.03,Low Risk
53133,0,10.0,Computer,3,17.0,Credit Card,Male,3.0,4,Fashion,2,Single,3,0,15.0,2.0,10.0,3.0,224.8,0,0.07,Low Risk
53134,1,1.0,Computer,1,11.0,COD,Male,3.0,5,Mobile Phone,3,Single,7,0,17.0,2.0,2.0,3.0,163.94,1,0.98,High Risk
53135,0,22.0,Mobile Phone,3,9.0,E wallet,Female,3.0,4,Laptop & Accessory,2,Divorced,4,0,15.0,5.0,7.0,8.0,165.51,0,0.01,Low Risk
53136,0,29.0,Mobile Phone,3,25.0,Debit Card,Female,3.0,4,Grocery,4,Single,5,0,15.0,1.0,8.0,8.0,293.35,0,0.0,Low Risk
53137,0,15.0,Computer,3,17.0,Debit Card,Male,3.0,4,Laptop & Accessory,2,Single,9,0,15.0,1.0,2.0,11.0,187.3,0,0.01,Low Risk
53138,0,9.0,Mobile Phone,3,7.0,E wallet,Male,3.0,4,Laptop & Accessory,3,Divorced,11,0,12.0,4.0,7.0,10.0,172.17,0,0.08,Low Risk
53139,0,14.0,Mobile Phone,1,13.0,Debit Card,Female,4.0,4,Grocery,3,Single,9,0,16.0,5.0,2.0,14.0,257.37,0,0.01,Low Risk
53140,0,13.0,Computer,1,15.0,Debit Card,Female,3.0,4,Mobile Phone,3,Divorced,3,0,12.0,1.0,2.0,8.0,162.55,0,0.0,Low Risk
53141,0,5.0,Mobile Phone,3,9.0,Debit Card,Male,4.0,4,Laptop & Accessory,2,Single,6,1,14.0,2.0,2.0,6.0,190.82,0,0.09,Low Risk
53142,0,16.0,Mobile Phone,1,31.0,Credit Card,Male,3.0,4,Fashion,5,Divorced,3,1,22.0,5.0,6.0,9.0,199.06,0,0.02,Low Risk
53143,0,19.0,Mobile Phone,3,9.0,UPI,Male,4.0,4,Laptop & Accessory,4,Divorced,2,0,20.0,4.0,4.0,8.0,173.05,0,0.0,Low Risk
53144,1,1.0,Computer,2,24.0,Debit Card,Female,3.0,4,Mobile Phone,3,Married,2,1,12.0,1.0,2.0,1.0,152.41,1,0.99,High Risk
53145,0,3.0,Mobile Phone,1,26.0,COD,Male,3.0,4,Laptop & Accessory,2,Married,6,0,13.0,1.0,2.0,3.0,167.62,0,0.0,Low Risk
53146,0,7.0,Mobile Phone,1,7.0,Credit Card,Female,4.0,3,Grocery,3,Married,6,0,20.0,1.0,2.0,6.0,286.84,0,0.0,Low Risk
53147,0,1.0,Mobile Phone,3,14.0,Debit Card,Male,3.0,5,Fashion,2,Married,11,0,22.0,2.0,2.0,2.0,240.57,0,0.2,Low Risk
53148,1,1.0,Computer,3,12.0,E wallet,Male,4.0,4,Mobile Phone,4,Single,3,1,15.0,2.0,2.0,1.0,143.78,1,1.0,High Risk
53149,0,14.0,Computer,3,35.0,UPI,Male,3.0,6,Fashion,5,Married,5,0,16.0,2.0,2.0,2.0,234.32,0,0.03,Low Risk
53150,0,15.0,Computer,1,9.0,UPI,Female,4.0,5,Laptop & Accessory,3,Single,4,1,18.0,1.0,2.0,8.0,193.11,0,0.0,Low Risk
53151,0,1.0,Mobile Phone,3,36.0,Credit Card,Male,3.0,4,Laptop & Accessory,3,Married,7,0,13.0,2.0,2.0,1.0,168.06,0,0.08,Low Risk
53152,0,9.0,Mobile Phone,3,7.0,Credit Card,Female,4.0,4,Laptop & Accessory,3,Single,3,0,17.0,1.0,2.0,4.0,173.59,0,0.0,Low Risk
53153,0,8.0,Mobile Phone,3,28.0,Debit Card,Male,4.0,3,Laptop & Accessory,2,Single,3,0,13.0,6.0,6.0,8.0,178.37,0,0.0,Low Risk
53154,1,1.0,Phone,1,31.0,COD,Male,4.0,6,Mobile Phone,2,Single,3,1,19.0,2.0,2.0,1.0,148.4,1,0.98,High Risk
53155,0,11.0,Mobile Phone,1,7.0,Cash on Delivery,Female,3.0,4,Fashion,2,Single,6,0,18.0,2.0,2.0,3.0,199.91,0,0.02,Low Risk
53156,0,20.0,Computer,1,25.0,Credit Card,Female,3.0,4,Fashion,3,Divorced,7,0,12.0,2.0,2.0,3.0,230.27,0,0.01,Low Risk
53157,0,15.0,Mobile Phone,3,9.0,Debit Card,Female,4.0,4,Grocery,5,Divorced,9,0,17.0,1.0,12.0,9.0,290.95,0,0.01,Low Risk
53158,0,11.0,Computer,3,16.0,Credit Card,Male,4.0,4,Fashion,4,Married,3,0,14.0,7.0,8.0,3.0,213.34,0,0.02,Low Risk
53159,0,26.0,Mobile Phone,1,13.0,COD,Male,4.0,4,Laptop & Accessory,5,Married,5,1,13.0,3.0,7.0,10.0,180.77,0,0.02,Low Risk
53160,1,1.0,Computer,3,18.0,UPI,Male,3.0,3,Laptop & Accessory,3,Divorced,10,0,13.0,2.0,2.0,3.0,172.07,1,0.82,High Risk
53161,0,1.0,Computer,3,31.0,Credit Card,Male,3.0,4,Mobile Phone,2,Divorced,2,0,14.0,1.0,3.0,2.0,149.0,0,0.18,Low Risk
53162,0,12.0,Mobile Phone,1,17.0,Credit Card,Female,4.0,4,Laptop & Accessory,3,Divorced,5,0,20.0,2.0,2.0,3.0,223.24,0,0.02,Low Risk
53163,0,11.0,Mobile Phone,1,7.0,Debit Card,Female,4.0,4,Laptop & Accessory,4,Divorced,8,0,13.0,4.0,5.0,4.0,189.47,0,0.02,Low Risk
53164,0,23.0,Mobile Phone,1,25.0,Debit Card,Male,3.0,5,Others,3,Married,3,1,15.0,1.0,2.0,10.0,320.02,0,0.0,Low Risk
53165,0,1.0,Mobile Phone,1,30.0,Credit Card,Male,3.0,3,Mobile Phone,2,Divorced,3,1,12.0,1.0,2.0,5.0,152.25,0,0.43,Medium Risk
53166,0,1.0,Mobile Phone,3,35.0,E wallet,Male,4.0,4,Laptop & Accessory,4,Divorced,3,0,21.0,2.0,2.0,5.0,187.72,0,0.03,Low Risk
53167,0,1.0,Phone,1,24.0,UPI,Male,4.0,5,Mobile Phone,4,Divorced,3,0,22.0,2.0,2.0,1.0,146.27,0,0.27,Low Risk
53168,0,24.0,Computer,2,10.0,Credit Card,Male,3.0,4,Others,4,Divorced,3,0,15.0,7.0,11.0,8.0,307.0,0,0.01,Low Risk
53169,0,1.0,Phone,3,20.0,Credit Card,Male,3.0,4,Mobile Phone,3,Divorced,3,0,12.0,2.0,2.0,7.0,145.96,0,0.03,Low Risk
53170,1,1.0,Computer,1,14.0,Debit Card,Female,3.0,4,Mobile Phone,3,Divorced,3,1,17.0,1.0,2.0,3.0,153.86,1,0.94,High Risk
53171,1,1.0,Computer,3,19.0,Debit Card,Male,4.0,5,Mobile Phone,5,Divorced,3,0,19.0,2.0,2.0,1.0,145.33,1,0.88,High Risk
53172,0,8.0,Mobile Phone,1,7.0,Debit Card,Male,3.0,5,Mobile Phone,2,Divorced,3,1,14.0,1.0,2.0,4.0,161.22,0,0.18,Low Risk
53173,1,1.0,Mobile Phone,3,20.0,Credit Card,Male,3.0,4,Laptop & Accessory,5,Married,4,0,18.0,1.0,2.0,3.0,167.33,1,0.94,High Risk
53174,0,9.0,Mobile Phone,1,32.0,UPI,Male,3.0,5,Laptop & Accessory,2,Single,6,0,15.0,1.0,2.0,3.0,161.81,0,0.0,Low Risk
53175,0,5.0,Mobile Phone,3,13.0,Credit Card,Male,4.0,3,Laptop & Accessory,2,Married,6,0,23.0,4.0,6.0,8.0,179.6,0,0.01,Low Risk
53176,0,1.0,Phone,1,13.0,Credit Card,Female,4.0,5,Mobile Phone,3,Married,2,0,13.0,2.0,2.0,4.0,146.87,0,0.02,Low Risk
53177,0,11.0,Mobile Phone,3,9.0,E wallet,Male,4.0,4,Laptop & Accessory,3,Divorced,6,1,12.0,1.0,2.0,3.0,221.02,0,0.04,Low Risk
53178,0,1.0,Mobile Phone,1,7.0,Debit Card,Female,3.0,5,Mobile Phone,4,Single,3,0,14.0,2.0,2.0,1.0,153.36,0,0.05,Low Risk
53179,0,16.0,Mobile Phone,1,9.0,Debit Card,Female,3.0,4,Laptop & Accessory,2,Divorced,3,0,14.0,3.0,3.0,3.0,165.89,0,0.0,Low Risk
53180,0,17.0,Mobile Phone,1,13.0,UPI,Male,3.0,5,Grocery,2,Married,6,1,15.0,1.0,2.0,1.0,291.27,0,0.0,Low Risk
53181,0,12.0,Mobile Phone,1,7.0,Debit Card,Female,3.0,4,Mobile Phone,5,Single,5,0,18.0,2.0,2.0,1.0,151.19,0,0.02,Low Risk
53182,0,17.0,Computer,1,16.0,Credit Card,Male,4.0,4,Laptop & Accessory,3,Married,5,1,14.0,3.0,5.0,8.0,181.79,0,0.0,Low Risk
53183,0,22.0,Mobile Phone,1,7.0,Debit Card,Female,3.0,5,Grocery,5,Divorced,9,0,12.0,1.0,2.0,3.0,279.02,0,0.01,Low Risk
53184,0,18.0,Mobile Phone,2,7.0,Debit Card,Female,3.0,5,Laptop & Accessory,3,Single,6,0,12.0,2.0,2.0,3.0,184.85,0,0.0,Low Risk
53185,0,8.0,Mobile Phone,3,21.0,COD,Female,3.0,4,Mobile Phone,3,Married,3,1,19.0,2.0,2.0,7.0,150.79,0,0.03,Low Risk
53186,1,1.0,Mobile Phone,3,9.0,E wallet,Male,3.0,4,Mobile Phone,5,Married,2,0,12.0,1.0,2.0,3.0,155.41,1,0.93,High Risk
53187,0,1.0,Mobile Phone,3,29.0,COD,Male,3.0,4,Mobile Phone,3,Single,3,0,12.0,2.0,2.0,3.0,159.47,0,0.04,Low Risk
53188,0,18.0,Mobile Phone,1,10.0,UPI,Male,3.0,4,Others,2,Divorced,6,1,15.0,2.0,2.0,2.0,320.13,0,0.01,Low Risk
53189,0,1.0,Mobile Phone,1,13.0,Credit Card,Male,4.0,4,Mobile Phone,3,Divorced,2,0,21.0,3.0,3.0,3.0,152.73,0,0.05,Low Risk
53190,0,7.0,Mobile Phone,3,15.0,E wallet,Male,3.0,4,Laptop & Accessory,3,Married,2,0,13.0,2.0,2.0,3.0,196.04,0,0.0,Low Risk
53191,0,6.0,Mobile Phone,1,16.0,Debit Card,Female,4.0,4,Laptop & Accessory,2,Divorced,3,1,13.0,2.0,2.0,6.0,188.22,0,0.01,Low Risk
53192,0,4.0,Computer,1,10.0,Credit Card,Female,4.0,4,Mobile Phone,3,Married,3,0,21.0,2.0,2.0,1.0,145.83,0,0.0,Low Risk
53193,0,27.0,Mobile Phone,3,7.0,Credit Card,Female,3.0,4,Laptop & Accessory,5,Single,9,0,21.0,7.0,9.0,11.0,208.81,0,0.03,Low Risk
53194,0,8.0,Mobile Phone,1,7.0,Debit Card,Male,3.0,4,Mobile Phone,2,Divorced,3,0,13.0,7.0,9.0,9.0,151.91,0,0.03,Low Risk
53195,1,9.0,Computer,3,33.0,Debit Card,Female,4.0,4,Laptop & Accessory,5,Divorced,4,0,15.0,1.0,2.0,1.0,167.86,1,0.87,High Risk
53196,0,1.0,Mobile Phone,1,13.0,Debit Card,Female,4.0,4,Mobile Phone,2,Divorced,3,1,14.0,1.0,2.0,3.0,151.59,0,0.48,Medium Risk
53197,0,11.0,Mobile Phone,1,10.0,UPI,Male,3.0,4,Fashion,3,Divorced,3,0,16.0,7.0,8.0,3.0,219.34,0,0.0,Low Risk
53198,0,3.0,Mobile Phone,3,10.0,Credit Card,Female,4.0,4,Laptop & Accessory,3,Divorced,3,0,15.0,1.0,2.0,3.0,180.61,0,0.01,Low Risk
53199,0,9.0,Mobile Phone,1,13.0,Debit Card,Male,3.0,6,Laptop & Accessory,2,Single,3,0,14.0,12.0,12.0,9.0,191.46,0,0.01,Low Risk
53200,0,7.0,Computer,1,13.0,Debit Card,Male,2.0,4,Laptop & Accessory,2,Married,5,0,24.0,5.0,5.0,8.0,202.25,0,0.0,Low Risk
53201,0,28.0,Mobile Phone,2,26.0,Credit Card,Male,3.0,4,Fashion,4,Divorced,4,0,16.0,4.0,2.0,2.0,232.25,0,0.02,Low Risk
53202,0,10.0,Mobile Phone,1,16.0,Credit Card,Male,3.0,5,Laptop & Accessory,4,Married,4,1,12.0,2.0,2.0,3.0,213.47,0,0.0,Low Risk
53203,0,1.0,Phone,1,10.0,Credit Card,Male,3.0,5,Mobile Phone,2,Single,2,0,14.0,1.0,2.0,2.0,145.45,0,0.1,Low Risk
53204,1,1.0,Phone,1,17.0,Credit Card,Male,3.0,4,Mobile,3,Single,3,1,12.0,1.0,2.0,2.0,135.09,1,0.93,High Risk
53205,1,1.0,Computer,1,10.0,Debit Card,Male,4.0,4,Mobile Phone,5,Single,3,1,12.0,10.0,10.0,8.0,158.48,1,0.94,High Risk
53206,0,9.0,Computer,1,10.0,Debit Card,Male,3.0,5,Mobile Phone,3,Divorced,3,0,19.0,2.0,2.0,1.0,137.81,0,0.0,Low Risk
53207,0,1.0,Mobile Phone,1,11.0,Credit Card,Male,3.0,3,Mobile Phone,5,Divorced,4,0,17.0,1.0,2.0,3.0,153.19,0,0.12,Low Risk
53208,0,1.0,Mobile Phone,3,15.0,Debit Card,Male,3.0,3,Laptop & Accessory,4,Divorced,2,0,23.0,1.0,2.0,3.0,173.51,0,0.04,Low Risk
53209,0,12.0,Mobile Phone,3,14.0,E wallet,Female,3.0,5,Laptop & Accessory,2,Single,2,0,21.0,2.0,2.0,6.0,165.28,0,0.0,Low Risk
53210,0,3.0,Computer,1,7.0,Debit Card,Male,4.0,6,Mobile Phone,2,Married,3,0,19.0,3.0,3.0,9.0,152.2,0,0.01,Low Risk
53211,0,22.0,Mobile Phone,3,9.0,E wallet,Male,3.0,3,Laptop & Accessory,4,Divorced,5,0,13.0,3.0,3.0,3.0,206.2,0,0.0,Low Risk
53212,0,1.0,Computer,3,10.0,Credit Card,Female,4.0,3,Laptop & Accessory,2,Married,3,1,21.0,2.0,2.0,5.0,171.47,0,0.05,Low Risk
53213,0,11.0,Mobile Phone,1,17.0,Debit Card,Male,4.0,3,Mobile Phone,2,Single,5,0,18.0,2.0,2.0,1.0,171.8,0,0.0,Low Risk
53214,0,24.0,Mobile Phone,1,35.0,Credit Card,Male,4.0,3,Mobile Phone,3,Divorced,3,1,12.0,4.0,4.0,9.0,157.21,0,0.04,Low Risk
53215,0,8.0,Mobile Phone,1,16.0,Credit Card,Female,3.0,5,Fashion,4,Single,3,0,15.0,5.0,8.0,3.0,211.21,0,0.02,Low Risk
53216,1,1.0,Mobile Phone,3,10.0,Debit Card,Female,4.0,4,Laptop & Accessory,3,Single,11,0,15.0,2.0,3.0,1.0,170.77,1,0.94,High Risk
53217,0,13.0,Mobile Phone,1,9.0,COD,Female,4.0,5,Laptop & Accessory,3,Single,3,0,12.0,3.0,12.0,11.0,170.53,0,0.03,Low Risk
53218,0,6.0,Mobile Phone,3,17.0,E wallet,Male,3.0,4,Laptop & Accessory,2,Single,3,0,13.0,1.0,2.0,9.0,178.96,0,0.0,Low Risk
53219,1,14.0,Computer,3,15.0,COD,Male,3.0,4,Laptop & Accessory,3,Divorced,5,1,15.0,2.0,2.0,4.0,192.96,1,0.87,High Risk
53220,0,12.0,Mobile Phone,1,7.0,Debit Card,Female,3.0,3,Laptop & Accessory,2,Single,2,0,14.0,2.0,2.0,9.0,201.25,0,0.0,Low Risk
53221,0,1.0,Mobile Phone,1,7.0,Debit Card,Female,4.0,4,Fashion,5,Divorced,3,0,12.0,2.0,2.0,8.0,199.12,0,0.14,Low Risk
53222,0,6.0,Mobile Phone,1,10.0,Debit Card,Female,3.0,4,Fashion,2,Single,5,0,16.0,4.0,2.0,8.0,236.58999999999997,0,0.0,Low Risk
53223,0,21.0,Mobile Phone,3,21.0,E wallet,Male,3.0,4,Laptop & Accessory,5,Single,4,0,13.0,1.0,2.0,8.0,174.6,0,0.0,Low Risk
53224,0,14.0,Computer,3,12.0,Debit Card,Male,3.0,5,Fashion,5,Divorced,7,1,22.0,1.0,2.0,3.0,229.75,0,0.02,Low Risk
53225,0,27.0,Mobile Phone,1,14.0,Debit Card,Male,3.0,3,Grocery,3,Divorced,5,0,20.0,1.0,2.0,4.0,273.14,0,0.0,Low Risk
53226,0,15.0,Mobile Phone,2,17.0,UPI,Male,4.0,5,Others,2,Married,5,0,15.0,13.0,13.0,7.0,316.41,0,0.01,Low Risk
53227,0,31.0,Mobile Phone,3,23.0,E wallet,Male,3.0,4,Laptop & Accessory,5,Single,10,0,15.0,2.0,3.0,3.0,179.05,0,0.03,Low Risk
53228,0,1.0,Computer,1,17.0,Debit Card,Male,3.0,4,Fashion,5,Married,3,0,22.0,2.0,2.0,3.0,212.93,0,0.07,Low Risk
53229,0,15.0,Mobile Phone,2,7.0,UPI,Male,3.0,5,Others,3,Divorced,3,0,15.0,3.0,3.0,11.0,316.89,0,0.03,Low Risk
53230,0,24.0,Mobile Phone,3,15.0,E wallet,Male,3.0,4,Mobile Phone,4,Divorced,9,0,16.0,2.0,3.0,3.0,163.75,0,0.0,Low Risk
53231,1,1.0,Phone,1,7.0,Debit Card,Female,4.0,6,Mobile Phone,4,Single,9,1,14.0,2.0,4.0,8.0,147.16,1,0.96,High Risk
53232,0,10.0,Computer,1,15.0,Debit Card,Female,4.0,3,Fashion,5,Divorced,11,0,15.0,1.0,2.0,6.0,242.13,0,0.01,Low Risk
53233,0,12.0,Mobile Phone,1,7.0,Debit Card,Female,3.0,4,Fashion,3,Single,6,1,15.0,1.0,2.0,1.0,203.61,0,0.02,Low Risk
53234,0,18.0,Computer,1,31.0,Credit Card,Male,3.0,6,Mobile Phone,3,Single,4,0,15.0,1.0,2.0,5.0,162.08,0,0.01,Low Risk
53235,0,21.0,Computer,3,10.0,Credit Card,Female,3.0,4,Grocery,3,Married,11,1,13.0,1.0,12.0,14.0,262.7,0,0.02,Low Risk
53236,0,4.0,Mobile Phone,3,34.0,E wallet,Male,3.0,4,Laptop & Accessory,2,Married,9,0,24.0,5.0,8.0,8.0,178.04,0,0.05,Low Risk
53237,0,3.0,Mobile Phone,3,17.0,Debit Card,Male,3.0,4,Mobile Phone,3,Single,3,0,12.0,1.0,2.0,1.0,151.42,0,0.06,Low Risk
53238,1,6.0,Computer,1,26.0,Credit Card,Male,3.0,3,Mobile Phone,3,Married,8,1,13.0,3.0,3.0,3.0,152.59,1,0.88,High Risk
53239,0,17.0,Computer,3,22.0,Debit Card,Male,3.0,5,Laptop & Accessory,2,Divorced,5,0,19.0,1.0,3.0,3.0,193.04,0,0.01,Low Risk
53240,0,8.0,Mobile Phone,1,15.0,Credit Card,Female,4.0,4,Laptop & Accessory,3,Single,5,0,12.0,2.0,5.0,4.0,186.42,0,0.01,Low Risk
53241,0,1.0,Mobile Phone,1,16.0,Credit Card,Male,3.0,4,Mobile Phone,5,Divorced,3,0,15.0,1.0,2.0,3.0,150.0,0,0.13,Low Risk
53242,0,13.0,Mobile Phone,2,10.0,UPI,Female,3.0,3,Laptop & Accessory,4,Divorced,11,0,16.0,4.0,4.0,7.0,188.89,0,0.03,Low Risk
53243,0,30.0,Mobile Phone,1,16.0,Credit Card,Male,3.0,4,Grocery,2,Divorced,9,0,12.0,1.0,2.0,2.0,236.02999999999997,0,0.01,Low Risk
53244,0,14.0,Phone,1,9.0,Credit Card,Female,3.0,5,Mobile Phone,2,Single,2,1,21.0,3.0,3.0,4.0,148.42,0,0.0,Low Risk
53245,0,1.0,Mobile Phone,1,14.0,Credit Card,Female,3.0,5,Laptop & Accessory,5,Single,10,0,20.0,2.0,2.0,8.0,193.11,0,0.06,Low Risk
53246,0,3.0,Phone,3,17.0,E wallet,Male,3.0,4,Mobile Phone,4,Married,3,0,15.0,1.0,3.0,3.0,147.97,0,0.0,Low Risk
53247,0,27.0,Phone,1,13.0,Debit Card,Male,3.0,4,Laptop & Accessory,2,Single,4,0,18.0,2.0,3.0,3.0,149.5,0,0.0,Low Risk
53248,0,9.0,Computer,1,9.0,Debit Card,Female,4.0,4,Laptop & Accessory,5,Married,4,0,12.0,1.0,2.0,1.0,175.93,0,0.01,Low Risk
53249,0,6.0,Computer,1,31.0,Debit Card,Male,4.0,4,Laptop & Accessory,2,Divorced,3,0,16.0,3.0,5.0,8.0,178.09,0,0.0,Low Risk
53250,0,12.0,Mobile Phone,1,9.0,Credit Card,Male,4.0,4,Mobile Phone,3,Divorced,8,1,14.0,1.0,2.0,2.0,155.57,0,0.14,Low Risk
53251,0,8.0,Mobile Phone,1,15.0,Debit Card,Female,3.0,4,Laptop & Accessory,5,Married,5,0,15.0,2.0,2.0,1.0,176.21,0,0.0,Low Risk
53252,0,26.0,Mobile Phone,3,10.0,E wallet,Male,3.0,5,Grocery,5,Divorced,3,0,15.0,2.0,2.0,17.0,293.56,0,0.01,Low Risk
53253,1,1.0,Mobile Phone,1,7.0,UPI,Male,4.0,4,Mobile Phone,2,Single,3,1,14.0,6.0,8.0,9.0,151.86,1,0.93,High Risk
53254,0,1.0,Mobile Phone,3,33.0,Credit Card,Female,3.0,4,Laptop & Accessory,2,Single,3,0,24.0,1.0,2.0,5.0,186.8,0,0.13,Low Risk
53255,0,19.0,Mobile Phone,3,9.0,COD,Male,3.0,6,Laptop & Accessory,3,Single,2,0,14.0,1.0,4.0,2.0,191.32,0,0.04,Low Risk
53256,0,1.0,Mobile Phone,1,17.0,Credit Card,Male,4.0,3,Mobile Phone,3,Single,3,0,19.0,2.0,2.0,3.0,160.05,0,0.1,Low Risk
53257,1,11.0,Computer,3,34.0,Debit Card,Female,4.0,2,Laptop & Accessory,3,Single,6,1,13.0,2.0,2.0,4.0,188.97,1,0.91,High Risk
53258,0,8.0,Mobile Phone,3,9.0,UPI,Male,3.0,4,Laptop & Accessory,2,Single,3,0,23.0,1.0,2.0,5.0,187.74,0,0.0,Low Risk
53259,1,19.0,Mobile Phone,1,9.0,Credit Card,Male,4.0,4,Others,5,Divorced,7,1,14.0,2.0,2.0,5.0,323.59,1,0.68,Medium Risk
53260,0,10.0,Computer,3,15.0,Debit Card,Male,4.0,5,Fashion,5,Single,3,0,16.0,1.0,2.0,10.0,200.87,0,0.03,Low Risk
53261,0,26.0,Computer,1,26.0,Credit Card,Male,3.0,4,Mobile Phone,2,Divorced,2,0,19.0,2.0,2.0,3.0,167.58,0,0.0,Low Risk
53262,0,1.0,Computer,1,7.0,Debit Card,Female,4.0,6,Mobile Phone,2,Married,5,0,15.0,3.0,3.0,1.0,168.64,0,0.06,Low Risk
53263,0,3.0,Mobile Phone,1,34.0,Credit Card,Female,4.0,4,Laptop & Accessory,3,Divorced,6,0,13.0,2.0,2.0,2.0,168.35,0,0.01,Low Risk
53264,1,1.0,Mobile Phone,3,15.0,COD,Male,3.0,5,Laptop & Accessory,5,Single,8,0,18.0,2.0,2.0,3.0,178.26,1,0.94,High Risk
53265,0,8.0,Mobile Phone,1,7.0,Debit Card,Female,4.0,2,Mobile Phone,2,Single,4,0,17.0,1.0,2.0,4.0,157.8,0,0.0,Low Risk
53266,0,28.0,Mobile Phone,1,26.0,Credit Card,Female,4.0,4,Laptop & Accessory,5,Married,11,1,12.0,1.0,2.0,5.0,179.85,0,0.0,Low Risk
53267,0,3.0,Computer,3,6.0,E wallet,Male,3.0,4,Laptop & Accessory,2,Divorced,2,0,20.0,1.0,2.0,2.0,168.42,0,0.03,Low Risk
53268,0,11.0,Mobile Phone,1,17.0,Debit Card,Female,3.0,4,Mobile Phone,5,Married,2,1,14.0,4.0,5.0,4.0,152.82,0,0.02,Low Risk
53269,0,12.0,Computer,1,9.0,Debit Card,Female,4.0,2,Laptop & Accessory,5,Single,8,1,13.0,5.0,5.0,13.0,184.8,0,0.03,Low Risk
53270,0,8.0,Mobile Phone,1,9.0,Credit Card,Female,3.0,5,Mobile Phone,5,Single,3,0,12.0,2.0,2.0,4.0,168.81,0,0.03,Low Risk
53271,0,9.0,Mobile Phone,3,15.0,Debit Card,Female,4.0,4,Mobile Phone,2,Divorced,3,0,17.0,1.0,2.0,3.0,150.72,0,0.0,Low Risk
53272,0,4.0,Mobile Phone,1,7.0,Debit Card,Male,3.0,6,Mobile Phone,3,Divorced,5,0,22.0,2.0,2.0,3.0,163.33,0,0.01,Low Risk
53273,0,14.0,Computer,1,9.0,Credit Card,Female,3.0,2,Laptop & Accessory,4,Divorced,3,0,25.0,1.0,4.0,8.0,167.44,0,0.02,Low Risk
53274,0,8.0,Mobile Phone,3,15.0,Debit Card,Female,4.0,4,Laptop & Accessory,5,Divorced,7,0,18.0,2.0,2.0,3.0,190.0,0,0.05,Low Risk
53275,0,16.0,Computer,1,15.0,Debit Card,Male,4.0,4,Others,2,Married,3,0,15.0,1.0,15.0,10.0,309.3,0,0.03,Low Risk
53276,1,1.0,Phone,1,13.0,Debit Card,Male,4.0,2,Mobile Phone,5,Divorced,3,1,22.0,2.0,2.0,1.0,141.01,1,0.57,Medium Risk
53277,0,1.0,Computer,1,16.0,Debit Card,Male,3.0,5,Mobile Phone,4,Married,3,0,12.0,2.0,2.0,1.0,151.94,0,0.37,Low Risk
53278,0,26.0,Mobile Phone,1,18.0,Debit Card,Female,3.0,4,Laptop & Accessory,3,Divorced,10,0,21.0,2.0,2.0,5.0,156.49,0,0.0,Low Risk
53279,0,24.0,Mobile Phone,1,9.0,Credit Card,Male,4.0,4,Grocery,3,Divorced,7,0,15.0,1.0,2.0,4.0,301.39,0,0.0,Low Risk
53280,1,1.0,Phone,1,7.0,Debit Card,Female,3.0,5,Mobile Phone,5,Divorced,3,1,12.0,1.0,2.0,1.0,148.19,1,0.85,High Risk
53281,0,7.0,Mobile Phone,1,14.0,Credit Card,Male,3.0,4,Fashion,3,Divorced,2,0,12.0,1.0,2.0,8.0,241.91000000000003,0,0.01,Low Risk
53282,1,1.0,Mobile Phone,3,23.0,E wallet,Female,4.0,4,Laptop & Accessory,5,Single,7,0,16.0,2.0,2.0,3.0,178.24,1,0.98,High Risk
53283,0,21.0,Mobile Phone,1,9.0,UPI,Female,3.0,4,Grocery,2,Divorced,3,1,15.0,4.0,4.0,1.0,292.52,0,0.02,Low Risk
53284,0,10.0,Mobile Phone,1,7.0,UPI,Female,3.0,4,Laptop & Accessory,4,Divorced,2,0,16.0,1.0,2.0,6.0,177.28,0,0.0,Low Risk
53285,0,3.0,Mobile Phone,1,30.0,Debit Card,Male,3.0,2,Mobile Phone,3,Divorced,3,0,25.0,2.0,2.0,8.0,152.0,0,0.01,Low Risk
53286,1,21.0,Mobile Phone,1,9.0,Debit Card,Male,3.0,4,Others,4,Single,9,1,15.0,6.0,14.0,9.0,317.46,0,0.41,Medium Risk
53287,0,9.0,Mobile Phone,1,7.0,Debit Card,Female,3.0,2,Mobile Phone,3,Single,5,0,14.0,1.0,3.0,3.0,150.06,0,0.0,Low Risk
53288,0,16.0,Mobile Phone,1,7.0,Debit Card,Female,3.0,5,Laptop & Accessory,2,Divorced,11,1,14.0,1.0,2.0,3.0,185.62,0,0.03,Low Risk
53289,1,1.0,Mobile Phone,1,9.0,Credit Card,Male,3.0,4,Mobile Phone,3,Single,8,0,18.0,1.0,3.0,2.0,168.82,0,0.43,Medium Risk
53290,0,10.0,Phone,2,20.0,UPI,Male,3.0,4,Mobile Phone,4,Divorced,5,0,14.0,2.0,2.0,5.0,146.43,0,0.0,Low Risk
53291,0,6.0,Mobile Phone,1,11.0,Debit Card,Female,4.0,5,Laptop & Accessory,3,Divorced,3,0,13.0,2.0,7.0,9.0,186.62,0,0.0,Low Risk
53292,0,14.0,Computer,1,23.0,Credit Card,Male,3.0,5,Laptop & Accessory,3,Single,8,0,15.0,2.0,2.0,1.0,175.94,0,0.02,Low Risk
53293,0,4.0,Mobile Phone,1,9.0,Credit Card,Female,3.0,5,Laptop & Accessory,2,Single,7,1,25.0,2.0,2.0,1.0,193.77,0,0.07,Low Risk
53294,0,19.0,Phone,1,9.0,Debit Card,Female,4.0,5,Mobile Phone,3,Single,3,0,15.0,2.0,2.0,1.0,147.74,0,0.02,Low Risk
53295,0,16.0,Mobile Phone,1,36.0,Debit Card,Male,4.0,4,Laptop & Accessory,4,Divorced,3,0,14.0,3.0,8.0,9.0,169.34,0,0.01,Low Risk
53296,0,12.0,Computer,1,19.0,Debit Card,Male,3.0,5,Laptop & Accessory,5,Married,4,0,16.0,2.0,2.0,3.0,187.88,0,0.0,Low Risk
53297,0,8.0,Computer,1,23.0,Debit Card,Female,4.0,5,Mobile Phone,2,Single,3,0,17.0,2.0,2.0,4.0,150.53,0,0.01,Low Risk
53298,1,13.0,Mobile Phone,3,18.0,E wallet,Female,3.0,4,Fashion,2,Divorced,3,0,19.0,1.0,8.0,8.0,201.54,1,0.8,High Risk
53299,1,19.0,Mobile Phone,3,9.0,Credit Card,Male,3.0,4,Laptop & Accessory,2,Single,6,0,17.0,1.0,8.0,4.0,176.6,1,0.58,Medium Risk
53300,0,17.0,Mobile Phone,1,21.0,Debit Card,Male,4.0,4,Grocery,5,Divorced,8,0,15.0,2.0,2.0,1.0,296.59,0,0.02,Low Risk
53301,0,1.0,Mobile Phone,1,12.0,Cash on Delivery,Male,3.0,5,Fashion,2,Married,3,1,17.0,1.0,2.0,9.0,253.07999999999998,0,0.04,Low Risk
53302,0,9.0,Mobile Phone,1,14.0,UPI,Male,3.0,4,Fashion,3,Single,5,0,22.0,1.0,2.0,3.0,227.21,0,0.01,Low Risk
53303,0,2.0,Mobile Phone,3,9.0,E wallet,Female,3.0,4,Laptop & Accessory,4,Divorced,3,1,21.0,8.0,8.0,6.0,172.79,0,0.04,Low Risk
53304,0,8.0,Mobile Phone,2,10.0,UPI,Male,3.0,4,Mobile Phone,2,Divorced,2,0,20.0,2.0,2.0,3.0,162.37,0,0.0,Low Risk
53305,1,1.0,Computer,1,12.0,Credit Card,Female,3.0,5,Mobile Phone,3,Divorced,3,1,15.0,1.0,2.0,8.0,148.66,0,0.48,Medium Risk
53306,0,1.0,Computer,1,10.0,Credit Card,Male,3.0,4,Mobile Phone,2,Divorced,3,0,12.0,2.0,2.0,1.0,142.06,0,0.22,Low Risk
53307,0,25.0,Mobile Phone,3,33.0,E wallet,Female,4.0,4,Grocery,3,Divorced,4,0,15.0,1.0,5.0,18.0,288.07,0,0.0,Low Risk
53308,0,18.0,Mobile Phone,1,11.0,Credit Card,Male,3.0,4,Laptop & Accessory,4,Single,11,0,13.0,2.0,3.0,4.0,184.33,0,0.01,Low Risk
53309,0,1.0,Mobile Phone,1,9.0,Credit Card,Male,4.0,2,Mobile Phone,5,Single,9,0,14.0,2.0,2.0,2.0,159.24,0,0.13,Low Risk
53310,0,7.0,Mobile Phone,3,7.0,Credit Card,Male,3.0,2,Laptop & Accessory,5,Married,3,0,23.0,1.0,2.0,9.0,165.37,0,0.0,Low Risk
53311,0,9.0,Mobile Phone,1,34.0,Credit Card,Female,3.0,5,Mobile Phone,5,Single,3,0,12.0,2.0,2.0,2.0,150.59,0,0.09,Low Risk
53312,0,10.0,Mobile Phone,3,7.0,Debit Card,Male,3.0,4,Laptop & Accessory,2,Divorced,3,1,15.0,3.0,5.0,12.0,187.01,0,0.01,Low Risk
53313,0,6.0,Mobile Phone,3,20.0,Debit Card,Male,4.0,4,Laptop & Accessory,2,Married,4,0,12.0,1.0,2.0,4.0,169.03,0,0.0,Low Risk
53314,0,4.0,Computer,1,12.0,Debit Card,Male,4.0,5,Mobile Phone,2,Married,11,0,13.0,1.0,2.0,4.0,162.61,0,0.02,Low Risk
53315,0,27.0,Mobile Phone,3,14.0,E wallet,Female,4.0,5,Fashion,2,Divorced,9,1,19.0,1.0,2.0,5.0,234.33999999999997,0,0.01,Low Risk
53316,0,19.0,Mobile Phone,3,16.0,E wallet,Male,4.0,4,Fashion,5,Married,6,1,13.0,2.0,2.0,3.0,232.61,0,0.06,Low Risk
53317,0,6.0,Mobile Phone,1,15.0,Credit Card,Female,4.0,2,Laptop & Accessory,3,Divorced,7,0,13.0,2.0,2.0,4.0,176.75,0,0.0,Low Risk
53318,0,26.0,Computer,1,32.0,Credit Card,Female,3.0,5,Grocery,2,Divorced,5,0,23.0,1.0,2.0,1.0,263.26,0,0.01,Low Risk
53319,0,11.0,Mobile Phone,3,23.0,E wallet,Male,4.0,5,Laptop & Accessory,3,Married,6,0,20.0,2.0,2.0,1.0,188.34,0,0.01,Low Risk
53320,0,2.0,Mobile Phone,2,15.0,Credit Card,Male,4.0,5,Mobile Phone,2,Married,3,0,14.0,1.0,2.0,5.0,174.36,0,0.03,Low Risk
53321,0,1.0,Mobile Phone,1,7.0,Debit Card,Male,3.0,5,Laptop & Accessory,2,Divorced,8,0,23.0,3.0,3.0,3.0,172.75,0,0.02,Low Risk
53322,0,18.0,Mobile Phone,1,15.0,Debit Card,Male,4.0,2,Mobile Phone,2,Divorced,4,1,25.0,2.0,2.0,3.0,153.18,0,0.0,Low Risk
53323,0,16.0,Computer,1,9.0,Credit Card,Male,3.0,4,Mobile Phone,2,Single,7,1,15.0,1.0,3.0,3.0,150.15,0,0.01,Low Risk
53324,0,10.0,Phone,2,15.0,Debit Card,Male,4.0,5,Mobile Phone,5,Divorced,2,0,22.0,2.0,2.0,4.0,148.42,0,0.01,Low Risk
53325,0,1.0,Mobile Phone,3,10.0,UPI,Male,4.0,4,Laptop & Accessory,5,Divorced,3,1,19.0,2.0,2.0,4.0,166.94,0,0.05,Low Risk
53326,0,9.0,Mobile Phone,1,16.0,Debit Card,Female,4.0,5,Fashion,3,Divorced,3,1,21.0,3.0,2.0,16.0,231.85000000000002,0,0.01,Low Risk
53327,1,1.0,Computer,1,32.0,Debit Card,Female,4.0,4,Mobile Phone,4,Married,3,1,20.0,1.0,8.0,9.0,145.22,1,0.91,High Risk
53328,0,6.0,Computer,1,7.0,Debit Card,Male,4.0,4,Mobile Phone,2,Married,2,0,13.0,1.0,2.0,3.0,148.14,0,0.0,Low Risk
53329,0,1.0,Mobile Phone,3,11.0,E wallet,Male,3.0,5,Laptop & Accessory,5,Divorced,3,0,13.0,2.0,2.0,4.0,167.56,0,0.09,Low Risk
53330,0,23.0,Mobile Phone,1,7.0,COD,Female,3.0,4,Mobile Phone,5,Divorced,4,0,17.0,2.0,2.0,3.0,160.8,0,0.0,Low Risk
53331,0,1.0,Computer,1,11.0,Debit Card,Male,3.0,5,Mobile Phone,2,Divorced,2,0,18.0,1.0,4.0,5.0,156.62,0,0.04,Low Risk
53332,0,6.0,Computer,3,12.0,Debit Card,Male,3.0,4,Laptop & Accessory,4,Divorced,3,0,15.0,3.0,6.0,4.0,190.24,0,0.0,Low Risk
53333,0,12.0,Mobile Phone,3,16.0,E wallet,Male,4.0,5,Mobile Phone,4,Divorced,2,0,20.0,1.0,2.0,3.0,153.99,0,0.01,Low Risk
53334,0,16.0,Mobile Phone,1,10.0,Debit Card,Female,4.0,2,Laptop & Accessory,2,Divorced,4,1,14.0,1.0,2.0,4.0,177.31,0,0.01,Low Risk
53335,0,5.0,Phone,1,18.0,Debit Card,Male,3.0,4,Mobile Phone,2,Divorced,5,1,20.0,2.0,2.0,3.0,148.56,0,0.12,Low Risk
53336,1,1.0,Mobile Phone,3,7.0,Credit Card,Female,3.0,5,Mobile Phone,3,Married,8,1,20.0,1.0,2.0,3.0,153.0,1,0.85,High Risk
53337,0,27.0,Mobile Phone,3,15.0,E wallet,Male,4.0,4,Grocery,2,Divorced,7,0,15.0,1.0,2.0,3.0,243.36,0,0.01,Low Risk
53338,0,9.0,Mobile Phone,1,32.0,Cash on Delivery,Male,4.0,5,Fashion,4,Divorced,5,0,17.0,4.0,2.0,9.0,234.02999999999997,0,0.02,Low Risk
53339,0,11.0,Computer,3,28.0,Credit Card,Female,3.0,4,Mobile Phone,2,Divorced,7,0,16.0,2.0,2.0,1.0,154.73,0,0.01,Low Risk
53340,0,27.0,Mobile Phone,1,30.0,Debit Card,Female,4.0,4,Grocery,2,Single,8,0,19.0,1.0,4.0,9.0,267.75,0,0.0,Low Risk
53341,0,17.0,Computer,1,7.0,Debit Card,Female,3.0,4,Laptop & Accessory,2,Divorced,6,0,14.0,2.0,3.0,3.0,180.62,0,0.0,Low Risk
53342,0,21.0,Mobile Phone,3,9.0,E wallet,Female,3.0,4,Laptop & Accessory,2,Divorced,2,1,23.0,6.0,8.0,8.0,170.37,0,0.0,Low Risk
53343,0,11.0,Computer,3,26.0,Credit Card,Male,3.0,4,Fashion,4,Single,3,1,14.0,1.0,2.0,10.0,201.42,0,0.03,Low Risk
53344,0,24.0,Computer,1,9.0,Debit Card,Male,4.0,4,Grocery,5,Married,3,0,15.0,14.0,15.0,8.0,304.24,0,0.0,Low Risk
53345,0,13.0,Mobile Phone,2,9.0,Debit Card,Female,3.0,5,Laptop & Accessory,2,Divorced,10,0,12.0,1.0,2.0,5.0,177.04,0,0.01,Low Risk
53346,0,7.0,Phone,2,10.0,UPI,Male,3.0,4,Mobile Phone,4,Married,5,1,12.0,1.0,2.0,4.0,147.77,0,0.07,Low Risk
53347,1,1.0,Mobile Phone,1,32.0,Debit Card,Male,3.0,4,Mobile Phone,2,Single,3,1,25.0,2.0,2.0,2.0,152.95,1,0.82,High Risk
53348,0,3.0,Mobile Phone,1,14.0,Credit Card,Female,4.0,5,Mobile Phone,2,Married,8,0,15.0,2.0,2.0,4.0,150.32,0,0.02,Low Risk
53349,0,18.0,Mobile Phone,1,16.0,Debit Card,Male,4.0,4,Mobile Phone,5,Divorced,3,1,14.0,3.0,8.0,2.0,150.59,0,0.1,Low Risk
53350,0,2.0,Mobile Phone,3,12.0,Credit Card,Male,4.0,4,Laptop & Accessory,2,Single,3,0,15.0,2.0,2.0,3.0,174.08,0,0.0,Low Risk
53351,1,21.0,Computer,1,9.0,Debit Card,Male,3.0,5,Mobile Phone,2,Married,11,1,15.0,1.0,2.0,1.0,148.8,1,0.92,High Risk
53352,0,17.0,Mobile Phone,1,15.0,Debit Card,Female,3.0,4,Laptop & Accessory,4,Married,6,0,22.0,2.0,2.0,1.0,172.65,0,0.0,Low Risk
53353,1,1.0,Phone,3,9.0,Credit Card,Female,3.0,5,Mobile Phone,3,Single,3,0,14.0,1.0,2.0,3.0,145.44,1,0.89,High Risk
53354,1,1.0,Mobile Phone,1,25.0,UPI,Female,4.0,4,Mobile Phone,2,Single,3,0,20.0,2.0,2.0,1.0,151.93,1,0.89,High Risk
53355,0,10.0,Mobile Phone,1,21.0,Debit Card,Male,4.0,4,Laptop & Accessory,2,Divorced,2,1,18.0,5.0,5.0,12.0,190.86,0,0.03,Low Risk
53356,0,21.0,Mobile Phone,3,9.0,Debit Card,Female,4.0,5,Mobile Phone,2,Single,3,1,19.0,2.0,2.0,3.0,157.94,0,0.02,Low Risk
53357,1,1.0,Mobile Phone,1,10.0,Debit Card,Female,3.0,4,Laptop & Accessory,3,Divorced,2,1,20.0,2.0,2.0,3.0,166.71,1,0.91,High Risk
53358,1,5.0,Mobile Phone,1,9.0,Debit Card,Female,3.0,6,Mobile Phone,2,Married,6,1,14.0,1.0,2.0,1.0,152.78,1,0.92,High Risk
53359,0,2.0,Phone,1,16.0,Credit Card,Female,4.0,4,Mobile Phone,3,Married,7,0,19.0,3.0,3.0,3.0,148.77,0,0.04,Low Risk
53360,1,3.0,Phone,1,13.0,Credit Card,Male,4.0,4,Mobile Phone,5,Divorced,9,1,22.0,2.0,3.0,3.0,149.04,1,0.92,High Risk
53361,0,1.0,Phone,1,11.0,Debit Card,Female,4.0,4,Mobile Phone,3,Single,3,0,20.0,2.0,2.0,1.0,148.18,0,0.08,Low Risk
53362,0,8.0,Phone,1,17.0,Debit Card,Male,3.0,4,Mobile Phone,4,Married,3,0,15.0,2.0,2.0,1.0,145.08,0,0.02,Low Risk
53363,0,16.0,Mobile Phone,3,21.0,Credit Card,Female,4.0,5,Laptop & Accessory,3,Single,9,0,18.0,1.0,2.0,4.0,187.44,0,0.04,Low Risk
53364,0,7.0,Mobile Phone,1,7.0,UPI,Male,4.0,5,Mobile Phone,5,Single,5,1,12.0,1.0,2.0,3.0,152.99,0,0.18,Low Risk
53365,0,31.0,Mobile Phone,1,12.0,Cash on Delivery,Female,3.0,5,Fashion,4,Married,4,1,14.0,2.0,2.0,3.0,230.52,0,0.0,Low Risk
53366,0,5.0,Phone,3,14.0,Debit Card,Male,3.0,5,Mobile Phone,3,Divorced,5,0,16.0,4.0,6.0,3.0,148.29,0,0.03,Low Risk
53367,0,9.0,Mobile Phone,1,28.0,Debit Card,Female,3.0,4,Laptop & Accessory,2,Divorced,3,1,26.0,1.0,2.0,8.0,165.14,0,0.0,Low Risk
53368,0,23.0,Mobile Phone,1,15.0,UPI,Female,3.0,4,Fashion,4,Divorced,6,0,12.0,1.0,2.0,8.0,199.03,0,0.01,Low Risk
53369,0,22.0,Phone,1,27.0,Credit Card,Male,3.0,4,Mobile Phone,3,Divorced,6,0,18.0,1.0,2.0,1.0,147.59,0,0.01,Low Risk
53370,0,5.0,Computer,3,27.0,E wallet,Female,3.0,4,Laptop & Accessory,3,Divorced,3,0,14.0,2.0,2.0,1.0,194.32,0,0.02,Low Risk
53371,0,10.0,Mobile Phone,1,14.0,UPI,Male,4.0,4,Mobile Phone,2,Single,4,0,19.0,1.0,2.0,2.0,171.78,0,0.01,Low Risk
53372,0,12.0,Mobile Phone,1,7.0,Cash on Delivery,Female,4.0,4,Fashion,5,Divorced,3,0,14.0,4.0,6.0,12.0,260.82,0,0.0,Low Risk
53373,0,6.0,Computer,1,7.0,Debit Card,Female,4.0,5,Mobile Phone,4,Divorced,8,0,21.0,2.0,2.0,3.0,148.32,0,0.01,Low Risk
53374,1,1.0,Phone,3,26.0,E wallet,Male,3.0,5,Mobile Phone,4,Divorced,3,1,19.0,1.0,2.0,1.0,149.13,1,0.94,High Risk
53375,0,14.0,Mobile Phone,3,17.0,E wallet,Male,4.0,5,Fashion,4,Married,4,0,13.0,2.0,2.0,3.0,222.05,0,0.01,Low Risk
53376,0,1.0,Computer,3,7.0,Credit Card,Male,3.0,5,Laptop & Accessory,5,Single,3,0,13.0,2.0,2.0,8.0,167.94,0,0.05,Low Risk
53377,0,15.0,Mobile Phone,1,13.0,Credit Card,Male,3.0,4,Mobile Phone,5,Single,4,1,14.0,2.0,3.0,18.0,172.21,0,0.03,Low Risk
53378,0,10.0,Mobile Phone,1,9.0,Credit Card,Male,4.0,4,Mobile Phone,3,Single,6,0,22.0,3.0,4.0,10.0,150.19,0,0.07,Low Risk
53379,1,1.0,Phone,3,28.0,UPI,Male,3.0,5,Mobile Phone,4,Single,3,1,14.0,1.0,2.0,1.0,146.21,1,0.99,High Risk
53380,1,1.0,Mobile Phone,1,11.0,COD,Male,3.0,4,Mobile Phone,5,Single,3,0,20.0,2.0,2.0,1.0,154.73,1,0.9,High Risk
53381,0,5.0,Mobile Phone,1,19.0,Credit Card,Female,3.0,4,Laptop & Accessory,2,Divorced,2,1,12.0,1.0,9.0,6.0,183.55,0,0.07,Low Risk
53382,0,14.0,Computer,1,16.0,Credit Card,Male,3.0,4,Mobile Phone,4,Married,10,1,15.0,1.0,2.0,1.0,161.17,0,0.09,Low Risk
53383,0,6.0,Mobile Phone,1,10.0,Credit Card,Female,4.0,4,Laptop & Accessory,5,Divorced,3,0,13.0,7.0,7.0,4.0,192.25,0,0.01,Low Risk
53384,1,1.0,Mobile Phone,3,10.0,Debit Card,Male,3.0,5,Fashion,2,Divorced,3,1,12.0,4.0,4.0,3.0,228.25,1,0.81,High Risk
53385,0,7.0,Mobile Phone,1,7.0,Debit Card,Female,3.0,5,Laptop & Accessory,2,Single,2,0,15.0,1.0,2.0,5.0,194.49,0,0.0,Low Risk
53386,1,1.0,Mobile Phone,3,7.0,Debit Card,Male,3.0,5,Fashion,3,Divorced,7,0,12.0,2.0,12.0,3.0,231.08999999999997,1,0.96,High Risk
53387,0,19.0,Computer,1,11.0,Debit Card,Male,3.0,4,Laptop & Accessory,4,Divorced,3,0,13.0,2.0,2.0,9.0,169.47,0,0.0,Low Risk
53388,0,3.0,Computer,3,27.0,COD,Female,3.0,4,Mobile Phone,2,Divorced,3,0,16.0,1.0,2.0,3.0,146.57,0,0.02,Low Risk
53389,0,9.0,Mobile Phone,3,25.0,Credit Card,Female,3.0,4,Laptop & Accessory,3,Divorced,3,0,17.0,2.0,2.0,1.0,171.01,0,0.01,Low Risk
53390,0,26.0,Mobile Phone,1,7.0,Debit Card,Male,4.0,4,Grocery,2,Divorced,4,0,15.0,8.0,8.0,9.0,295.99,0,0.02,Low Risk
53391,1,21.0,Mobile Phone,1,9.0,COD,Male,3.0,4,Mobile Phone,3,Single,6,0,25.0,2.0,2.0,1.0,149.79,1,0.87,High Risk
53392,0,27.0,Mobile Phone,3,9.0,Credit Card,Male,3.0,4,Grocery,3,Married,8,0,14.0,1.0,16.0,3.0,273.52,0,0.02,Low Risk
53393,0,4.0,Mobile Phone,3,15.0,UPI,Male,4.0,4,Fashion,3,Married,7,0,12.0,5.0,8.0,8.0,197.64,0,0.07,Low Risk
53394,0,12.0,Computer,3,17.0,COD,Female,3.0,4,Laptop & Accessory,2,Single,3,1,14.0,1.0,2.0,4.0,181.66,0,0.05,Low Risk
53395,0,9.0,Mobile Phone,3,10.0,Debit Card,Male,4.0,4,Fashion,2,Married,8,0,14.0,1.0,2.0,9.0,203.23,0,0.03,Low Risk
53396,0,13.0,Mobile Phone,3,9.0,Debit Card,Male,3.0,2,Fashion,3,Single,2,0,19.0,2.0,2.0,8.0,203.8,0,0.01,Low Risk
53397,1,4.0,Computer,3,31.0,Debit Card,Female,4.0,2,Grocery,4,Single,6,1,17.0,2.0,2.0,1.0,256.94,1,0.89,High Risk
53398,0,21.0,Computer,1,23.0,Credit Card,Male,4.0,2,Laptop & Accessory,3,Married,3,1,20.0,1.0,3.0,8.0,175.67,0,0.0,Low Risk
53399,0,10.0,Computer,3,15.0,COD,Male,3.0,4,Laptop & Accessory,2,Married,6,0,14.0,2.0,2.0,8.0,175.79,0,0.04,Low Risk
53400,1,1.0,Computer,1,16.0,Credit Card,Male,3.0,5,Mobile Phone,5,Single,2,1,23.0,2.0,2.0,3.0,148.21,1,0.97,High Risk
53401,0,7.0,Computer,3,24.0,Debit Card,Male,3.0,4,Grocery,3,Single,3,0,15.0,6.0,7.0,1.0,299.44,0,0.06,Low Risk
53402,1,1.0,Phone,1,17.0,Debit Card,Female,4.0,5,Mobile Phone,5,Single,8,1,21.0,2.0,2.0,1.0,149.04,1,0.98,High Risk
53403,0,7.0,Mobile Phone,1,20.0,Debit Card,Female,3.0,4,Mobile Phone,2,Single,5,0,19.0,2.0,2.0,3.0,159.52,0,0.0,Low Risk
53404,0,19.0,Phone,1,7.0,Credit Card,Female,4.0,4,Mobile Phone,2,Married,5,0,15.0,1.0,2.0,3.0,147.7,0,0.0,Low Risk
53405,0,24.0,Mobile Phone,1,7.0,Credit Card,Male,4.0,4,Grocery,2,Married,11,0,15.0,1.0,2.0,4.0,298.99,0,0.0,Low Risk
53406,0,7.0,Computer,1,7.0,UPI,Female,3.0,2,Laptop & Accessory,4,Divorced,3,1,14.0,1.0,2.0,3.0,179.88,0,0.01,Low Risk
53407,0,15.0,Computer,1,16.0,Credit Card,Male,4.0,4,Others,3,Married,4,0,15.0,2.0,2.0,12.0,319.19,0,0.0,Low Risk
53408,0,1.0,Mobile Phone,1,23.0,COD,Female,3.0,4,Mobile Phone,4,Divorced,11,0,15.0,3.0,3.0,3.0,153.11,0,0.06,Low Risk
53409,0,19.0,Computer,1,30.0,Debit Card,Male,3.0,4,Laptop & Accessory,5,Divorced,3,1,16.0,2.0,2.0,9.0,161.33,0,0.03,Low Risk
53410,0,21.0,Mobile Phone,3,11.0,Debit Card,Female,3.0,4,Laptop & Accessory,2,Single,3,1,18.0,2.0,2.0,8.0,166.63,0,0.02,Low Risk
53411,1,1.0,Phone,1,29.0,Debit Card,Female,3.0,4,Mobile Phone,3,Divorced,6,1,12.0,1.0,2.0,2.0,146.32,1,0.98,High Risk
53412,0,24.0,Mobile Phone,1,31.0,Debit Card,Male,4.0,4,Grocery,3,Divorced,5,1,19.0,1.0,2.0,6.0,264.73,0,0.0,Low Risk
53413,0,12.0,Computer,1,17.0,Credit Card,Male,4.0,4,Mobile Phone,3,Divorced,2,0,18.0,1.0,2.0,3.0,151.84,0,0.0,Low Risk
53414,0,20.0,Mobile Phone,1,14.0,Credit Card,Male,4.0,4,Fashion,3,Married,8,0,14.0,1.0,2.0,8.0,233.45,0,0.01,Low Risk
53415,0,1.0,Mobile Phone,1,24.0,Credit Card,Female,3.0,5,Laptop & Accessory,3,Married,3,0,16.0,3.0,4.0,3.0,168.77,0,0.21,Low Risk
53416,1,1.0,Mobile Phone,1,21.0,UPI,Male,3.0,5,Mobile Phone,4,Married,3,1,25.0,2.0,2.0,3.0,162.43,1,0.97,High Risk
53417,0,5.0,Computer,1,7.0,Debit Card,Female,4.0,4,Laptop & Accessory,5,Divorced,3,0,13.0,2.0,2.0,4.0,166.48,0,0.0,Low Risk
53418,0,1.0,Computer,1,12.0,Debit Card,Male,4.0,4,Mobile,2,Single,3,0,16.0,2.0,2.0,1.0,135.51,0,0.1,Low Risk
53419,0,28.0,Mobile Phone,1,24.0,Cash on Delivery,Female,3.0,4,Fashion,3,Divorced,10,0,12.0,2.0,2.0,9.0,232.39,0,0.0,Low Risk
53420,0,9.0,Mobile Phone,1,32.0,Credit Card,Female,3.0,4,Fashion,3,Married,3,1,12.0,3.0,11.0,3.0,228.88,0,0.05,Low Risk
53421,0,4.0,Mobile Phone,1,15.0,Debit Card,Female,4.0,2,Fashion,5,Divorced,2,1,13.0,1.0,2.0,8.0,239.16000000000003,0,0.0,Low Risk
53422,1,1.0,Mobile Phone,1,18.0,Credit Card,Female,4.0,5,Mobile Phone,5,Single,3,1,16.0,1.0,2.0,1.0,151.0,1,0.98,High Risk
53423,1,1.0,Computer,1,12.0,Credit Card,Female,3.0,4,Mobile Phone,4,Single,2,0,18.0,1.0,2.0,3.0,149.22,1,0.84,High Risk
53424,0,1.0,Mobile Phone,1,9.0,Credit Card,Male,3.0,2,Laptop & Accessory,2,Divorced,3,0,13.0,2.0,2.0,4.0,179.72,0,0.04,Low Risk
53425,0,1.0,Phone,1,15.0,Debit Card,Male,4.0,6,Mobile Phone,5,Divorced,3,0,16.0,2.0,2.0,2.0,149.51,0,0.15,Low Risk
53426,0,22.0,Mobile Phone,1,13.0,Debit Card,Male,4.0,5,Laptop & Accessory,3,Single,4,0,14.0,1.0,3.0,3.0,167.4,0,0.0,Low Risk
53427,0,22.0,Mobile Phone,1,11.0,Debit Card,Male,4.0,5,Fashion,3,Single,9,0,15.0,2.0,2.0,9.0,234.99,0,0.01,Low Risk
53428,0,15.0,Mobile Phone,1,14.0,Credit Card,Female,3.0,4,Laptop & Accessory,3,Single,8,0,15.0,2.0,3.0,2.0,175.03,0,0.0,Low Risk
53429,0,13.0,Mobile Phone,1,7.0,Debit Card,Female,4.0,5,Grocery,2,Divorced,3,0,17.0,1.0,2.0,9.0,252.42000000000002,0,0.03,Low Risk
53430,0,1.0,Mobile Phone,1,9.0,Debit Card,Female,3.0,4,Laptop & Accessory,2,Divorced,2,0,19.0,1.0,3.0,3.0,167.27,0,0.02,Low Risk
53431,0,9.0,Mobile Phone,1,17.0,UPI,Male,3.0,4,Mobile Phone,2,Married,3,0,21.0,2.0,2.0,3.0,164.17,0,0.0,Low Risk
53432,0,16.0,Mobile Phone,3,12.0,E wallet,Male,3.0,4,Others,3,Divorced,8,0,15.0,1.0,2.0,1.0,308.03,0,0.0,Low Risk
53433,0,24.0,Phone,1,16.0,Debit Card,Male,4.0,4,Mobile Phone,2,Divorced,6,0,19.0,2.0,2.0,1.0,148.8,0,0.02,Low Risk
53434,0,31.0,Mobile Phone,1,9.0,Debit Card,Female,4.0,5,Grocery,2,Single,5,1,14.0,1.0,5.0,4.0,262.26,0,0.02,Low Risk
53435,1,1.0,Mobile Phone,1,18.0,Credit Card,Female,4.0,6,Laptop & Accessory,4,Divorced,7,0,16.0,2.0,2.0,1.0,172.77,1,0.95,High Risk
53436,0,29.0,Computer,1,25.0,Credit Card,Male,4.0,4,Laptop & Accessory,4,Divorced,5,1,15.0,7.0,7.0,8.0,188.85,0,0.07,Low Risk
53437,0,15.0,Computer,1,14.0,Debit Card,Female,3.0,6,Others,3,Married,3,0,23.0,2.0,6.0,11.0,324.73,0,0.04,Low Risk
53438,0,12.0,Mobile Phone,3,10.0,Debit Card,Male,3.0,4,Laptop & Accessory,2,Single,10,1,13.0,2.0,2.0,1.0,193.61,0,0.08,Low Risk
53439,1,1.0,Computer,3,36.0,Credit Card,Male,4.0,6,Laptop & Accessory,5,Single,10,0,19.0,1.0,3.0,3.0,174.69,1,0.98,High Risk
53440,1,16.0,Mobile Phone,3,9.0,E wallet,Female,3.0,6,Others,2,Divorced,3,0,16.0,6.0,7.0,10.0,323.45,1,0.7,High Risk
53441,0,18.0,Mobile Phone,3,35.0,Credit Card,Female,3.0,2,Grocery,2,Divorced,5,1,19.0,2.0,2.0,12.0,258.2,0,0.02,Low Risk
53442,0,24.0,Computer,3,7.0,Debit Card,Female,4.0,4,Laptop & Accessory,3,Divorced,2,0,13.0,2.0,2.0,14.0,188.47,0,0.02,Low Risk
53443,1,1.0,Mobile Phone,1,23.0,Debit Card,Female,3.0,2,Mobile Phone,5,Single,3,0,17.0,16.0,16.0,15.0,152.43,1,0.82,High Risk
53444,0,13.0,Computer,1,29.0,Credit Card,Female,3.0,4,Fashion,5,Single,3,1,14.0,2.0,2.0,9.0,233.8,0,0.04,Low Risk
53445,0,7.0,Computer,3,15.0,Debit Card,Female,3.0,5,Mobile Phone,2,Single,2,0,20.0,3.0,3.0,3.0,148.42,0,0.05,Low Risk
53446,0,19.0,Mobile Phone,3,18.0,Debit Card,Female,3.0,4,Grocery,2,Divorced,5,0,15.0,2.0,2.0,2.0,301.5,0,0.01,Low Risk
53447,0,6.0,Computer,1,36.0,Credit Card,Female,4.0,4,Mobile Phone,3,Single,11,0,13.0,6.0,8.0,8.0,165.25,0,0.03,Low Risk
53448,0,8.0,Mobile Phone,3,7.0,E wallet,Male,4.0,2,Laptop & Accessory,2,Married,2,0,12.0,2.0,2.0,3.0,222.25,0,0.05,Low Risk
53449,0,31.0,Mobile Phone,3,7.0,Cash on Delivery,Male,4.0,4,Fashion,2,Divorced,5,1,15.0,1.0,2.0,5.0,244.04000000000002,0,0.06,Low Risk
53450,0,19.0,Phone,2,31.0,Credit Card,Male,3.0,4,Mobile Phone,4,Single,3,0,17.0,1.0,2.0,5.0,146.77,0,0.03,Low Risk
53451,0,27.0,Computer,3,9.0,E wallet,Female,3.0,5,Fashion,4,Divorced,4,0,13.0,1.0,7.0,13.0,200.25,0,0.03,Low Risk
53452,1,1.0,Mobile Phone,1,22.0,UPI,Male,3.0,4,Laptop & Accessory,3,Married,9,0,15.0,1.0,2.0,1.0,173.34,1,0.94,High Risk
53453,1,1.0,Computer,1,9.0,Debit Card,Male,3.0,4,Mobile Phone,5,Divorced,8,1,15.0,2.0,2.0,3.0,145.42,1,0.92,High Risk
53454,0,8.0,Phone,3,17.0,Debit Card,Female,3.0,4,Mobile Phone,3,Divorced,3,1,20.0,1.0,2.0,1.0,147.2,0,0.08,Low Risk
53455,0,2.0,Phone,3,17.0,Credit Card,Male,4.0,4,Mobile Phone,4,Divorced,3,0,23.0,2.0,2.0,1.0,135.52,0,0.0,Low Risk
53456,0,12.0,Computer,1,10.0,UPI,Male,3.0,4,Mobile Phone,3,Divorced,5,0,17.0,3.0,3.0,3.0,153.21,0,0.01,Low Risk
53457,0,24.0,Mobile Phone,1,9.0,Credit Card,Male,4.0,4,Others,3,Divorced,4,1,15.0,8.0,8.0,8.0,317.37,0,0.02,Low Risk
53458,0,11.0,Mobile Phone,1,10.0,UPI,Female,3.0,4,Laptop & Accessory,4,Single,5,0,16.0,2.0,2.0,2.0,166.07,0,0.0,Low Risk
53459,0,14.0,Mobile Phone,3,33.0,E wallet,Male,4.0,4,Laptop & Accessory,5,Divorced,3,0,15.0,6.0,8.0,6.0,208.96,0,0.05,Low Risk
53460,0,1.0,Computer,1,7.0,Credit Card,Female,4.0,5,Mobile Phone,3,Married,3,0,14.0,2.0,2.0,4.0,145.07,0,0.05,Low Risk
53461,0,20.0,Mobile Phone,1,7.0,Credit Card,Male,3.0,4,Others,2,Married,11,0,15.0,2.0,3.0,3.0,321.27,0,0.0,Low Risk
53462,0,28.0,Mobile Phone,3,9.0,Debit Card,Female,3.0,5,Fashion,3,Divorced,8,0,12.0,7.0,2.0,1.0,231.86,0,0.01,Low Risk
53463,0,30.0,Computer,1,16.0,Credit Card,Female,4.0,4,Mobile Phone,3,Divorced,4,0,20.0,1.0,2.0,4.0,154.42,0,0.0,Low Risk
53464,0,10.0,Mobile Phone,1,19.0,Credit Card,Female,3.0,5,Fashion,2,Single,2,0,12.0,6.0,8.0,3.0,213.58,0,0.08,Low Risk
53465,0,29.0,Computer,1,9.0,Credit Card,Male,3.0,5,Grocery,5,Single,9,0,15.0,4.0,7.0,3.0,292.56,0,0.0,Low Risk
53466,0,17.0,Mobile Phone,3,32.0,Credit Card,Male,4.0,5,Fashion,2,Married,7,0,14.0,2.0,2.0,1.0,259.0,0,0.01,Low Risk
53467,1,1.0,Computer,3,16.0,E wallet,Female,3.0,4,Mobile Phone,2,Single,3,1,15.0,1.0,2.0,3.0,148.23,1,0.96,High Risk
53468,1,1.0,Phone,1,17.0,Debit Card,Female,3.0,5,Mobile Phone,5,Single,3,0,14.0,2.0,2.0,1.0,139.16,1,0.9,High Risk
53469,0,20.0,Mobile Phone,1,15.0,Debit Card,Female,4.0,5,Laptop & Accessory,5,Married,10,1,24.0,2.0,2.0,8.0,171.15,0,0.05,Low Risk
53470,1,15.0,Mobile Phone,1,11.0,Debit Card,Male,3.0,4,Mobile Phone,3,Divorced,11,1,13.0,2.0,3.0,8.0,149.61,1,0.75,High Risk
53471,1,1.0,Computer,1,31.0,Cash on Delivery,Male,4.0,5,Fashion,5,Single,3,0,13.0,1.0,2.0,3.0,212.22,1,0.94,High Risk
53472,0,1.0,Mobile Phone,1,7.0,Credit Card,Male,3.0,5,Mobile Phone,5,Divorced,3,0,17.0,1.0,2.0,4.0,164.55,0,0.02,Low Risk
53473,0,4.0,Mobile Phone,1,27.0,UPI,Male,3.0,4,Laptop & Accessory,5,Divorced,2,0,16.0,2.0,2.0,3.0,224.57,0,0.02,Low Risk
53474,0,15.0,Mobile Phone,1,14.0,COD,Female,3.0,2,Mobile Phone,3,Divorced,3,0,14.0,2.0,2.0,9.0,158.76,0,0.03,Low Risk
53475,0,12.0,Mobile Phone,1,24.0,Debit Card,Female,4.0,5,Fashion,3,Divorced,2,0,19.0,1.0,2.0,3.0,213.23,0,0.01,Low Risk
53476,0,14.0,Mobile Phone,1,27.0,Cash on Delivery,Male,4.0,4,Fashion,2,Divorced,6,0,21.0,5.0,12.0,3.0,228.22,0,0.02,Low Risk
53477,0,1.0,Computer,1,15.0,Debit Card,Male,3.0,6,Mobile Phone,3,Divorced,3,0,20.0,2.0,2.0,3.0,171.21,0,0.06,Low Risk
53478,0,29.0,Computer,1,9.0,Debit Card,Male,4.0,4,Fashion,4,Divorced,5,0,19.0,2.0,2.0,3.0,234.76,0,0.0,Low Risk
53479,0,2.0,Mobile Phone,1,17.0,UPI,Female,3.0,4,Laptop & Accessory,3,Single,5,0,14.0,2.0,2.0,8.0,161.6,0,0.0,Low Risk
53480,1,8.0,Mobile Phone,2,7.0,Credit Card,Male,4.0,5,Fashion,5,Divorced,11,0,15.0,3.0,4.0,3.0,229.82,1,0.89,High Risk
53481,0,7.0,Mobile Phone,1,12.0,Debit Card,Male,3.0,5,Fashion,2,Married,6,0,16.0,1.0,2.0,3.0,196.19,0,0.0,Low Risk
53482,1,1.0,Mobile Phone,3,11.0,Cash on Delivery,Male,3.0,4,Fashion,5,Single,2,1,23.0,4.0,5.0,3.0,220.82,1,0.97,High Risk
53483,1,1.0,Computer,1,36.0,Credit Card,Female,3.0,5,Laptop & Accessory,3,Single,3,0,23.0,4.0,4.0,9.0,170.08,1,0.85,High Risk
53484,0,2.0,Phone,1,22.0,Debit Card,Male,3.0,4,Mobile Phone,3,Married,3,0,17.0,3.0,3.0,3.0,147.07,0,0.0,Low Risk
53485,0,8.0,Computer,1,10.0,Debit Card,Male,3.0,4,Laptop & Accessory,2,Single,2,0,18.0,2.0,2.0,5.0,202.56,0,0.02,Low Risk
53486,0,11.0,Mobile Phone,3,17.0,Debit Card,Female,3.0,5,Laptop & Accessory,2,Married,4,1,15.0,1.0,2.0,1.0,191.94,0,0.02,Low Risk
53487,1,1.0,Mobile Phone,1,11.0,COD,Male,3.0,4,Mobile Phone,2,Divorced,3,1,16.0,6.0,6.0,7.0,161.91,1,0.72,High Risk
53488,1,1.0,Phone,1,28.0,Credit Card,Male,3.0,4,Mobile Phone,3,Married,3,0,21.0,2.0,2.0,1.0,148.77,1,0.85,High Risk
53489,1,1.0,Phone,1,32.0,Credit Card,Male,3.0,5,Mobile Phone,4,Single,6,1,21.0,1.0,3.0,3.0,148.13,1,0.97,High Risk
53490,0,16.0,Mobile Phone,1,9.0,Credit Card,Male,3.0,4,Grocery,5,Divorced,2,0,15.0,6.0,14.0,8.0,301.65,0,0.02,Low Risk
53491,1,1.0,Computer,1,5.0,Credit Card,Male,3.0,5,Mobile Phone,4,Married,3,0,16.0,1.0,2.0,1.0,150.96,1,0.77,High Risk
53492,1,14.0,Computer,3,7.0,UPI,Male,3.0,4,Laptop & Accessory,3,Single,5,1,15.0,1.0,2.0,1.0,172.28,1,0.79,High Risk
53493,0,7.0,Computer,3,14.0,Debit Card,Female,2.0,4,Laptop & Accessory,4,Divorced,2,0,18.0,2.0,2.0,3.0,168.02,0,0.0,Low Risk
53494,0,8.0,Computer,1,10.0,Debit Card,Male,3.0,5,Mobile Phone,2,Divorced,5,0,18.0,2.0,2.0,1.0,154.79,0,0.02,Low Risk
53495,0,22.0,Computer,1,7.0,Credit Card,Male,3.0,2,Grocery,2,Single,4,0,15.0,1.0,3.0,2.0,293.85,0,0.01,Low Risk
53496,0,19.0,Computer,3,16.0,Debit Card,Female,4.0,5,Laptop & Accessory,3,Divorced,3,0,14.0,1.0,5.0,13.0,180.93,0,0.01,Low Risk
53497,0,26.0,Mobile Phone,1,14.0,Debit Card,Male,3.0,4,Fashion,4,Single,9,0,20.0,4.0,5.0,3.0,229.45,0,0.03,Low Risk
53498,0,12.0,Mobile Phone,3,17.0,E wallet,Male,4.0,5,Fashion,3,Married,2,1,15.0,3.0,3.0,3.0,212.4,0,0.0,Low Risk
53499,0,3.0,Mobile Phone,1,35.0,Debit Card,Female,4.0,4,Mobile Phone,2,Married,6,0,23.0,1.0,2.0,8.0,150.14,0,0.02,Low Risk
53500,0,2.0,Mobile Phone,1,10.0,Credit Card,Female,4.0,4,Fashion,4,Married,2,0,18.0,1.0,2.0,8.0,201.55,0,0.02,Low Risk
53501,0,20.0,Mobile Phone,3,10.0,E wallet,Male,3.0,4,Grocery,3,Divorced,5,0,15.0,2.0,5.0,10.0,299.65,0,0.02,Low Risk
53502,0,12.0,Mobile Phone,3,9.0,E wallet,Male,3.0,4,Fashion,4,Single,9,0,17.0,2.0,2.0,1.0,198.51,0,0.11,Low Risk
53503,0,17.0,Computer,1,34.0,Debit Card,Female,3.0,4,Fashion,5,Divorced,10,0,12.0,1.0,2.0,2.0,233.2,0,0.02,Low Risk
53504,1,3.0,Computer,1,9.0,Debit Card,Male,3.0,4,Grocery,2,Married,9,0,12.0,8.0,2.0,6.0,246.69,1,0.87,High Risk
53505,0,14.0,Mobile Phone,1,21.0,Credit Card,Male,3.0,5,Others,3,Single,3,0,15.0,5.0,5.0,10.0,321.26,0,0.0,Low Risk
53506,0,1.0,Phone,1,7.0,COD,Female,4.0,5,Mobile Phone,4,Single,3,1,12.0,1.0,3.0,3.0,145.7,0,0.15,Low Risk
53507,0,13.0,Computer,1,16.0,Debit Card,Male,4.0,4,Laptop & Accessory,4,Single,22,0,16.0,2.0,2.0,4.0,192.82,0,0.0,Low Risk
53508,0,10.0,Computer,1,25.0,Debit Card,Male,4.0,4,Laptop & Accessory,2,Single,4,0,21.0,2.0,2.0,10.0,202.79,0,0.02,Low Risk
53509,0,5.0,Computer,3,27.0,Debit Card,Male,4.0,2,Mobile Phone,2,Divorced,2,0,13.0,2.0,3.0,3.0,152.91,0,0.0,Low Risk
53510,0,2.0,Mobile Phone,1,9.0,Debit Card,Male,4.0,5,Mobile Phone,4,Divorced,2,0,18.0,1.0,2.0,5.0,157.01,0,0.01,Low Risk
53511,0,9.0,Computer,3,18.0,E wallet,Male,3.0,4,Laptop & Accessory,2,Married,3,0,12.0,1.0,2.0,3.0,174.68,0,0.02,Low Risk
53512,0,23.0,Mobile Phone,3,15.0,Cash on Delivery,Male,3.0,5,Grocery,4,Divorced,8,0,18.0,2.0,2.0,4.0,256.2,0,0.03,Low Risk
53513,0,8.0,Computer,1,9.0,Debit Card,Male,4.0,4,Laptop & Accessory,3,Single,4,0,12.0,2.0,2.0,3.0,165.33,0,0.0,Low Risk
53514,0,3.0,Computer,1,17.0,Debit Card,Female,4.0,4,Mobile Phone,4,Married,2,0,15.0,2.0,2.0,2.0,157.91,0,0.01,Low Risk
53515,0,16.0,Mobile Phone,1,36.0,Credit Card,Male,3.0,6,Laptop & Accessory,2,Single,6,0,20.0,2.0,2.0,1.0,167.72,0,0.01,Low Risk
53516,0,3.0,Mobile Phone,1,15.0,Credit Card,Male,4.0,5,Laptop & Accessory,2,Divorced,3,1,14.0,1.0,2.0,3.0,175.56,0,0.0,Low Risk
53517,0,12.0,Mobile Phone,2,7.0,UPI,Male,3.0,2,Mobile Phone,3,Divorced,3,0,14.0,2.0,6.0,1.0,153.44,0,0.0,Low Risk
53518,0,5.0,Computer,1,13.0,Debit Card,Male,3.0,5,Mobile Phone,3,Married,3,1,15.0,2.0,2.0,3.0,152.03,0,0.07,Low Risk
53519,1,1.0,Computer,1,15.0,Credit Card,Male,4.0,4,Mobile Phone,3,Single,3,0,13.0,1.0,2.0,1.0,144.04,1,0.87,High Risk
53520,1,1.0,Mobile Phone,3,16.0,E wallet,Female,4.0,4,Laptop & Accessory,5,Single,2,1,18.0,1.0,2.0,4.0,207.24,1,0.92,High Risk
53521,0,15.0,Mobile Phone,1,19.0,Debit Card,Male,3.0,4,Mobile Phone,2,Divorced,5,1,12.0,2.0,2.0,1.0,172.66,0,0.04,Low Risk
53522,1,1.0,Computer,1,22.0,Credit Card,Male,4.0,4,Mobile Phone,3,Divorced,3,0,13.0,3.0,3.0,3.0,151.1,1,0.91,High Risk
53523,0,11.0,Mobile Phone,1,32.0,Credit Card,Female,3.0,5,Laptop & Accessory,2,Married,9,0,14.0,1.0,2.0,4.0,182.31,0,0.0,Low Risk
53524,0,1.0,Mobile Phone,1,13.0,Debit Card,Male,3.0,5,Mobile Phone,3,Divorced,3,0,14.0,3.0,3.0,3.0,150.39,0,0.09,Low Risk
53525,0,8.0,Mobile Phone,3,16.0,Debit Card,Female,4.0,4,Laptop & Accessory,3,Divorced,3,0,21.0,2.0,2.0,4.0,182.14,0,0.0,Low Risk
53526,0,9.0,Mobile Phone,2,15.0,COD,Male,4.0,4,Mobile Phone,3,Single,3,0,18.0,1.0,2.0,5.0,168.23,0,0.0,Low Risk
53527,1,1.0,Mobile Phone,3,30.0,Debit Card,Female,3.0,5,Fashion,5,Divorced,3,0,14.0,1.0,4.0,11.0,198.36,1,0.82,High Risk
53528,0,14.0,Computer,1,16.0,Credit Card,Female,3.0,4,Fashion,3,Single,11,0,18.0,1.0,2.0,14.0,259.99,0,0.01,Low Risk
53529,1,6.0,Computer,3,19.0,Debit Card,Male,3.0,4,Grocery,5,Single,2,1,13.0,1.0,14.0,15.0,262.58,1,0.92,High Risk
53530,0,16.0,Mobile Phone,3,11.0,E wallet,Male,3.0,4,Laptop & Accessory,5,Single,9,0,14.0,2.0,2.0,6.0,176.55,0,0.02,Low Risk
53531,0,9.0,Phone,1,7.0,Credit Card,Male,3.0,5,Mobile Phone,3,Divorced,8,0,13.0,2.0,2.0,8.0,147.58,0,0.02,Low Risk
53532,0,1.0,Mobile Phone,1,31.0,Credit Card,Male,3.0,4,Mobile Phone,4,Single,10,0,23.0,2.0,2.0,3.0,160.97,0,0.25,Low Risk
53533,1,1.0,Mobile Phone,1,19.0,Debit Card,Female,4.0,4,Mobile Phone,2,Divorced,3,1,12.0,2.0,2.0,1.0,150.15,1,0.94,High Risk
53534,0,1.0,Mobile Phone,1,10.0,Credit Card,Male,3.0,2,Mobile Phone,2,Divorced,3,0,23.0,2.0,2.0,8.0,169.2,0,0.06,Low Risk
53535,0,4.0,Mobile Phone,3,17.0,E wallet,Male,4.0,5,Laptop & Accessory,3,Divorced,3,0,19.0,2.0,2.0,5.0,190.78,0,0.0,Low Risk
53536,0,14.0,Computer,1,33.0,Credit Card,Female,4.0,5,Laptop & Accessory,2,Divorced,5,1,14.0,2.0,2.0,1.0,169.22,0,0.01,Low Risk
53537,0,9.0,Mobile Phone,1,9.0,Debit Card,Male,3.0,5,Fashion,4,Married,4,0,19.0,7.0,7.0,3.0,227.74,0,0.01,Low Risk
53538,0,8.0,Computer,1,7.0,Credit Card,Male,4.0,5,Laptop & Accessory,5,Single,2,0,21.0,2.0,5.0,10.0,178.43,0,0.0,Low Risk
53539,0,9.0,Computer,1,11.0,UPI,Male,3.0,5,Mobile Phone,2,Divorced,3,0,14.0,3.0,3.0,3.0,148.76,0,0.0,Low Risk
53540,1,7.0,Mobile Phone,3,16.0,E wallet,Female,3.0,6,Laptop & Accessory,3,Single,10,0,14.0,2.0,2.0,4.0,178.46,1,0.89,High Risk
53541,0,6.0,Computer,3,9.0,Debit Card,Female,4.0,4,Mobile Phone,5,Married,3,0,13.0,1.0,2.0,1.0,153.27,0,0.05,Low Risk
53542,0,30.0,Mobile Phone,1,11.0,Cash on Delivery,Female,4.0,4,Others,5,Married,6,0,14.0,1.0,5.0,3.0,324.43,0,0.02,Low Risk
53543,0,3.0,Mobile Phone,1,13.0,Credit Card,Female,3.0,4,Mobile Phone,2,Divorced,3,0,14.0,1.0,2.0,9.0,156.31,0,0.0,Low Risk
53544,0,1.0,Mobile Phone,1,16.0,Debit Card,Male,3.0,4,Mobile Phone,5,Single,3,0,26.0,1.0,2.0,1.0,150.52,0,0.09,Low Risk
53545,0,19.0,Mobile Phone,1,14.0,Credit Card,Female,3.0,4,Mobile Phone,3,Divorced,6,1,20.0,2.0,2.0,3.0,169.77,0,0.0,Low Risk
53546,0,11.0,Mobile Phone,1,7.0,Debit Card,Female,3.0,5,Laptop & Accessory,2,Divorced,3,0,14.0,4.0,4.0,12.0,189.74,0,0.01,Low Risk
53547,0,1.0,Mobile Phone,1,10.0,Debit Card,Male,3.0,5,Mobile Phone,3,Single,3,0,13.0,1.0,2.0,3.0,155.33,0,0.06,Low Risk
53548,1,8.0,Mobile Phone,1,17.0,Debit Card,Male,4.0,4,Mobile Phone,3,Single,3,1,12.0,2.0,2.0,3.0,154.36,1,0.74,High Risk
53549,0,27.0,Mobile Phone,1,14.0,Credit Card,Female,3.0,4,Others,3,Married,5,0,15.0,5.0,5.0,8.0,311.06,0,0.01,Low Risk
53550,0,3.0,Phone,1,22.0,Debit Card,Female,4.0,6,Mobile Phone,2,Divorced,2,1,19.0,2.0,2.0,4.0,146.68,0,0.07,Low Risk
53551,1,1.0,Computer,1,10.0,Debit Card,Male,3.0,5,Mobile Phone,2,Divorced,2,1,12.0,1.0,2.0,1.0,153.53,1,0.95,High Risk
53552,0,20.0,Mobile Phone,3,9.0,E wallet,Female,4.0,4,Grocery,5,Divorced,10,0,15.0,13.0,16.0,10.0,295.48,0,0.03,Low Risk
53553,0,18.0,Computer,1,24.0,Debit Card,Male,4.0,6,Mobile Phone,3,Single,4,0,14.0,2.0,2.0,1.0,147.9,0,0.1,Low Risk
53554,0,7.0,Mobile Phone,2,9.0,UPI,Male,3.0,4,Mobile Phone,3,Divorced,3,0,14.0,1.0,2.0,5.0,161.0,0,0.0,Low Risk
53555,1,5.0,Computer,1,12.0,Debit Card,Male,4.0,5,Mobile Phone,5,Married,8,0,18.0,2.0,2.0,1.0,146.07,1,0.91,High Risk
53556,0,4.0,Mobile Phone,3,36.0,Debit Card,Male,4.0,4,Laptop & Accessory,5,Married,10,0,20.0,2.0,2.0,4.0,166.15,0,0.06,Low Risk
53557,0,14.0,Computer,3,9.0,Credit Card,Male,4.0,4,Laptop & Accessory,4,Divorced,7,0,13.0,2.0,2.0,1.0,168.27,0,0.03,Low Risk
53558,0,24.0,Computer,1,9.0,Credit Card,Female,2.0,4,Grocery,5,Divorced,4,0,15.0,3.0,3.0,3.0,303.56,0,0.01,Low Risk
53559,0,2.0,Mobile Phone,1,26.0,Credit Card,Male,4.0,5,Mobile Phone,5,Divorced,3,0,13.0,2.0,4.0,4.0,156.96,0,0.03,Low Risk
53560,0,20.0,Mobile Phone,1,22.0,Debit Card,Male,3.0,4,Others,4,Divorced,7,0,15.0,2.0,2.0,4.0,315.81,0,0.0,Low Risk
53561,0,9.0,Mobile Phone,3,24.0,Debit Card,Male,4.0,4,Laptop & Accessory,5,Divorced,5,1,16.0,2.0,2.0,3.0,214.66,0,0.08,Low Risk
53562,1,1.0,Phone,1,24.0,Debit Card,Female,4.0,4,Mobile Phone,4,Divorced,3,0,14.0,1.0,2.0,1.0,147.1,1,0.84,High Risk
53563,0,7.0,Computer,3,32.0,Credit Card,Female,3.0,4,Laptop & Accessory,3,Divorced,3,0,13.0,1.0,2.0,2.0,170.39,0,0.0,Low Risk
53564,0,10.0,Mobile Phone,1,13.0,Debit Card,Male,3.0,6,Mobile Phone,3,Married,3,0,15.0,1.0,2.0,8.0,152.41,0,0.02,Low Risk
53565,0,4.0,Mobile Phone,1,14.0,Debit Card,Male,3.0,4,Laptop & Accessory,3,Married,3,0,14.0,9.0,9.0,10.0,159.91,0,0.02,Low Risk
53566,0,18.0,Mobile Phone,1,36.0,UPI,Male,3.0,4,Laptop & Accessory,2,Single,3,0,26.0,2.0,2.0,18.0,170.41,0,0.01,Low Risk
53567,0,1.0,Mobile Phone,3,28.0,E wallet,Male,3.0,2,Mobile Phone,2,Single,3,0,18.0,1.0,3.0,3.0,151.78,0,0.06,Low Risk
53568,0,20.0,Mobile Phone,1,9.0,Cash on Delivery,Male,3.0,4,Laptop & Accessory,2,Married,4,0,12.0,2.0,2.0,5.0,198.79,0,0.02,Low Risk
53569,0,16.0,Computer,2,9.0,Credit Card,Male,4.0,2,Laptop & Accessory,5,Divorced,9,0,17.0,1.0,2.0,4.0,187.72,0,0.04,Low Risk
53570,0,31.0,Mobile Phone,3,14.0,E wallet,Male,3.0,2,Laptop & Accessory,2,Married,2,1,19.0,1.0,2.0,10.0,177.2,0,0.0,Low Risk
53571,0,6.0,Computer,1,20.0,UPI,Female,4.0,5,Mobile Phone,4,Divorced,3,0,21.0,1.0,3.0,3.0,152.43,0,0.0,Low Risk
53572,0,6.0,Computer,1,9.0,Debit Card,Female,3.0,4,Laptop & Accessory,3,Single,6,1,15.0,2.0,2.0,8.0,174.98,0,0.01,Low Risk
53573,0,10.0,Mobile Phone,1,7.0,Cash on Delivery,Female,4.0,6,Fashion,5,Married,4,1,22.0,6.0,8.0,3.0,227.52,0,0.03,Low Risk
53574,0,7.0,Mobile Phone,1,16.0,Credit Card,Male,3.0,4,Mobile Phone,2,Divorced,2,0,14.0,2.0,5.0,11.0,152.81,0,0.0,Low Risk
53575,0,14.0,Mobile Phone,3,17.0,Cash on Delivery,Female,3.0,5,Laptop & Accessory,4,Married,9,0,13.0,2.0,2.0,4.0,193.52,0,0.03,Low Risk
53576,0,1.0,Mobile Phone,3,17.0,Debit Card,Male,3.0,4,Laptop & Accessory,2,Single,2,0,15.0,1.0,2.0,2.0,174.5,0,0.12,Low Risk
53577,0,4.0,Mobile Phone,1,7.0,Credit Card,Male,4.0,4,Mobile Phone,4,Divorced,2,1,22.0,2.0,6.0,8.0,160.79,0,0.07,Low Risk
53578,0,16.0,Computer,1,33.0,Credit Card,Female,3.0,4,Fashion,5,Divorced,5,1,18.0,1.0,2.0,1.0,256.91,0,0.02,Low Risk
53579,0,9.0,Computer,3,15.0,E wallet,Female,4.0,5,Fashion,2,Divorced,6,1,12.0,3.0,5.0,3.0,228.77,0,0.02,Low Risk
53580,0,1.0,Phone,1,21.0,Debit Card,Male,3.0,4,Mobile Phone,5,Divorced,3,1,15.0,3.0,7.0,9.0,147.35,0,0.31,Low Risk
53581,0,28.0,Computer,1,7.0,Debit Card,Female,3.0,4,Fashion,3,Married,9,0,18.0,2.0,2.0,3.0,230.02,0,0.0,Low Risk
53582,0,18.0,Phone,1,9.0,Debit Card,Female,4.0,2,Mobile Phone,2,Divorced,3,0,14.0,7.0,8.0,8.0,145.11,0,0.08,Low Risk
53583,1,1.0,Computer,1,17.0,Credit Card,Female,4.0,5,Mobile Phone,4,Single,3,1,26.0,2.0,2.0,1.0,143.59,1,0.99,High Risk
53584,0,3.0,Mobile Phone,1,7.0,Debit Card,Female,4.0,4,Mobile Phone,2,Married,3,0,16.0,1.0,2.0,3.0,162.6,0,0.0,Low Risk
53585,0,28.0,Mobile Phone,1,10.0,Debit Card,Male,3.0,4,Grocery,2,Divorced,5,0,15.0,2.0,2.0,10.0,302.79,0,0.0,Low Risk
53586,0,5.0,Mobile Phone,1,18.0,Credit Card,Male,4.0,4,Laptop & Accessory,5,Divorced,3,1,13.0,1.0,2.0,2.0,193.33,0,0.02,Low Risk
53587,0,5.0,Mobile Phone,1,31.0,Credit Card,Female,4.0,5,Laptop & Accessory,5,Single,3,0,20.0,1.0,2.0,9.0,193.12,0,0.02,Low Risk
53588,0,31.0,Mobile Phone,3,10.0,Debit Card,Female,3.0,5,Laptop & Accessory,2,Single,7,0,18.0,1.0,2.0,6.0,176.71,0,0.01,Low Risk
53589,0,17.0,Mobile Phone,1,10.0,Debit Card,Male,4.0,6,Others,2,Divorced,5,0,15.0,2.0,2.0,8.0,322.4,0,0.04,Low Risk
53590,0,23.0,Mobile Phone,1,11.0,Credit Card,Male,3.0,5,Others,3,Divorced,4,0,15.0,1.0,2.0,1.0,312.11,0,0.0,Low Risk
53591,0,10.0,Computer,1,10.0,COD,Male,3.0,4,Mobile Phone,4,Divorced,3,0,13.0,2.0,2.0,8.0,161.92,0,0.0,Low Risk
53592,0,22.0,Mobile Phone,1,9.0,COD,Male,4.0,2,Mobile Phone,4,Single,7,0,12.0,1.0,2.0,1.0,150.59,0,0.1,Low Risk
53593,0,1.0,Mobile Phone,1,11.0,Debit Card,Male,4.0,4,Mobile Phone,3,Married,3,0,12.0,2.0,2.0,4.0,150.17,0,0.03,Low Risk
53594,0,3.0,Mobile Phone,1,14.0,Debit Card,Male,3.0,4,Laptop & Accessory,2,Married,3,1,12.0,1.0,2.0,1.0,191.23,0,0.03,Low Risk
53595,0,22.0,Mobile Phone,1,7.0,Debit Card,Male,4.0,5,Others,2,Single,8,0,15.0,2.0,2.0,1.0,307.65,0,0.0,Low Risk
53596,0,3.0,Mobile Phone,1,7.0,Debit Card,Female,3.0,5,Grocery,2,Married,5,0,15.0,1.0,2.0,8.0,286.24,0,0.01,Low Risk
53597,0,8.0,Mobile Phone,1,27.0,COD,Female,3.0,2,Mobile Phone,3,Divorced,2,0,18.0,2.0,2.0,1.0,150.85,0,0.02,Low Risk
53598,0,18.0,Mobile Phone,3,12.0,E wallet,Male,3.0,4,Others,4,Divorced,9,0,15.0,2.0,4.0,11.0,307.13,0,0.02,Low Risk
53599,0,7.0,Mobile Phone,3,17.0,E wallet,Male,3.0,2,Fashion,3,Married,2,1,15.0,2.0,2.0,9.0,208.8,0,0.01,Low Risk
53600,0,1.0,Mobile Phone,1,32.0,Debit Card,Female,3.0,2,Mobile Phone,2,Single,3,1,13.0,2.0,2.0,2.0,154.94,0,0.28,Low Risk
53601,0,1.0,Phone,1,7.0,Debit Card,Male,3.0,4,Mobile Phone,3,Divorced,3,0,23.0,1.0,2.0,2.0,137.23,0,0.09,Low Risk
53602,1,1.0,Computer,3,31.0,Debit Card,Male,4.0,6,Mobile Phone,2,Single,3,1,15.0,2.0,2.0,1.0,136.18,1,1.0,High Risk
53603,0,1.0,Mobile Phone,1,11.0,Debit Card,Male,3.0,4,Mobile Phone,2,Single,3,1,21.0,1.0,3.0,3.0,153.75,0,0.2,Low Risk
53604,1,9.0,Mobile Phone,3,9.0,E wallet,Female,4.0,6,Others,4,Single,4,1,15.0,1.0,2.0,12.0,313.24,1,0.88,High Risk
53605,0,29.0,Computer,1,15.0,Credit Card,Male,3.0,5,Grocery,4,Married,3,1,16.0,4.0,16.0,1.0,260.77,0,0.02,Low Risk
53606,1,1.0,Computer,1,17.0,Debit Card,Female,3.0,5,Mobile Phone,3,Single,3,0,21.0,3.0,3.0,3.0,151.25,1,0.86,High Risk
53607,0,20.0,Mobile Phone,3,11.0,E wallet,Female,3.0,5,Others,4,Divorced,4,0,15.0,2.0,2.0,9.0,312.89,0,0.01,Low Risk
53608,0,8.0,Mobile Phone,3,9.0,E wallet,Female,3.0,4,Laptop & Accessory,5,Single,2,1,13.0,2.0,2.0,3.0,170.38,0,0.05,Low Risk
53609,0,25.0,Computer,3,16.0,Debit Card,Male,3.0,4,Others,4,Married,6,1,25.0,3.0,12.0,11.0,323.47,0,0.03,Low Risk
53610,0,31.0,Mobile Phone,1,25.0,Credit Card,Male,4.0,4,Fashion,2,Single,8,0,13.0,2.0,6.0,3.0,230.12,0,0.02,Low Risk
53611,0,8.0,Computer,1,26.0,Credit Card,Female,3.0,4,Laptop & Accessory,4,Married,6,0,14.0,4.0,6.0,11.0,169.44,0,0.0,Low Risk
53612,0,2.0,Computer,1,7.0,Credit Card,Male,3.0,4,Mobile Phone,3,Single,2,1,12.0,1.0,2.0,3.0,146.54,0,0.12,Low Risk
53613,0,18.0,Mobile Phone,1,11.0,Debit Card,Male,4.0,2,Others,5,Married,3,0,15.0,2.0,15.0,14.0,316.9,0,0.03,Low Risk
53614,0,8.0,Computer,2,18.0,Debit Card,Male,3.0,5,Laptop & Accessory,4,Divorced,6,0,12.0,1.0,2.0,9.0,169.9,0,0.01,Low Risk
53615,0,9.0,Mobile Phone,1,13.0,Debit Card,Male,4.0,4,Mobile Phone,3,Divorced,2,1,15.0,2.0,3.0,3.0,160.06,0,0.02,Low Risk
53616,0,16.0,Phone,1,14.0,Credit Card,Female,4.0,2,Laptop & Accessory,4,Divorced,8,1,17.0,1.0,2.0,1.0,148.72,0,0.01,Low Risk
53617,0,17.0,Mobile Phone,3,11.0,E wallet,Female,3.0,5,Fashion,2,Single,5,0,15.0,11.0,16.0,3.0,227.31,0,0.07,Low Risk
53618,0,10.0,Mobile Phone,1,9.0,Debit Card,Female,3.0,4,Laptop & Accessory,4,Single,11,1,12.0,5.0,6.0,13.0,179.1,0,0.01,Low Risk
53619,1,8.0,Mobile Phone,1,22.0,Credit Card,Female,4.0,4,Fashion,2,Divorced,3,0,12.0,1.0,2.0,6.0,204.78,1,0.65,Medium Risk
53620,0,2.0,Computer,1,9.0,Debit Card,Male,3.0,5,Mobile Phone,2,Divorced,3,1,13.0,3.0,3.0,3.0,163.67,0,0.11,Low Risk
53621,0,25.0,Computer,1,13.0,Credit Card,Female,3.0,5,Mobile Phone,3,Single,2,0,15.0,8.0,8.0,8.0,153.38,0,0.02,Low Risk
53622,0,4.0,Computer,1,16.0,Credit Card,Female,4.0,4,Laptop & Accessory,3,Single,9,1,19.0,2.0,2.0,8.0,171.95,0,0.01,Low Risk
53623,1,1.0,Mobile Phone,1,14.0,COD,Female,3.0,4,Mobile Phone,3,Married,5,1,14.0,2.0,8.0,8.0,158.39,1,0.91,High Risk
53624,0,2.0,Phone,1,7.0,COD,Male,3.0,4,Mobile Phone,5,Single,4,0,12.0,1.0,2.0,3.0,145.8,0,0.05,Low Risk
53625,0,1.0,Phone,1,7.0,Credit Card,Female,3.0,4,Mobile Phone,4,Single,3,0,19.0,2.0,3.0,2.0,145.96,0,0.02,Low Risk
53626,0,6.0,Mobile Phone,3,15.0,Credit Card,Male,3.0,2,Laptop & Accessory,2,Divorced,3,0,16.0,1.0,2.0,9.0,187.09,0,0.0,Low Risk
53627,0,19.0,Computer,1,32.0,Credit Card,Female,3.0,4,Others,4,Single,5,0,15.0,2.0,2.0,1.0,305.61,0,0.01,Low Risk
53628,0,13.0,Mobile Phone,1,20.0,Credit Card,Female,4.0,5,Grocery,4,Married,8,1,15.0,14.0,16.0,3.0,296.23,0,0.01,Low Risk
53629,0,31.0,Phone,1,30.0,Debit Card,Male,3.0,4,Mobile Phone,3,Married,3,0,13.0,3.0,3.0,3.0,148.72,0,0.0,Low Risk
53630,1,1.0,Mobile Phone,1,14.0,Debit Card,Male,4.0,4,Laptop & Accessory,3,Divorced,3,0,19.0,2.0,2.0,2.0,173.83,1,0.87,High Risk
53631,1,3.0,Mobile Phone,1,30.0,Credit Card,Male,4.0,4,Mobile Phone,5,Single,2,0,14.0,1.0,2.0,4.0,164.04,1,0.56,Medium Risk
53632,0,4.0,Mobile Phone,1,13.0,COD,Female,3.0,5,Laptop & Accessory,2,Divorced,2,0,13.0,6.0,7.0,8.0,171.27,0,0.0,Low Risk
53633,0,10.0,Mobile Phone,1,17.0,Cash on Delivery,Female,4.0,4,Fashion,3,Divorced,5,0,13.0,1.0,2.0,8.0,195.94,0,0.02,Low Risk
53634,0,20.0,Mobile Phone,2,7.0,Debit Card,Female,3.0,4,Mobile Phone,5,Single,8,0,13.0,4.0,6.0,8.0,159.23,0,0.03,Low Risk
53635,0,2.0,Computer,1,7.0,Debit Card,Female,3.0,6,Laptop & Accessory,2,Divorced,2,0,12.0,8.0,8.0,6.0,191.74,0,0.04,Low Risk
53636,0,24.0,Mobile Phone,1,35.0,Debit Card,Female,3.0,4,Grocery,5,Divorced,6,1,15.0,1.0,2.0,3.0,293.8,0,0.01,Low Risk
53637,1,4.0,Mobile Phone,3,32.0,E wallet,Male,3.0,5,Fashion,4,Single,4,1,13.0,1.0,2.0,3.0,215.94,1,0.79,High Risk
53638,1,16.0,Mobile Phone,3,12.0,Debit Card,Male,4.0,4,Fashion,4,Single,11,1,20.0,6.0,8.0,3.0,209.46,1,0.93,High Risk
53639,0,4.0,Mobile Phone,1,24.0,Credit Card,Female,4.0,4,Fashion,5,Divorced,3,1,24.0,1.0,2.0,9.0,244.16000000000003,0,0.02,Low Risk
53640,0,13.0,Mobile Phone,1,25.0,Debit Card,Male,3.0,4,Laptop & Accessory,3,Single,2,0,12.0,1.0,2.0,8.0,170.34,0,0.01,Low Risk
53641,0,5.0,Computer,3,9.0,Debit Card,Female,3.0,4,Fashion,3,Married,3,1,20.0,4.0,10.0,3.0,223.52,0,0.0,Low Risk
53642,0,15.0,Computer,3,17.0,Credit Card,Male,3.0,6,Laptop & Accessory,4,Single,3,0,14.0,4.0,12.0,10.0,186.51,0,0.01,Low Risk
53643,1,1.0,Computer,3,7.0,Debit Card,Female,3.0,4,Mobile Phone,4,Single,3,1,12.0,2.0,3.0,3.0,148.02,1,0.92,High Risk
53644,1,8.0,Phone,1,10.0,Debit Card,Male,3.0,4,Mobile Phone,5,Divorced,6,0,13.0,2.0,2.0,3.0,148.62,1,0.88,High Risk
53645,0,16.0,Computer,1,9.0,Debit Card,Male,3.0,4,Grocery,3,Divorced,2,1,15.0,1.0,3.0,11.0,303.61,0,0.01,Low Risk
53646,0,29.0,Mobile Phone,1,9.0,Credit Card,Female,3.0,6,Others,3,Divorced,6,0,15.0,6.0,10.0,12.0,316.87,0,0.08,Low Risk
53647,0,30.0,Mobile Phone,2,15.0,Debit Card,Male,3.0,4,Others,4,Single,8,0,15.0,2.0,8.0,8.0,322.17,0,0.02,Low Risk
53648,0,14.0,Computer,1,23.0,Debit Card,Male,4.0,4,Mobile Phone,3,Married,11,0,17.0,2.0,2.0,1.0,160.44,0,0.02,Low Risk
53649,0,8.0,Mobile Phone,1,16.0,Debit Card,Male,3.0,4,Fashion,2,Married,2,0,12.0,2.0,2.0,3.0,210.0,0,0.03,Low Risk
53650,0,14.0,Mobile Phone,1,9.0,Debit Card,Male,4.0,4,Laptop & Accessory,2,Single,3,0,14.0,4.0,9.0,9.0,171.61,0,0.0,Low Risk
53651,0,15.0,Computer,3,7.0,E wallet,Female,4.0,4,Laptop & Accessory,5,Married,2,0,18.0,1.0,2.0,8.0,166.03,0,0.0,Low Risk
53652,0,9.0,Computer,1,11.0,Debit Card,Male,3.0,4,Laptop & Accessory,3,Single,3,1,12.0,2.0,2.0,2.0,167.49,0,0.01,Low Risk
53653,0,25.0,Mobile Phone,2,12.0,Debit Card,Male,3.0,4,Grocery,4,Married,3,1,12.0,1.0,2.0,11.0,265.26,0,0.0,Low Risk
53654,0,12.0,Mobile Phone,3,9.0,Debit Card,Female,3.0,4,Laptop & Accessory,5,Married,5,0,16.0,1.0,2.0,8.0,193.93,0,0.0,Low Risk
53655,0,8.0,Mobile Phone,3,22.0,Credit Card,Female,4.0,4,Laptop & Accessory,5,Single,3,0,13.0,2.0,10.0,7.0,186.25,0,0.0,Low Risk
53656,0,1.0,Mobile Phone,1,26.0,Credit Card,Male,4.0,4,Mobile Phone,2,Divorced,5,0,12.0,2.0,2.0,3.0,161.69,0,0.05,Low Risk
53657,1,21.0,Mobile Phone,1,14.0,Credit Card,Female,3.0,5,Fashion,5,Divorced,9,1,15.0,5.0,6.0,3.0,225.08,1,0.83,High Risk
53658,0,14.0,Phone,1,7.0,Debit Card,Male,3.0,4,Mobile Phone,4,Divorced,5,0,23.0,2.0,2.0,4.0,148.87,0,0.01,Low Risk
53659,0,10.0,Computer,3,14.0,E wallet,Female,3.0,2,Laptop & Accessory,5,Divorced,4,0,17.0,6.0,7.0,14.0,171.39,0,0.01,Low Risk
53660,0,22.0,Mobile Phone,1,11.0,Debit Card,Male,3.0,4,Fashion,2,Single,3,0,12.0,2.0,2.0,9.0,203.98,0,0.01,Low Risk
53661,0,1.0,Mobile Phone,3,18.0,Credit Card,Female,4.0,2,Mobile Phone,2,Divorced,10,0,15.0,2.0,2.0,1.0,150.34,0,0.07,Low Risk
53662,0,25.0,Mobile Phone,1,18.0,Cash on Delivery,Female,3.0,5,Grocery,4,Single,5,0,17.0,1.0,2.0,4.0,256.42,0,0.0,Low Risk
53663,0,1.0,Computer,1,7.0,Debit Card,Female,4.0,4,Mobile Phone,2,Single,3,0,16.0,2.0,2.0,1.0,141.11,0,0.06,Low Risk
53664,0,9.0,Mobile Phone,1,7.0,Credit Card,Female,3.0,5,Laptop & Accessory,2,Divorced,2,0,13.0,2.0,2.0,1.0,178.63,0,0.0,Low Risk
53665,0,1.0,Computer,3,9.0,Debit Card,Male,3.0,6,Laptop & Accessory,2,Single,5,0,21.0,2.0,2.0,1.0,175.71,0,0.06,Low Risk
53666,1,19.0,Mobile Phone,3,20.0,E wallet,Male,3.0,2,Grocery,3,Single,8,1,18.0,1.0,4.0,9.0,261.95,1,0.85,High Risk
53667,0,30.0,Mobile Phone,1,30.0,Debit Card,Male,4.0,4,Grocery,4,Divorced,6,1,13.0,12.0,2.0,10.0,259.02,0,0.02,Low Risk
53668,0,8.0,Computer,1,33.0,COD,Female,4.0,5,Mobile Phone,3,Married,3,0,21.0,2.0,2.0,1.0,145.29,0,0.0,Low Risk
53669,0,14.0,Mobile Phone,1,9.0,Credit Card,Female,3.0,2,Laptop & Accessory,3,Married,7,0,21.0,6.0,12.0,9.0,188.77,0,0.02,Low Risk
53670,0,8.0,Mobile Phone,1,36.0,Credit Card,Male,3.0,4,Laptop & Accessory,3,Divorced,6,0,14.0,1.0,8.0,8.0,179.29,0,0.02,Low Risk
53671,1,1.0,Computer,3,9.0,Debit Card,Female,3.0,5,Mobile Phone,2,Single,9,0,15.0,1.0,2.0,1.0,152.85,1,0.82,High Risk
53672,1,1.0,Computer,3,25.0,E wallet,Female,4.0,4,Laptop & Accessory,3,Divorced,2,1,19.0,4.0,4.0,3.0,171.14,1,0.91,High Risk
53673,0,12.0,Computer,1,14.0,Debit Card,Male,3.0,2,Mobile Phone,3,Married,3,0,12.0,1.0,2.0,4.0,151.1,0,0.0,Low Risk
53674,0,8.0,Mobile Phone,1,9.0,COD,Female,4.0,4,Laptop & Accessory,2,Single,3,0,12.0,2.0,5.0,12.0,191.87,0,0.0,Low Risk
53675,0,2.0,Mobile Phone,3,33.0,Debit Card,Male,3.0,5,Laptop & Accessory,5,Divorced,3,0,12.0,2.0,2.0,5.0,172.24,0,0.02,Low Risk
53676,1,1.0,Mobile Phone,1,29.0,Credit Card,Male,4.0,4,Laptop & Accessory,3,Divorced,3,1,16.0,4.0,7.0,8.0,186.79,1,0.76,High Risk
53677,0,13.0,Mobile Phone,3,28.0,Debit Card,Male,3.0,5,Laptop & Accessory,2,Divorced,5,1,13.0,1.0,2.0,5.0,186.2,0,0.01,Low Risk
53678,0,25.0,Computer,3,9.0,E wallet,Male,3.0,4,Fashion,4,Divorced,4,0,12.0,1.0,4.0,3.0,230.96,0,0.01,Low Risk
53679,0,15.0,Computer,1,29.0,Debit Card,Female,4.0,4,Laptop & Accessory,2,Married,5,1,15.0,1.0,4.0,4.0,179.67,0,0.0,Low Risk
53680,0,11.0,Mobile Phone,1,11.0,Debit Card,Male,3.0,4,Mobile Phone,3,Divorced,9,1,16.0,2.0,2.0,4.0,154.96,0,0.02,Low Risk
53681,0,7.0,Computer,3,12.0,Debit Card,Male,4.0,4,Laptop & Accessory,2,Divorced,8,0,14.0,2.0,2.0,3.0,224.98,0,0.02,Low Risk
53682,0,6.0,Mobile Phone,3,9.0,E wallet,Male,3.0,4,Laptop & Accessory,4,Divorced,2,1,14.0,1.0,2.0,3.0,165.78,0,0.03,Low Risk
53683,0,13.0,Computer,1,32.0,Debit Card,Male,4.0,4,Fashion,3,Divorced,5,0,22.0,1.0,2.0,6.0,234.2,0,0.01,Low Risk
53684,0,1.0,Mobile Phone,3,25.0,Debit Card,Male,4.0,2,Laptop & Accessory,3,Divorced,4,0,12.0,1.0,2.0,3.0,187.32,0,0.17,Low Risk
53685,0,26.0,Computer,1,35.0,Credit Card,Female,3.0,2,Grocery,3,Divorced,4,1,12.0,1.0,2.0,3.0,257.47,0,0.0,Low Risk
53686,0,17.0,Mobile Phone,1,13.0,Credit Card,Female,4.0,5,Laptop & Accessory,3,Single,3,1,15.0,2.0,2.0,9.0,165.81,0,0.0,Low Risk
53687,0,1.0,Mobile Phone,3,17.0,E wallet,Female,4.0,5,Laptop & Accessory,2,Divorced,3,1,12.0,3.0,5.0,5.0,182.69,0,0.09,Low Risk
53688,1,1.0,Phone,1,24.0,Debit Card,Female,3.0,4,Mobile Phone,3,Single,3,1,14.0,4.0,8.0,8.0,148.94,1,0.99,High Risk
53689,0,1.0,Mobile Phone,1,9.0,Credit Card,Male,3.0,5,Mobile Phone,2,Single,2,0,13.0,1.0,2.0,2.0,164.04,0,0.02,Low Risk
53690,0,16.0,Mobile Phone,2,17.0,UPI,Female,3.0,4,Grocery,5,Divorced,2,0,15.0,1.0,2.0,10.0,292.99,0,0.0,Low Risk
53691,0,26.0,Mobile Phone,1,15.0,UPI,Female,3.0,4,Mobile Phone,5,Divorced,11,0,14.0,2.0,2.0,5.0,154.5,0,0.0,Low Risk
53692,0,11.0,Mobile Phone,1,18.0,Credit Card,Female,4.0,4,Mobile Phone,3,Single,6,0,19.0,1.0,2.0,3.0,161.29,0,0.0,Low Risk
53693,0,9.0,Computer,1,25.0,Debit Card,Male,3.0,4,Fashion,2,Single,4,0,12.0,1.0,3.0,3.0,218.62,0,0.06,Low Risk
53694,0,1.0,Mobile Phone,1,7.0,COD,Male,3.0,4,Mobile Phone,2,Divorced,6,0,12.0,2.0,2.0,3.0,157.29,0,0.1,Low Risk
53695,0,1.0,Mobile Phone,1,14.0,UPI,Male,4.0,2,Mobile Phone,5,Single,2,0,13.0,2.0,2.0,8.0,160.78,0,0.13,Low Risk
53696,0,3.0,Mobile Phone,2,24.0,UPI,Male,3.0,5,Fashion,5,Single,3,0,14.0,1.0,2.0,10.0,204.88,0,0.01,Low Risk
53697,1,1.0,Computer,1,35.0,Debit Card,Male,4.0,5,Laptop & Accessory,5,Single,5,0,21.0,1.0,2.0,4.0,167.84,1,0.73,High Risk
53698,1,1.0,Computer,1,21.0,UPI,Female,3.0,4,Fashion,2,Single,2,1,13.0,3.0,8.0,8.0,200.53,1,0.89,High Risk
53699,0,28.0,Mobile Phone,1,7.0,Credit Card,Female,3.0,4,Grocery,2,Single,8,0,15.0,6.0,13.0,8.0,298.28,0,0.02,Low Risk
53700,0,31.0,Mobile Phone,1,7.0,Credit Card,Female,4.0,4,Others,5,Divorced,5,1,15.0,2.0,2.0,6.0,322.01,0,0.02,Low Risk
53701,0,29.0,Mobile Phone,1,7.0,Credit Card,Male,3.0,2,Grocery,2,Married,4,0,14.0,1.0,2.0,1.0,272.32,0,0.0,Low Risk
53702,0,10.0,Mobile Phone,3,10.0,E wallet,Female,3.0,4,Laptop & Accessory,4,Single,5,1,17.0,1.0,2.0,3.0,217.78,0,0.05,Low Risk
53703,1,1.0,Computer,3,7.0,Debit Card,Female,3.0,6,Mobile Phone,3,Single,3,0,13.0,2.0,2.0,1.0,138.59,1,0.86,High Risk
53704,0,4.0,Mobile Phone,3,14.0,E wallet,Female,4.0,4,Laptop & Accessory,5,Married,9,0,15.0,2.0,2.0,3.0,172.79,0,0.0,Low Risk
53705,0,5.0,Mobile Phone,1,15.0,Debit Card,Female,4.0,4,Grocery,4,Single,5,0,12.0,1.0,2.0,1.0,289.22,0,0.0,Low Risk
53706,0,8.0,Computer,1,7.0,UPI,Male,4.0,4,Mobile Phone,5,Married,7,0,15.0,2.0,2.0,4.0,154.96,0,0.04,Low Risk
53707,1,1.0,Phone,1,15.0,Debit Card,Female,3.0,5,Mobile Phone,4,Single,3,0,13.0,1.0,2.0,1.0,137.61,1,0.6,Medium Risk
53708,0,1.0,Phone,1,18.0,Debit Card,Male,4.0,4,Mobile Phone,5,Divorced,2,0,15.0,2.0,2.0,5.0,145.99,0,0.04,Low Risk
53709,0,10.0,Mobile Phone,1,11.0,Debit Card,Male,3.0,5,Laptop & Accessory,2,Single,3,0,17.0,2.0,2.0,9.0,183.1,0,0.0,Low Risk
53710,0,10.0,Mobile Phone,3,23.0,E wallet,Female,4.0,5,Laptop & Accessory,5,Divorced,6,0,14.0,2.0,2.0,3.0,181.47,0,0.02,Low Risk
53711,0,21.0,Mobile Phone,1,7.0,COD,Male,4.0,4,Mobile Phone,2,Divorced,9,0,13.0,2.0,2.0,3.0,159.2,0,0.02,Low Risk
53712,1,1.0,Mobile Phone,3,16.0,Debit Card,Male,4.0,5,Mobile Phone,5,Divorced,5,0,13.0,2.0,3.0,3.0,169.0,1,0.88,High Risk
53713,0,11.0,Computer,1,12.0,COD,Male,3.0,2,Mobile Phone,3,Single,2,0,15.0,2.0,2.0,4.0,160.0,0,0.0,Low Risk
53714,0,30.0,Phone,1,7.0,Debit Card,Female,3.0,4,Mobile Phone,5,Divorced,4,0,23.0,2.0,2.0,1.0,145.66,0,0.06,Low Risk
53715,0,21.0,Mobile Phone,1,9.0,Credit Card,Female,3.0,4,Grocery,3,Divorced,5,0,15.0,4.0,6.0,7.0,296.69,0,0.01,Low Risk
53716,0,1.0,Mobile Phone,3,11.0,Credit Card,Female,3.0,4,Laptop & Accessory,3,Divorced,3,1,13.0,2.0,2.0,4.0,166.62,0,0.11,Low Risk
53717,0,6.0,Mobile Phone,3,14.0,E wallet,Male,4.0,4,Laptop & Accessory,2,Divorced,6,0,13.0,2.0,2.0,3.0,217.04,0,0.0,Low Risk
53718,0,8.0,Mobile Phone,1,7.0,Debit Card,Female,3.0,5,Mobile Phone,4,Divorced,7,0,18.0,2.0,2.0,3.0,157.94,0,0.0,Low Risk
53719,0,15.0,Phone,1,12.0,Credit Card,Male,3.0,2,Mobile Phone,3,Divorced,4,1,13.0,2.0,2.0,4.0,146.27,0,0.06,Low Risk
53720,0,14.0,Computer,1,16.0,UPI,Male,3.0,4,Laptop & Accessory,3,Married,5,0,12.0,2.0,2.0,8.0,164.75,0,0.0,Low Risk
53721,0,5.0,Mobile Phone,3,15.0,Debit Card,Male,3.0,4,Fashion,2,Married,3,0,19.0,3.0,2.0,10.0,232.93,0,0.04,Low Risk
53722,1,10.0,Mobile Phone,3,16.0,E wallet,Male,3.0,4,Fashion,1,Married,6,0,12.0,1.0,5.0,3.0,225.96,1,0.8,High Risk
53723,1,3.0,Computer,1,9.0,Debit Card,Female,3.0,5,Mobile Phone,5,Single,4,1,24.0,1.0,2.0,1.0,161.46,1,0.85,High Risk
53724,1,1.0,Computer,1,7.0,Debit Card,Female,4.0,2,Fashion,4,Single,3,0,12.0,4.0,5.0,8.0,199.46,1,0.94,High Risk
53725,0,19.0,Mobile Phone,1,27.0,Credit Card,Male,4.0,6,Fashion,5,Married,4,1,19.0,1.0,2.0,8.0,233.51,0,0.0,Low Risk
53726,0,5.0,Phone,2,15.0,Credit Card,Female,4.0,2,Mobile Phone,4,Single,11,0,19.0,1.0,2.0,3.0,146.09,0,0.0,Low Risk
53727,1,1.0,Computer,1,9.0,Debit Card,Male,4.0,4,Mobile Phone,1,Divorced,8,1,14.0,3.0,3.0,3.0,162.22,1,0.87,High Risk
53728,0,19.0,Mobile Phone,1,36.0,Cash on Delivery,Male,3.0,4,Fashion,1,Divorced,6,1,19.0,2.0,2.0,3.0,218.8,0,0.0,Low Risk
53729,0,22.0,Mobile Phone,3,14.0,E wallet,Male,4.0,4,Laptop & Accessory,5,Married,6,0,12.0,2.0,3.0,3.0,179.86,0,0.0,Low Risk
53730,1,1.0,Mobile Phone,2,16.0,COD,Female,3.0,4,Mobile Phone,3,Divorced,3,0,16.0,2.0,3.0,3.0,152.42,1,0.73,High Risk
53731,0,14.0,Computer,1,15.0,Credit Card,Male,3.0,5,Fashion,4,Married,4,0,12.0,1.0,5.0,9.0,262.57,0,0.01,Low Risk
53732,0,2.0,Mobile Phone,3,12.0,Credit Card,Male,3.0,4,Laptop & Accessory,5,Single,2,0,19.0,2.0,2.0,3.0,209.63,0,0.05,Low Risk
53733,0,18.0,Computer,1,12.0,Debit Card,Male,3.0,5,Mobile Phone,3,Single,5,0,15.0,1.0,2.0,4.0,156.62,0,0.0,Low Risk
53734,0,27.0,Mobile Phone,1,9.0,Credit Card,Male,3.0,2,Grocery,4,Single,6,0,13.0,1.0,9.0,9.0,290.98,0,0.02,Low Risk
53735,0,23.0,Mobile Phone,1,12.0,COD,Male,4.0,4,Laptop & Accessory,3,Divorced,4,0,15.0,1.0,2.0,3.0,191.51,0,0.02,Low Risk
53736,0,14.0,Phone,1,9.0,Credit Card,Male,4.0,4,Mobile Phone,3,Married,4,0,15.0,1.0,2.0,3.0,148.45,0,0.0,Low Risk
53737,0,18.0,Mobile Phone,1,27.0,Debit Card,Male,3.0,4,Mobile Phone,4,Single,3,0,14.0,2.0,2.0,4.0,159.2,0,0.0,Low Risk
53738,0,7.0,Computer,3,14.0,Credit Card,Male,3.0,4,Laptop & Accessory,5,Divorced,2,0,15.0,1.0,2.0,4.0,168.73,0,0.02,Low Risk
53739,0,8.0,Mobile Phone,3,10.0,UPI,Male,3.0,6,Laptop & Accessory,5,Single,5,0,19.0,3.0,4.0,13.0,172.59,0,0.04,Low Risk
53740,0,4.0,Mobile Phone,3,23.0,Debit Card,Male,4.0,4,Laptop & Accessory,3,Divorced,10,0,16.0,1.0,3.0,3.0,178.01,0,0.01,Low Risk
53741,0,16.0,Computer,1,16.0,Credit Card,Female,4.0,4,Mobile Phone,1,Single,3,0,14.0,5.0,6.0,9.0,161.73,0,0.0,Low Risk
53742,0,18.0,Computer,3,7.0,E wallet,Female,4.0,4,Laptop & Accessory,3,Divorced,9,0,13.0,2.0,2.0,1.0,172.68,0,0.05,Low Risk
53743,0,4.0,Computer,1,14.0,COD,Male,4.0,4,Mobile Phone,3,Married,3,0,14.0,1.0,2.0,1.0,137.74,0,0.02,Low Risk
53744,0,51.0,Mobile Phone,1,7.0,Debit Card,Male,4.0,2,Laptop & Accessory,3,Divorced,2,0,25.0,2.0,3.0,9.0,174.0,0,0.0,Low Risk
53745,0,23.0,Mobile Phone,1,14.0,Debit Card,Male,3.0,4,Fashion,4,Married,5,0,15.0,1.0,2.0,3.0,229.66,0,0.0,Low Risk
53746,0,8.0,Computer,1,22.0,Credit Card,Male,4.0,4,Grocery,5,Married,9,0,15.0,3.0,7.0,10.0,295.07,0,0.01,Low Risk
53747,1,1.0,Computer,3,7.0,COD,Male,4.0,4,Mobile Phone,3,Divorced,5,0,16.0,2.0,2.0,3.0,154.09,1,0.77,High Risk
53748,1,1.0,Computer,3,20.0,COD,Female,3.0,4,Laptop & Accessory,4,Single,7,0,12.0,1.0,2.0,1.0,182.65,1,0.97,High Risk
53749,1,1.0,Mobile Phone,3,31.0,Credit Card,Female,3.0,5,Laptop & Accessory,4,Single,2,1,24.0,3.0,11.0,11.0,170.99,1,0.88,High Risk
53750,0,9.0,Phone,3,14.0,Debit Card,Male,4.0,4,Mobile Phone,3,Divorced,3,0,14.0,2.0,2.0,1.0,149.04,0,0.02,Low Risk
53751,1,1.0,Computer,1,16.0,Credit Card,Male,3.0,4,Mobile Phone,5,Single,4,1,12.0,1.0,2.0,1.0,156.72,1,0.96,High Risk
53752,0,1.0,Computer,3,20.0,Debit Card,Female,4.0,4,Mobile Phone,4,Divorced,3,0,14.0,1.0,2.0,1.0,145.33,0,0.24,Low Risk
53753,0,18.0,Computer,1,9.0,Credit Card,Male,3.0,4,Fashion,3,Single,7,1,19.0,1.0,3.0,3.0,227.09,0,0.01,Low Risk
53754,0,3.0,Mobile Phone,3,26.0,Debit Card,Male,4.0,5,Laptop & Accessory,3,Married,3,0,15.0,2.0,2.0,3.0,211.2,0,0.0,Low Risk
53755,0,4.0,Phone,2,7.0,Debit Card,Male,3.0,4,Mobile Phone,3,Married,2,0,22.0,1.0,2.0,4.0,145.64,0,0.01,Low Risk
53756,0,29.0,Mobile Phone,1,11.0,Debit Card,Male,2.0,4,Laptop & Accessory,3,Divorced,2,1,17.0,1.0,2.0,3.0,165.35,0,0.0,Low Risk
53757,0,7.0,Mobile Phone,1,11.0,Credit Card,Female,3.0,5,Mobile Phone,4,Divorced,10,0,12.0,1.0,2.0,3.0,163.38,0,0.0,Low Risk
53758,0,21.0,Mobile Phone,3,21.0,Credit Card,Female,4.0,4,Laptop & Accessory,3,Divorced,5,1,18.0,2.0,2.0,3.0,170.91,0,0.02,Low Risk
53759,1,1.0,Computer,1,9.0,Credit Card,Male,3.0,5,Mobile Phone,5,Single,9,0,12.0,1.0,2.0,1.0,150.61,1,0.84,High Risk
53760,0,2.0,Phone,1,7.0,Debit Card,Male,4.0,5,Mobile Phone,3,Married,3,0,15.0,1.0,2.0,1.0,140.63,0,0.01,Low Risk
53761,0,2.0,Computer,3,14.0,Debit Card,Male,3.0,4,Laptop & Accessory,5,Single,2,0,15.0,2.0,2.0,4.0,173.98,0,0.02,Low Risk
53762,0,23.0,Mobile Phone,1,10.0,Credit Card,Female,3.0,5,Laptop & Accessory,5,Divorced,6,0,26.0,2.0,2.0,3.0,172.89,0,0.01,Low Risk
53763,0,3.0,Computer,1,9.0,Debit Card,Female,4.0,4,Mobile Phone,4,Divorced,2,0,14.0,1.0,2.0,3.0,156.8,0,0.0,Low Risk
53764,0,2.0,Mobile Phone,1,36.0,Debit Card,Male,4.0,6,Laptop & Accessory,4,Divorced,3,0,15.0,2.0,2.0,8.0,190.49,0,0.02,Low Risk
53765,0,7.0,Mobile Phone,1,15.0,Debit Card,Male,4.0,4,Laptop & Accessory,3,Single,4,1,18.0,1.0,2.0,1.0,188.88,0,0.1,Low Risk
53766,0,6.0,Mobile Phone,1,17.0,Credit Card,Male,1.0,4,Fashion,1,Single,4,0,26.0,1.0,2.0,1.0,237.44,0,0.01,Low Risk
53767,0,28.0,Computer,1,18.0,Credit Card,Female,3.0,4,Grocery,1,Married,5,0,21.0,1.0,2.0,13.0,285.32,0,0.0,Low Risk
53768,1,1.0,Phone,1,7.0,COD,Male,4.0,5,Mobile Phone,5,Single,8,0,14.0,1.0,2.0,8.0,148.62,1,0.91,High Risk
53769,0,18.0,Mobile Phone,1,35.0,Debit Card,Male,3.0,4,Grocery,5,Divorced,5,0,14.0,1.0,15.0,18.0,288.28,0,0.03,Low Risk
53770,0,13.0,Mobile Phone,1,13.0,Debit Card,Female,3.0,4,Fashion,4,Single,6,0,19.0,1.0,3.0,3.0,208.76,0,0.01,Low Risk
53771,0,20.0,Mobile Phone,3,10.0,Debit Card,Female,3.0,4,Grocery,4,Divorced,10,0,13.0,1.0,6.0,2.0,291.06,0,0.02,Low Risk
53772,0,9.0,Mobile Phone,1,23.0,Debit Card,Female,4.0,5,Fashion,4,Single,3,0,20.0,2.0,4.0,3.0,211.06,0,0.03,Low Risk
53773,0,1.0,Phone,1,27.0,Debit Card,Male,4.0,4,Laptop & Accessory,3,Single,2,0,15.0,2.0,2.0,3.0,147.72,0,0.01,Low Risk
53774,1,4.0,Phone,1,16.0,Debit Card,Male,3.0,4,Mobile Phone,5,Single,5,0,15.0,2.0,2.0,1.0,145.18,1,0.73,High Risk
53775,0,8.0,Mobile Phone,3,7.0,Cash on Delivery,Male,4.0,5,Fashion,3,Divorced,3,1,15.0,8.0,9.0,7.0,195.83,0,0.03,Low Risk
53776,1,1.0,Computer,1,10.0,Debit Card,Female,3.0,4,Mobile Phone,3,Single,3,0,13.0,7.0,8.0,8.0,165.84,1,0.92,High Risk
53777,0,24.0,Computer,1,29.0,Credit Card,Male,3.0,6,Grocery,1,Single,3,1,14.0,1.0,14.0,10.0,269.11,0,0.05,Low Risk
53778,0,8.0,Phone,3,14.0,COD,Male,3.0,4,Mobile Phone,3,Married,2,1,26.0,1.0,6.0,8.0,148.08,0,0.13,Low Risk
53779,0,16.0,Mobile Phone,1,9.0,Credit Card,Male,4.0,5,Mobile Phone,4,Married,6,0,15.0,2.0,2.0,1.0,173.41,0,0.0,Low Risk
53780,0,11.0,Mobile Phone,1,20.0,Credit Card,Male,3.0,4,Laptop & Accessory,1,Married,3,0,18.0,1.0,4.0,8.0,167.85,0,0.02,Low Risk
53781,0,3.0,Mobile Phone,1,15.0,UPI,Female,3.0,6,Laptop & Accessory,5,Married,5,0,14.0,1.0,2.0,3.0,222.15,0,0.03,Low Risk
53782,0,7.0,Mobile Phone,1,32.0,Debit Card,Male,3.0,5,Laptop & Accessory,4,Single,3,0,14.0,1.0,2.0,3.0,168.2,0,0.0,Low Risk
53783,0,19.0,Phone,1,35.0,COD,Male,4.0,4,Mobile Phone,1,Married,6,0,21.0,2.0,2.0,4.0,146.32,0,0.0,Low Risk
53784,0,16.0,Computer,1,9.0,Debit Card,Male,3.0,4,Fashion,1,Married,4,1,15.0,13.0,14.0,3.0,226.24,0,0.05,Low Risk
53785,0,14.0,Mobile Phone,3,16.0,Credit Card,Male,3.0,4,Laptop & Accessory,5,Married,2,0,13.0,3.0,8.0,2.0,179.73,0,0.01,Low Risk
53786,0,7.0,Mobile Phone,1,35.0,Debit Card,Male,4.0,4,Laptop & Accessory,3,Married,3,1,13.0,2.0,6.0,8.0,177.07,0,0.01,Low Risk
53787,0,14.0,Mobile Phone,2,13.0,Credit Card,Male,3.0,4,Grocery,1,Single,3,1,22.0,1.0,8.0,8.0,289.37,0,0.02,Low Risk
53788,0,1.0,Phone,1,28.0,COD,Male,3.0,5,Mobile Phone,5,Married,2,0,15.0,1.0,2.0,1.0,147.96,0,0.13,Low Risk
53789,0,14.0,Computer,1,15.0,Debit Card,Male,4.0,4,Laptop & Accessory,1,Married,5,1,19.0,3.0,3.0,3.0,165.69,0,0.01,Low Risk
53790,0,19.0,Mobile Phone,1,7.0,Cash on Delivery,Male,4.0,4,Fashion,4,Married,3,0,13.0,7.0,8.0,8.0,199.41,0,0.05,Low Risk
53791,0,9.0,Phone,3,7.0,Debit Card,Female,4.0,5,Mobile Phone,3,Married,2,0,24.0,3.0,5.0,3.0,149.3,0,0.03,Low Risk
53792,0,6.0,Mobile Phone,1,12.0,Debit Card,Female,4.0,5,Laptop & Accessory,4,Married,5,0,13.0,2.0,3.0,6.0,183.78,0,0.0,Low Risk
53793,0,10.0,Mobile Phone,3,9.0,Debit Card,Male,4.0,4,Mobile Phone,1,Single,5,1,22.0,1.0,2.0,3.0,151.44,0,0.02,Low Risk
53794,0,22.0,Mobile Phone,3,23.0,Debit Card,Female,4.0,4,Laptop & Accessory,3,Married,10,0,15.0,2.0,8.0,8.0,189.39,0,0.0,Low Risk
53795,0,3.0,Mobile Phone,1,16.0,Debit Card,Male,4.0,2,Mobile Phone,3,Married,8,0,19.0,2.0,2.0,1.0,149.51,0,0.03,Low Risk
53796,0,7.0,Mobile Phone,3,15.0,Debit Card,Male,3.0,4,Laptop & Accessory,5,Married,4,0,14.0,3.0,3.0,3.0,188.92,0,0.0,Low Risk
53797,1,1.0,Mobile Phone,3,7.0,Debit Card,Male,4.0,5,Laptop & Accessory,5,Married,3,0,12.0,4.0,7.0,3.0,222.14,1,0.77,High Risk
53798,0,12.0,Computer,2,17.0,UPI,Male,4.0,4,Laptop & Accessory,3,Married,5,0,12.0,1.0,2.0,3.0,185.77,0,0.0,Low Risk
53799,0,9.0,Phone,1,7.0,Credit Card,Male,4.0,5,Mobile Phone,5,Single,3,0,20.0,1.0,2.0,3.0,149.5,0,0.03,Low Risk
53800,0,4.0,Mobile Phone,3,36.0,Cash on Delivery,Male,3.0,4,Fashion,4,Married,5,0,13.0,1.0,2.0,3.0,217.5,0,0.02,Low Risk
53801,1,1.0,Phone,1,9.0,Debit Card,Female,4.0,4,Mobile Phone,5,Married,3,1,13.0,2.0,2.0,1.0,145.74,1,0.87,High Risk
53802,1,17.0,Mobile Phone,1,9.0,Cash on Delivery,Female,4.0,5,Fashion,1,Married,2,0,17.0,2.0,2.0,3.0,226.69,1,0.68,Medium Risk
53803,1,2.0,Mobile Phone,1,9.0,Credit Card,Male,3.0,4,Laptop & Accessory,4,Married,6,0,12.0,1.0,2.0,5.0,173.55,1,0.6,Medium Risk
53804,0,6.0,Computer,1,7.0,COD,Male,4.0,4,Laptop & Accessory,5,Married,6,0,15.0,2.0,2.0,3.0,165.87,0,0.05,Low Risk
53805,0,22.0,Phone,1,22.0,UPI,Female,4.0,4,Mobile Phone,5,Married,10,0,13.0,8.0,8.0,7.0,148.67,0,0.1,Low Risk
53806,0,8.0,Mobile Phone,1,14.0,Credit Card,Male,3.0,4,Mobile Phone,1,Single,3,0,14.0,1.0,2.0,1.0,154.72,0,0.0,Low Risk
53807,0,29.0,Mobile Phone,3,33.0,E wallet,Male,3.0,5,Others,1,Married,3,0,15.0,3.0,3.0,14.0,320.86,0,0.02,Low Risk
53808,0,8.0,Mobile Phone,1,7.0,Debit Card,Male,3.0,4,Laptop & Accessory,1,Married,11,0,18.0,2.0,3.0,2.0,179.84,0,0.01,Low Risk
53809,0,1.0,Phone,1,10.0,Debit Card,Female,3.0,4,Mobile Phone,1,Married,3,0,22.0,2.0,2.0,1.0,145.61,0,0.05,Low Risk
53810,0,12.0,Mobile Phone,3,21.0,Debit Card,Male,4.0,4,Laptop & Accessory,4,Married,2,0,12.0,6.0,8.0,3.0,224.24,0,0.06,Low Risk
53811,0,12.0,Mobile Phone,3,23.0,Debit Card,Female,3.0,4,Laptop & Accessory,4,Single,4,0,13.0,1.0,2.0,3.0,166.98,0,0.01,Low Risk
53812,0,10.0,Mobile Phone,3,7.0,Debit Card,Female,4.0,4,Laptop & Accessory,3,Single,8,0,14.0,2.0,2.0,1.0,193.15,0,0.01,Low Risk
53813,0,3.0,Mobile Phone,1,10.0,Credit Card,Male,3.0,4,Mobile Phone,5,Single,3,1,19.0,1.0,2.0,6.0,172.23,0,0.0,Low Risk
53814,0,9.0,Mobile Phone,1,17.0,Credit Card,Female,3.0,4,Laptop & Accessory,3,Single,5,1,17.0,2.0,2.0,5.0,186.42,0,0.0,Low Risk
53815,0,13.0,Mobile Phone,3,13.0,Credit Card,Male,3.0,2,Fashion,3,Married,4,0,12.0,5.0,8.0,7.0,207.37,0,0.01,Low Risk
53816,0,3.0,Computer,1,9.0,Debit Card,Male,3.0,4,Laptop & Accessory,1,Married,3,0,20.0,1.0,2.0,3.0,213.53,0,0.01,Low Risk
53817,0,24.0,Mobile Phone,3,6.0,E wallet,Male,3.0,4,Others,3,Married,6,1,15.0,1.0,2.0,1.0,318.31,0,0.09,Low Risk
53818,0,1.0,Phone,1,17.0,COD,Male,3.0,2,Mobile Phone,3,Married,4,0,17.0,3.0,3.0,3.0,145.73,0,0.02,Low Risk
53819,0,10.0,Computer,1,13.0,Debit Card,Male,4.0,2,Laptop & Accessory,5,Married,5,1,14.0,2.0,2.0,3.0,180.62,0,0.01,Low Risk
53820,0,16.0,Mobile Phone,1,16.0,UPI,Male,4.0,5,Others,1,Single,10,0,15.0,2.0,2.0,2.0,321.13,0,0.01,Low Risk
53821,0,9.0,Mobile Phone,1,35.0,Debit Card,Male,3.0,2,Laptop & Accessory,3,Married,3,0,18.0,6.0,7.0,9.0,159.07,0,0.0,Low Risk
53822,0,8.0,Computer,1,17.0,COD,Male,4.0,5,Laptop & Accessory,3,Married,3,0,15.0,3.0,8.0,8.0,175.63,0,0.0,Low Risk
53823,0,14.0,Mobile Phone,3,21.0,Debit Card,Female,3.0,4,Laptop & Accessory,5,Married,3,0,16.0,1.0,2.0,3.0,171.39,0,0.0,Low Risk
53824,0,17.0,Mobile Phone,1,34.0,COD,Male,3.0,2,Mobile Phone,4,Married,7,0,13.0,2.0,2.0,3.0,173.76,0,0.0,Low Risk
53825,0,9.0,Mobile Phone,1,14.0,Debit Card,Male,4.0,5,Mobile Phone,1,Married,3,0,19.0,2.0,2.0,2.0,151.9,0,0.01,Low Risk
53826,0,20.0,Mobile Phone,3,7.0,Debit Card,Male,3.0,2,Grocery,5,Single,3,0,15.0,2.0,2.0,13.0,300.67,0,0.0,Low Risk
53827,1,1.0,Phone,1,31.0,Credit Card,Male,3.0,4,Mobile Phone,4,Married,3,1,18.0,1.0,2.0,1.0,149.08,1,0.99,High Risk
53828,0,1.0,Computer,1,33.0,UPI,Female,3.0,5,Mobile Phone,3,Married,3,1,15.0,1.0,2.0,4.0,153.14,0,0.09,Low Risk
53829,0,24.0,Computer,1,27.0,Credit Card,Male,3.0,4,Grocery,3,Married,4,1,16.0,4.0,2.0,14.0,237.45,0,0.0,Low Risk
53830,0,6.0,Mobile Phone,1,12.0,UPI,Female,3.0,2,Mobile Phone,1,Married,5,0,18.0,2.0,2.0,3.0,158.12,0,0.0,Low Risk
53831,0,18.0,Mobile Phone,1,14.0,Credit Card,Female,3.0,4,Others,1,Married,2,1,15.0,2.0,2.0,11.0,315.49,0,0.01,Low Risk
53832,0,4.0,Phone,1,14.0,Credit Card,Male,3.0,5,Mobile Phone,4,Married,3,0,13.0,1.0,2.0,2.0,146.41,0,0.0,Low Risk
53833,0,19.0,Mobile Phone,1,12.0,Credit Card,Female,3.0,6,Laptop & Accessory,5,Single,3,1,15.0,2.0,2.0,5.0,182.69,0,0.01,Low Risk
53834,0,19.0,Computer,3,33.0,E wallet,Male,3.0,5,Laptop & Accessory,5,Married,3,0,16.0,1.0,5.0,6.0,168.85,0,0.01,Low Risk
53835,0,5.0,Computer,3,9.0,UPI,Male,3.0,4,Laptop & Accessory,5,Single,9,0,14.0,1.0,2.0,4.0,178.32,0,0.03,Low Risk
53836,0,10.0,Mobile Phone,1,19.0,Debit Card,Female,4.0,4,Laptop & Accessory,3,Married,11,1,13.0,1.0,2.0,2.0,171.63,0,0.04,Low Risk
53837,0,8.0,Computer,1,17.0,Debit Card,Male,3.0,2,Laptop & Accessory,1,Married,3,0,14.0,6.0,8.0,3.0,172.24,0,0.0,Low Risk
53838,0,23.0,Mobile Phone,1,32.0,Debit Card,Female,3.0,4,Mobile Phone,5,Married,3,0,15.0,1.0,2.0,5.0,157.11,0,0.0,Low Risk
53839,0,13.0,Mobile Phone,1,17.0,Credit Card,Male,4.0,4,Laptop & Accessory,5,Married,4,0,14.0,5.0,8.0,8.0,178.77,0,0.0,Low Risk
53840,0,1.0,Mobile Phone,1,26.0,UPI,Male,4.0,5,Mobile Phone,5,Married,3,0,12.0,1.0,2.0,8.0,165.66,0,0.11,Low Risk
53841,0,9.0,Mobile Phone,1,25.0,Debit Card,Male,3.0,2,Laptop & Accessory,5,Married,3,0,12.0,1.0,2.0,11.0,177.08,0,0.0,Low Risk
53842,0,2.0,Mobile Phone,1,34.0,Credit Card,Female,3.0,6,Laptop & Accessory,5,Married,2,0,22.0,2.0,2.0,1.0,25.0,0,0.24,Low Risk
53843,0,1.0,Mobile Phone,1,12.0,Credit Card,Male,4.0,4,Mobile Phone,1,Single,3,0,19.0,2.0,3.0,3.0,156.17,0,0.0,Low Risk
53844,1,1.0,Computer,3,10.0,Credit Card,Female,4.0,4,Mobile Phone,1,Single,3,1,13.0,1.0,2.0,1.0,140.69,1,0.91,High Risk
53845,0,21.0,Mobile Phone,2,33.0,Debit Card,Female,4.0,4,Others,3,Married,5,0,15.0,2.0,2.0,1.0,321.58,0,0.0,Low Risk
53846,0,13.0,Mobile Phone,1,10.0,Credit Card,Male,4.0,5,Laptop & Accessory,3,Married,2,0,16.0,1.0,2.0,8.0,155.69,0,0.0,Low Risk
53847,0,14.0,Mobile Phone,1,22.0,Debit Card,Female,4.0,5,Fashion,3,Married,3,0,14.0,2.0,15.0,3.0,229.35,0,0.0,Low Risk
53848,0,9.0,Computer,1,15.0,Debit Card,Female,3.0,4,Laptop & Accessory,3,Married,3,0,13.0,3.0,3.0,10.0,166.48,0,0.0,Low Risk
53849,0,11.0,Mobile Phone,1,26.0,Debit Card,Male,3.0,4,Laptop & Accessory,3,Married,5,0,18.0,1.0,2.0,3.0,182.68,0,0.0,Low Risk
53850,0,13.0,Computer,1,11.0,Credit Card,Female,3.0,4,Laptop & Accessory,3,Single,2,0,14.0,4.0,4.0,9.0,175.42,0,0.0,Low Risk
53851,0,19.0,Mobile Phone,1,9.0,UPI,Female,3.0,5,Laptop & Accessory,1,Married,3,0,20.0,3.0,4.0,10.0,182.7,0,0.0,Low Risk
53852,0,12.0,Mobile Phone,1,9.0,Credit Card,Female,3.0,5,Fashion,3,Married,5,1,20.0,2.0,2.0,3.0,202.56,0,0.0,Low Risk
53853,1,1.0,Mobile Phone,3,17.0,Credit Card,Male,3.0,5,Fashion,5,Married,11,0,18.0,5.0,7.0,3.0,228.06,1,0.97,High Risk
53854,0,11.0,Mobile Phone,1,17.0,Credit Card,Female,4.0,4,Mobile Phone,4,Married,3,0,12.0,2.0,8.0,8.0,164.36,0,0.0,Low Risk
53855,0,14.0,Mobile Phone,1,23.0,Debit Card,Female,3.0,4,Fashion,1,Single,8,1,16.0,2.0,4.0,4.0,204.45,0,0.03,Low Risk
53856,0,18.0,Computer,2,7.0,UPI,Male,3.0,4,Laptop & Accessory,1,Married,6,1,12.0,2.0,2.0,3.0,182.43,0,0.0,Low Risk
53857,0,22.0,Computer,1,11.0,Credit Card,Male,3.0,5,Grocery,1,Married,4,0,26.0,1.0,3.0,3.0,277.02,0,0.01,Low Risk
53858,1,1.0,Mobile Phone,3,22.0,Credit Card,Male,3.0,6,Laptop & Accessory,1,Married,8,1,15.0,2.0,3.0,3.0,179.4,1,0.96,High Risk
53859,0,1.0,Computer,1,9.0,COD,Female,3.0,4,Mobile Phone,1,Single,3,1,14.0,2.0,2.0,4.0,162.6,0,0.26,Low Risk
53860,0,1.0,Mobile Phone,1,15.0,Credit Card,Female,3.0,2,Mobile Phone,3,Married,9,0,18.0,1.0,2.0,3.0,160.17,0,0.04,Low Risk
53861,0,1.0,Computer,1,9.0,Credit Card,Male,3.0,4,Mobile Phone,1,Single,4,0,14.0,1.0,2.0,3.0,150.8,0,0.17,Low Risk
53862,1,4.0,Phone,1,14.0,Debit Card,Male,4.0,4,Mobile Phone,5,Single,5,1,15.0,1.0,2.0,4.0,146.66,1,0.77,High Risk
53863,0,3.0,Mobile Phone,3,17.0,Credit Card,Male,3.0,5,Laptop & Accessory,3,Single,11,0,12.0,2.0,2.0,5.0,183.69,0,0.03,Low Risk
53864,0,10.0,Mobile Phone,1,12.0,Debit Card,Female,3.0,4,Fashion,5,Married,6,0,13.0,2.0,2.0,3.0,205.08,0,0.01,Low Risk
53865,0,1.0,Computer,1,9.0,Debit Card,Male,4.0,2,Laptop & Accessory,3,Married,3,0,18.0,1.0,2.0,8.0,177.06,0,0.04,Low Risk
53866,0,13.0,Mobile Phone,1,19.0,Credit Card,Male,4.0,4,Laptop & Accessory,4,Married,6,0,22.0,2.0,2.0,1.0,177.95,0,0.01,Low Risk
53867,0,23.0,Mobile Phone,1,29.0,UPI,Female,4.0,4,Grocery,4,Married,5,0,17.0,1.0,2.0,3.0,289.13,0,0.0,Low Risk
53868,0,24.0,Mobile Phone,1,24.0,Debit Card,Female,3.0,5,Fashion,5,Married,7,0,16.0,2.0,2.0,12.0,257.69,0,0.0,Low Risk
53869,0,1.0,Mobile Phone,3,9.0,Credit Card,Female,3.0,4,Mobile Phone,3,Single,3,0,20.0,1.0,3.0,3.0,152.83,0,0.17,Low Risk
53870,0,8.0,Mobile Phone,1,10.0,Debit Card,Female,4.0,4,Laptop & Accessory,4,Married,3,0,13.0,8.0,8.0,10.0,179.33,0,0.01,Low Risk
53871,0,10.0,Phone,1,14.0,Debit Card,Male,4.0,4,Mobile Phone,4,Single,4,0,12.0,1.0,2.0,4.0,145.13,0,0.02,Low Risk
53872,0,23.0,Mobile Phone,1,13.0,Debit Card,Female,3.0,5,Grocery,3,Married,4,1,20.0,1.0,3.0,13.0,264.66,0,0.0,Low Risk
53873,0,10.0,Computer,1,7.0,Credit Card,Female,3.0,5,Laptop & Accessory,3,Married,2,0,16.0,2.0,2.0,3.0,168.74,0,0.01,Low Risk
53874,0,10.0,Mobile Phone,1,10.0,Debit Card,Male,4.0,2,Laptop & Accessory,5,Married,8,0,21.0,2.0,2.0,5.0,193.42,0,0.0,Low Risk
53875,0,28.0,Mobile Phone,1,29.0,Credit Card,Female,4.0,4,Grocery,3,Married,5,0,15.0,3.0,5.0,8.0,299.26,0,0.0,Low Risk
53876,0,17.0,Mobile Phone,1,22.0,Debit Card,Male,4.0,5,Grocery,3,Married,3,0,15.0,5.0,7.0,12.0,301.03,0,0.02,Low Risk
53877,1,1.0,Computer,3,19.0,UPI,Male,3.0,4,Laptop & Accessory,1,Single,5,1,25.0,4.0,7.0,8.0,170.81,1,0.91,High Risk
53878,0,12.0,Computer,1,7.0,Debit Card,Male,3.0,4,Laptop & Accessory,1,Married,9,0,16.0,3.0,3.0,10.0,172.35,0,0.02,Low Risk
53879,0,3.0,Mobile Phone,3,12.0,Credit Card,Male,3.0,5,Laptop & Accessory,4,Married,3,1,14.0,1.0,2.0,10.0,166.87,0,0.0,Low Risk
53880,0,7.0,Mobile Phone,3,9.0,Credit Card,Male,4.0,4,Laptop & Accessory,1,Married,3,0,15.0,2.0,2.0,5.0,180.05,0,0.0,Low Risk
53881,0,6.0,Mobile Phone,1,9.0,Credit Card,Male,3.0,4,Laptop & Accessory,4,Married,2,0,14.0,1.0,2.0,7.0,179.7,0,0.0,Low Risk
53882,0,5.0,Mobile Phone,3,12.0,Debit Card,Female,4.0,4,Laptop & Accessory,1,Married,3,0,12.0,1.0,2.0,3.0,179.76,0,0.0,Low Risk
53883,0,23.0,Mobile Phone,1,23.0,Credit Card,Female,4.0,4,Mobile Phone,5,Married,6,1,17.0,2.0,3.0,3.0,150.87,0,0.03,Low Risk
53884,0,12.0,Computer,1,9.0,Credit Card,Female,3.0,5,Mobile Phone,4,Single,3,0,23.0,2.0,4.0,4.0,149.4,0,0.02,Low Risk
53885,0,21.0,Mobile Phone,3,9.0,Debit Card,Female,3.0,2,Grocery,4,Married,8,0,15.0,1.0,2.0,3.0,284.72,0,0.0,Low Risk
53886,0,23.0,Mobile Phone,1,7.0,Debit Card,Male,3.0,4,Grocery,3,Single,6,0,15.0,1.0,2.0,1.0,278.79,0,0.0,Low Risk
53887,0,15.0,Mobile Phone,3,30.0,Debit Card,Male,4.0,4,Fashion,3,Single,5,1,17.0,1.0,2.0,3.0,195.82,0,0.11,Low Risk
53888,0,1.0,Mobile Phone,3,16.0,Debit Card,Male,3.0,4,Mobile Phone,5,Single,3,0,12.0,1.0,2.0,3.0,152.28,0,0.09,Low Risk
53889,0,7.0,Computer,3,23.0,Debit Card,Female,3.0,4,Laptop & Accessory,1,Married,3,1,26.0,1.0,2.0,3.0,178.68,0,0.01,Low Risk
53890,0,10.0,Mobile Phone,1,33.0,Debit Card,Male,4.0,4,Laptop & Accessory,3,Married,8,0,15.0,2.0,2.0,3.0,178.47,0,0.0,Low Risk
53891,0,18.0,Mobile Phone,2,7.0,Debit Card,Female,3.0,4,Mobile Phone,1,Married,6,1,19.0,3.0,3.0,3.0,156.95,0,0.0,Low Risk
53892,1,1.0,Mobile Phone,1,15.0,Credit Card,Male,4.0,5,Mobile Phone,3,Single,3,1,12.0,2.0,2.0,3.0,164.89,1,0.92,High Risk
53893,0,12.0,Mobile Phone,1,11.0,Credit Card,Female,3.0,4,Mobile Phone,3,Married,9,0,20.0,1.0,2.0,1.0,158.06,0,0.01,Low Risk
53894,0,27.0,Mobile Phone,1,31.0,Credit Card,Male,3.0,2,Fashion,1,Married,5,0,16.0,1.0,2.0,3.0,195.05,0,0.0,Low Risk
53895,1,12.0,Computer,3,14.0,Credit Card,Female,4.0,4,Mobile Phone,3,Married,4,1,12.0,5.0,8.0,8.0,151.55,1,0.87,High Risk
53896,1,1.0,Phone,1,9.0,Debit Card,Male,4.0,4,Mobile Phone,4,Single,3,0,13.0,2.0,2.0,1.0,138.93,1,0.88,High Risk
53897,0,1.0,Computer,1,14.0,Credit Card,Male,4.0,4,Mobile Phone,1,Single,3,0,21.0,6.0,6.0,8.0,150.7,0,0.11,Low Risk
53898,0,29.0,Mobile Phone,1,29.0,COD,Male,4.0,5,Mobile Phone,4,Married,7,0,13.0,2.0,2.0,3.0,160.37,0,0.02,Low Risk
53899,0,8.0,Mobile Phone,1,12.0,Credit Card,Male,3.0,5,Laptop & Accessory,1,Married,3,0,15.0,5.0,5.0,14.0,164.86,0,0.0,Low Risk
53900,0,31.0,Mobile Phone,1,7.0,Credit Card,Male,4.0,6,Fashion,1,Married,5,0,21.0,1.0,2.0,1.0,233.82999999999998,0,0.01,Low Risk
53901,0,7.0,Phone,1,28.0,Credit Card,Male,4.0,2,Mobile Phone,4,Married,3,0,19.0,3.0,3.0,14.0,145.28,0,0.0,Low Risk
53902,0,11.0,Computer,3,7.0,Credit Card,Male,3.0,6,Laptop & Accessory,1,Married,3,0,15.0,1.0,2.0,3.0,220.25,0,0.01,Low Risk
53903,0,8.0,Mobile Phone,1,26.0,Debit Card,Female,3.0,5,Mobile Phone,1,Married,3,0,13.0,4.0,9.0,8.0,154.29,0,0.01,Low Risk
53904,1,1.0,Phone,3,14.0,Debit Card,Male,3.0,4,Mobile Phone,1,Married,3,1,22.0,2.0,2.0,3.0,147.75,1,0.94,High Risk
53905,0,18.0,Mobile Phone,1,9.0,Debit Card,Female,4.0,2,Fashion,1,Married,3,1,20.0,7.0,7.0,8.0,203.79,0,0.0,Low Risk
53906,0,9.0,Computer,1,9.0,Credit Card,Male,4.0,5,Mobile Phone,1,Single,2,1,15.0,2.0,2.0,5.0,174.3,0,0.0,Low Risk
53907,0,17.0,Mobile Phone,3,9.0,Credit Card,Male,4.0,4,Laptop & Accessory,1,Married,3,1,18.0,1.0,9.0,9.0,203.47,0,0.01,Low Risk
53908,0,1.0,Mobile Phone,1,16.0,Credit Card,Male,4.0,2,Mobile Phone,3,Married,3,0,17.0,1.0,2.0,5.0,169.01,0,0.06,Low Risk
53909,0,15.0,Mobile Phone,3,13.0,E wallet,Male,3.0,4,Fashion,3,Single,3,0,13.0,7.0,9.0,3.0,217.41,0,0.08,Low Risk
53910,0,3.0,Mobile Phone,1,16.0,Credit Card,Female,3.0,4,Mobile Phone,3,Married,11,0,18.0,2.0,2.0,3.0,154.74,0,0.0,Low Risk
53911,0,10.0,Mobile Phone,3,9.0,Debit Card,Female,3.0,4,Laptop & Accessory,1,Single,5,0,16.0,4.0,7.0,8.0,170.02,0,0.01,Low Risk
53912,0,19.0,Computer,1,7.0,Debit Card,Male,4.0,5,Fashion,3,Married,5,0,24.0,4.0,2.0,5.0,232.48000000000002,0,0.0,Low Risk
53913,1,1.0,Phone,2,29.0,UPI,Male,3.0,6,Mobile Phone,3,Married,3,0,12.0,1.0,2.0,1.0,140.55,1,0.97,High Risk
53914,1,11.0,Computer,3,16.0,Debit Card,Male,3.0,6,Grocery,3,Married,9,0,12.0,2.0,2.0,11.0,254.36,1,0.8,High Risk
53915,0,1.0,Phone,1,24.0,Credit Card,Male,4.0,6,Mobile Phone,3,Married,3,0,16.0,1.0,2.0,3.0,148.05,0,0.04,Low Risk
53916,0,19.0,Mobile Phone,1,35.0,Cash on Delivery,Female,3.0,5,Grocery,4,Single,3,0,15.0,4.0,9.0,7.0,292.04,0,0.01,Low Risk
53917,0,6.0,Computer,1,17.0,Debit Card,Male,3.0,4,Mobile Phone,3,Married,8,0,14.0,1.0,2.0,4.0,159.33,0,0.01,Low Risk
53918,0,5.0,Mobile Phone,1,9.0,Debit Card,Male,4.0,4,Mobile Phone,3,Married,3,0,15.0,1.0,2.0,4.0,159.77,0,0.0,Low Risk
53919,0,15.0,Computer,2,11.0,UPI,Male,3.0,6,Laptop & Accessory,4,Married,8,0,20.0,1.0,2.0,3.0,189.3,0,0.02,Low Risk
53920,0,14.0,Mobile Phone,1,15.0,Debit Card,Female,4.0,4,Laptop & Accessory,5,Married,4,1,17.0,1.0,2.0,1.0,190.16,0,0.02,Low Risk
53921,0,1.0,Mobile Phone,1,36.0,Credit Card,Male,4.0,4,Mobile Phone,5,Married,3,0,14.0,2.0,2.0,3.0,164.07,0,0.0,Low Risk
53922,0,20.0,Mobile Phone,1,20.0,Debit Card,Male,3.0,4,Laptop & Accessory,4,Single,8,0,15.0,2.0,2.0,10.0,180.62,0,0.0,Low Risk
53923,0,9.0,Mobile Phone,1,34.0,Debit Card,Male,3.0,4,Laptop & Accessory,3,Married,4,0,17.0,1.0,2.0,8.0,193.83,0,0.0,Low Risk
53924,0,4.0,Mobile Phone,1,23.0,Debit Card,Male,3.0,4,Mobile Phone,1,Married,3,0,13.0,1.0,2.0,9.0,153.62,0,0.0,Low Risk
53925,0,21.0,Computer,3,9.0,E wallet,Male,3.0,4,Laptop & Accessory,4,Married,9,0,12.0,1.0,2.0,1.0,174.78,0,0.04,Low Risk
53926,0,20.0,Mobile Phone,3,9.0,Debit Card,Male,4.0,4,Fashion,1,Married,6,1,13.0,1.0,2.0,3.0,228.68,0,0.0,Low Risk
53927,1,1.0,Mobile Phone,3,20.0,E wallet,Male,4.0,5,Laptop & Accessory,5,Married,7,1,14.0,3.0,3.0,3.0,186.34,1,0.95,High Risk
53928,1,1.0,Mobile Phone,3,7.0,Debit Card,Male,3.0,6,Laptop & Accessory,4,Single,8,0,16.0,1.0,2.0,1.0,192.35,1,0.88,High Risk
53929,0,1.0,Mobile Phone,1,11.0,Credit Card,Female,3.0,4,Mobile Phone,4,Single,3,0,14.0,2.0,2.0,3.0,157.95,0,0.13,Low Risk
53930,0,5.0,Computer,1,31.0,COD,Female,2.0,4,Laptop & Accessory,1,Single,4,0,21.0,2.0,2.0,5.0,177.38,0,0.0,Low Risk
53931,0,13.0,Computer,1,7.0,Debit Card,Male,4.0,4,Laptop & Accessory,1,Married,3,1,16.0,4.0,6.0,9.0,189.72,0,0.01,Low Risk
53932,0,6.0,Mobile Phone,3,26.0,Debit Card,Male,4.0,6,Fashion,3,Married,5,0,14.0,2.0,2.0,3.0,221.1,0,0.05,Low Risk
53933,0,14.0,Mobile Phone,3,14.0,Credit Card,Male,3.0,4,Others,4,Single,3,0,15.0,2.0,13.0,9.0,323.33,0,0.08,Low Risk
53934,0,19.0,Mobile Phone,2,11.0,Debit Card,Female,3.0,6,Fashion,3,Married,6,0,22.0,2.0,2.0,3.0,222.56,0,0.0,Low Risk
53935,0,4.0,Computer,1,9.0,COD,Female,4.0,5,Mobile Phone,5,Single,2,0,17.0,1.0,2.0,8.0,174.68,0,0.0,Low Risk
53936,0,1.0,Computer,2,17.0,Credit Card,Male,3.0,4,Mobile Phone,1,Married,2,0,15.0,2.0,3.0,2.0,146.45,0,0.02,Low Risk
53937,1,1.0,Computer,2,15.0,UPI,Female,4.0,5,Mobile Phone,1,Married,8,0,12.0,2.0,2.0,3.0,146.8,0,0.44,Medium Risk
53938,0,5.0,Mobile Phone,3,12.0,Cash on Delivery,Male,3.0,4,Laptop & Accessory,3,Married,3,0,20.0,1.0,2.0,3.0,208.46,0,0.0,Low Risk
53939,0,1.0,Mobile Phone,1,15.0,Credit Card,Female,4.0,4,Mobile Phone,1,Single,3,0,12.0,2.0,2.0,5.0,159.45,0,0.02,Low Risk
53940,1,1.0,Mobile Phone,3,16.0,E wallet,Female,3.0,6,Mobile Phone,4,Single,3,0,14.0,2.0,3.0,3.0,152.6,1,0.91,High Risk
53941,0,3.0,Computer,1,7.0,Debit Card,Male,4.0,2,Laptop & Accessory,3,Single,10,1,13.0,1.0,2.0,3.0,187.94,0,0.1,Low Risk
53942,0,4.0,Mobile Phone,3,22.0,E wallet,Male,4.0,5,Fashion,5,Married,4,0,12.0,1.0,2.0,8.0,196.4,0,0.01,Low Risk
53943,0,8.0,Mobile Phone,1,9.0,Credit Card,Male,4.0,2,Mobile Phone,1,Married,2,1,15.0,1.0,2.0,3.0,154.32,0,0.03,Low Risk
53944,0,7.0,Computer,3,9.0,E wallet,Female,4.0,4,Laptop & Accessory,4,Single,10,0,16.0,1.0,2.0,8.0,176.47,0,0.0,Low Risk
53945,0,23.0,Mobile Phone,3,18.0,E wallet,Female,4.0,4,Laptop & Accessory,1,Single,5,0,13.0,1.0,2.0,5.0,170.07,0,0.0,Low Risk
53946,1,1.0,Mobile Phone,3,23.0,Debit Card,Female,4.0,4,Fashion,5,Single,4,1,21.0,1.0,2.0,3.0,210.64,1,0.98,High Risk
53947,0,12.0,Computer,1,9.0,Credit Card,Female,4.0,5,Mobile Phone,4,Married,6,0,15.0,1.0,2.0,6.0,149.68,0,0.0,Low Risk
53948,1,1.0,Mobile Phone,3,23.0,E wallet,Male,4.0,4,Fashion,3,Married,4,0,14.0,2.0,2.0,1.0,206.61,1,0.97,High Risk
53949,0,3.0,Phone,1,11.0,COD,Female,4.0,5,Mobile Phone,5,Married,3,0,14.0,1.0,2.0,1.0,146.09,0,0.11,Low Risk
53950,0,1.0,Mobile Phone,1,23.0,Debit Card,Male,3.0,2,Laptop & Accessory,3,Married,5,0,17.0,2.0,2.0,8.0,177.94,0,0.19,Low Risk
53951,0,6.0,Computer,1,12.0,COD,Male,4.0,4,Mobile Phone,4,Single,4,0,15.0,2.0,2.0,8.0,152.18,0,0.01,Low Risk
53952,0,12.0,Mobile Phone,1,25.0,Credit Card,Male,3.0,6,Laptop & Accessory,1,Married,5,1,17.0,1.0,2.0,1.0,183.11,0,0.02,Low Risk
53953,1,7.0,Computer,1,24.0,COD,Male,3.0,5,Mobile Phone,3,Married,11,1,17.0,2.0,2.0,1.0,149.37,1,0.95,High Risk
53954,0,16.0,Mobile Phone,1,19.0,Credit Card,Male,3.0,4,Mobile Phone,4,Married,10,0,23.0,2.0,2.0,5.0,152.66,0,0.0,Low Risk
53955,0,29.0,Mobile Phone,1,9.0,Credit Card,Male,3.0,5,Others,5,Married,10,0,15.0,1.0,2.0,1.0,315.38,0,0.02,Low Risk
53956,0,7.0,Computer,1,11.0,COD,Male,3.0,4,Laptop & Accessory,4,Married,7,0,16.0,1.0,2.0,8.0,155.55,0,0.0,Low Risk
53957,0,15.0,Phone,1,16.0,Debit Card,Male,4.0,4,Mobile Phone,5,Married,3,0,21.0,2.0,2.0,5.0,147.89,0,0.01,Low Risk
53958,0,8.0,Computer,3,17.0,Debit Card,Male,3.0,4,Laptop & Accessory,3,Married,3,1,15.0,2.0,2.0,8.0,165.01,0,0.02,Low Risk
53959,0,27.0,Computer,1,7.0,Credit Card,Female,3.0,5,Grocery,3,Married,6,1,21.0,1.0,2.0,3.0,254.64999999999998,0,0.01,Low Risk
53960,0,17.0,Mobile Phone,2,9.0,Debit Card,Male,4.0,4,Mobile Phone,1,Single,2,0,14.0,1.0,2.0,9.0,160.39,0,0.0,Low Risk
53961,0,8.0,Mobile Phone,3,10.0,Debit Card,Female,3.0,6,Laptop & Accessory,1,Single,7,0,13.0,2.0,3.0,3.0,185.29,0,0.21,Low Risk
53962,1,1.0,Mobile Phone,3,14.0,E wallet,Male,3.0,4,Mobile Phone,4,Single,3,0,14.0,2.0,2.0,1.0,151.79,1,0.98,High Risk
53963,0,12.0,Mobile Phone,1,13.0,UPI,Female,3.0,5,Mobile Phone,3,Married,3,0,12.0,1.0,2.0,5.0,162.02,0,0.0,Low Risk
53964,1,1.0,Phone,1,15.0,Credit Card,Female,4.0,4,Mobile Phone,5,Married,3,1,18.0,1.0,2.0,1.0,148.98,1,0.96,High Risk
53965,0,5.0,Mobile Phone,3,36.0,E wallet,Female,4.0,5,Laptop & Accessory,1,Married,3,0,15.0,3.0,6.0,8.0,179.68,0,0.01,Low Risk
53966,0,25.0,Mobile Phone,1,10.0,Cash on Delivery,Female,3.0,4,Fashion,3,Married,4,0,12.0,3.0,2.0,3.0,256.16,0,0.01,Low Risk
53967,0,11.0,Mobile Phone,3,16.0,E wallet,Male,3.0,5,Laptop & Accessory,4,Married,3,0,15.0,1.0,2.0,4.0,166.89,0,0.0,Low Risk
53968,0,20.0,Mobile Phone,1,9.0,Credit Card,Male,3.0,4,Others,1,Married,9,1,15.0,2.0,3.0,3.0,318.28,0,0.07,Low Risk
53969,0,10.0,Mobile Phone,1,17.0,Debit Card,Male,3.0,4,Fashion,5,Married,9,1,14.0,2.0,6.0,8.0,208.21,0,0.13,Low Risk
53970,1,8.0,Computer,1,7.0,Credit Card,Male,3.0,4,Mobile Phone,4,Married,3,1,13.0,2.0,3.0,4.0,148.42,1,0.79,High Risk
53971,0,11.0,Mobile Phone,2,15.0,UPI,Male,3.0,4,Laptop & Accessory,4,Married,4,0,14.0,5.0,5.0,8.0,165.71,0,0.01,Low Risk
53972,1,1.0,Mobile Phone,3,34.0,Debit Card,Male,3.0,4,Laptop & Accessory,1,Single,3,1,19.0,1.0,8.0,8.0,183.13,1,0.92,High Risk
53973,0,7.0,Mobile Phone,1,15.0,Debit Card,Male,3.0,2,Mobile Phone,5,Married,8,0,20.0,7.0,8.0,7.0,156.43,0,0.02,Low Risk
53974,0,2.0,Phone,1,7.0,Debit Card,Male,3.0,4,Mobile Phone,1,Married,3,0,12.0,1.0,2.0,4.0,145.44,0,0.01,Low Risk
53975,0,13.0,Mobile Phone,1,17.0,Credit Card,Male,4.0,4,Fashion,3,Single,9,0,22.0,3.0,2.0,3.0,259.64,0,0.01,Low Risk
53976,0,20.0,Computer,3,33.0,Debit Card,Male,4.0,5,Laptop & Accessory,4,Single,10,0,16.0,3.0,3.0,3.0,204.91,0,0.0,Low Risk
53977,0,14.0,Mobile Phone,1,9.0,Debit Card,Female,3.0,4,Mobile Phone,5,Married,6,0,18.0,2.0,2.0,3.0,158.77,0,0.02,Low Risk
53978,0,16.0,Mobile Phone,1,20.0,Credit Card,Male,4.0,2,Laptop & Accessory,5,Married,7,0,19.0,2.0,2.0,1.0,180.38,0,0.0,Low Risk
53979,0,9.0,Computer,1,9.0,Credit Card,Male,3.0,4,Laptop & Accessory,1,Married,4,0,15.0,1.0,2.0,8.0,182.62,0,0.0,Low Risk
53980,0,12.0,Computer,2,9.0,UPI,Male,4.0,4,Mobile Phone,4,Married,7,0,14.0,4.0,4.0,9.0,150.92,0,0.04,Low Risk
53981,1,1.0,Computer,1,16.0,Debit Card,Male,4.0,4,Laptop & Accessory,5,Married,6,0,18.0,1.0,2.0,8.0,178.46,1,0.9,High Risk
53982,1,1.0,Mobile Phone,1,17.0,Credit Card,Male,3.0,4,Laptop & Accessory,5,Single,3,0,16.0,1.0,2.0,9.0,167.13,1,0.95,High Risk
53983,0,13.0,Computer,3,27.0,Debit Card,Male,3.0,4,Laptop & Accessory,1,Married,4,0,19.0,2.0,3.0,3.0,166.27,0,0.0,Low Risk
53984,0,17.0,Computer,1,16.0,Debit Card,Male,3.0,4,Mobile Phone,3,Single,6,0,14.0,1.0,2.0,3.0,149.38,0,0.0,Low Risk
53985,0,15.0,Mobile Phone,1,12.0,Debit Card,Male,3.0,2,Laptop & Accessory,4,Single,5,0,13.0,2.0,2.0,3.0,193.7,0,0.0,Low Risk
53986,0,15.0,Mobile Phone,3,11.0,E wallet,Female,3.0,4,Fashion,3,Married,2,1,14.0,1.0,14.0,3.0,229.47,0,0.02,Low Risk
53987,0,4.0,Mobile Phone,1,17.0,Credit Card,Female,4.0,4,Fashion,3,Single,11,0,15.0,1.0,2.0,3.0,221.67,0,0.01,Low Risk
53988,1,1.0,Phone,2,27.0,Credit Card,Female,4.0,4,Mobile Phone,4,Married,2,1,12.0,1.0,2.0,5.0,146.48,1,0.95,High Risk
53989,1,10.0,Mobile Phone,1,28.0,Credit Card,Female,4.0,4,Laptop & Accessory,4,Married,6,0,23.0,2.0,4.0,3.0,214.26,1,0.89,High Risk
53990,0,14.0,Mobile Phone,1,7.0,Debit Card,Female,3.0,4,Laptop & Accessory,1,Married,6,0,18.0,1.0,2.0,4.0,190.13,0,0.0,Low Risk
53991,0,8.0,Mobile Phone,3,15.0,Cash on Delivery,Male,4.0,2,Laptop & Accessory,3,Married,3,0,22.0,1.0,5.0,9.0,192.99,0,0.0,Low Risk
53992,0,31.0,Computer,3,9.0,Credit Card,Male,3.0,4,Grocery,4,Married,6,0,23.0,11.0,15.0,15.0,25.0,0,0.12,Low Risk
53993,0,9.0,Mobile Phone,1,30.0,Credit Card,Male,4.0,6,Mobile Phone,3,Married,2,0,17.0,2.0,2.0,4.0,152.05,0,0.03,Low Risk
53994,0,21.0,Mobile Phone,1,11.0,Debit Card,Female,4.0,5,Fashion,4,Married,10,1,13.0,3.0,15.0,3.0,228.33,0,0.03,Low Risk
53995,0,14.0,Mobile Phone,1,19.0,Debit Card,Female,3.0,4,Laptop & Accessory,5,Married,4,0,13.0,8.0,8.0,8.0,169.48,0,0.06,Low Risk
53996,0,28.0,Mobile Phone,1,14.0,Credit Card,Female,4.0,4,Laptop & Accessory,1,Married,6,0,16.0,2.0,2.0,8.0,193.54,0,0.01,Low Risk
53997,0,5.0,Computer,3,14.0,E wallet,Female,4.0,4,Fashion,5,Married,4,0,15.0,3.0,3.0,3.0,221.37,0,0.01,Low Risk
53998,0,2.0,Mobile Phone,1,7.0,Credit Card,Female,4.0,4,Mobile Phone,5,Married,3,0,26.0,2.0,2.0,3.0,160.91,0,0.01,Low Risk
53999,0,12.0,Mobile Phone,3,9.0,E wallet,Female,4.0,6,Laptop & Accessory,1,Married,4,1,21.0,1.0,2.0,4.0,179.05,0,0.0,Low Risk
54000,0,1.0,Mobile Phone,3,17.0,Credit Card,Male,3.0,4,Laptop & Accessory,1,Single,3,0,14.0,1.0,2.0,3.0,171.84,0,0.02,Low Risk
54001,0,31.0,Computer,1,22.0,Debit Card,Male,3.0,4,Grocery,3,Married,4,1,15.0,1.0,3.0,3.0,282.87,0,0.0,Low Risk
54002,0,1.0,Computer,1,21.0,Credit Card,Female,3.0,4,Mobile Phone,3,Single,3,0,17.0,2.0,2.0,1.0,140.14,0,0.09,Low Risk
54003,1,1.0,Mobile Phone,2,25.0,UPI,Male,3.0,2,Mobile Phone,5,Married,2,0,18.0,2.0,2.0,1.0,154.56,1,0.84,High Risk
54004,1,1.0,Phone,2,20.0,UPI,Male,3.0,5,Mobile Phone,5,Married,6,1,16.0,2.0,3.0,1.0,148.35,1,0.99,High Risk
54005,0,19.0,Computer,3,9.0,Debit Card,Female,4.0,4,Laptop & Accessory,3,Married,6,0,23.0,4.0,6.0,8.0,176.54,0,0.0,Low Risk
54006,0,10.0,Mobile Phone,1,9.0,UPI,Female,4.0,4,Laptop & Accessory,4,Married,6,1,23.0,1.0,2.0,1.0,194.62,0,0.02,Low Risk
54007,0,17.0,Computer,3,9.0,Debit Card,Male,4.0,4,Laptop & Accessory,1,Married,3,0,21.0,6.0,8.0,8.0,181.75,0,0.01,Low Risk
54008,0,1.0,Computer,1,12.0,Debit Card,Female,3.0,4,Mobile Phone,1,Single,2,1,15.0,2.0,2.0,3.0,148.79,0,0.09,Low Risk
54009,0,3.0,Computer,1,27.0,Credit Card,Male,3.0,4,Mobile Phone,1,Married,3,0,14.0,2.0,4.0,11.0,163.12,0,0.0,Low Risk
54010,0,6.0,Computer,3,17.0,E wallet,Male,4.0,4,Laptop & Accessory,1,Single,10,0,14.0,2.0,2.0,1.0,171.48,0,0.01,Low Risk
54011,0,16.0,Computer,1,17.0,COD,Male,3.0,4,Mobile Phone,3,Married,5,0,23.0,2.0,4.0,4.0,154.36,0,0.02,Low Risk
54012,0,21.0,Phone,1,16.0,Debit Card,Female,4.0,4,Mobile Phone,3,Single,6,0,13.0,2.0,3.0,1.0,146.05,0,0.01,Low Risk
54013,0,20.0,Mobile Phone,1,9.0,Debit Card,Male,3.0,4,Fashion,1,Married,5,0,15.0,2.0,5.0,3.0,210.78,0,0.0,Low Risk
54014,0,2.0,Computer,2,7.0,Debit Card,Male,3.0,4,Mobile Phone,1,Married,3,0,16.0,1.0,3.0,3.0,152.06,0,0.0,Low Risk
54015,0,3.0,Mobile Phone,1,36.0,Debit Card,Male,4.0,6,Laptop & Accessory,3,Married,10,0,18.0,2.0,2.0,7.0,188.84,0,0.06,Low Risk
54016,0,16.0,Mobile Phone,1,15.0,Debit Card,Male,3.0,4,Mobile Phone,3,Single,6,0,14.0,2.0,2.0,1.0,164.68,0,0.01,Low Risk
54017,1,1.0,Mobile Phone,3,9.0,E wallet,Male,3.0,5,Laptop & Accessory,4,Single,9,1,13.0,3.0,3.0,3.0,224.07,1,0.98,High Risk
54018,0,20.0,Mobile Phone,3,10.0,Cash on Delivery,Female,3.0,2,Grocery,5,Married,4,0,13.0,2.0,2.0,9.0,257.25,0,0.01,Low Risk
54019,0,1.0,Mobile Phone,3,30.0,Credit Card,Female,3.0,5,Laptop & Accessory,3,Married,3,0,22.0,5.0,6.0,9.0,160.4,0,0.09,Low Risk
54020,0,3.0,Mobile Phone,2,13.0,Credit Card,Male,3.0,5,Mobile Phone,4,Married,3,0,12.0,2.0,2.0,1.0,153.04,0,0.01,Low Risk
54021,0,17.0,Mobile Phone,1,13.0,Credit Card,Female,3.0,5,Others,3,Married,9,0,15.0,4.0,7.0,15.0,318.92,0,0.03,Low Risk
54022,0,22.0,Mobile Phone,1,17.0,Debit Card,Male,4.0,5,Others,4,Married,6,0,15.0,4.0,13.0,10.0,321.65,0,0.01,Low Risk
54023,1,1.0,Computer,1,31.0,Debit Card,Male,4.0,5,Mobile Phone,1,Single,3,1,25.0,2.0,2.0,1.0,149.39,1,0.98,High Risk
54024,1,10.0,Mobile Phone,3,17.0,Debit Card,Female,4.0,4,Fashion,4,Married,7,0,22.0,1.0,2.0,8.0,198.14,1,0.83,High Risk
54025,0,1.0,Computer,1,22.0,Debit Card,Female,4.0,5,Mobile Phone,5,Married,2,0,20.0,8.0,8.0,4.0,172.74,0,0.1,Low Risk
54026,0,13.0,Mobile Phone,1,26.0,UPI,Male,3.0,4,Laptop & Accessory,1,Married,10,0,15.0,2.0,3.0,3.0,164.02,0,0.01,Low Risk
54027,0,29.0,Mobile Phone,1,9.0,COD,Male,4.0,5,Mobile Phone,1,Married,10,0,21.0,1.0,2.0,5.0,151.62,0,0.01,Low Risk
54028,0,2.0,Mobile Phone,3,10.0,Credit Card,Female,4.0,4,Mobile Phone,4,Married,3,0,20.0,2.0,2.0,1.0,153.56,0,0.0,Low Risk
54029,1,1.0,Phone,3,16.0,Credit Card,Male,3.0,4,Mobile Phone,1,Single,3,0,14.0,1.0,2.0,1.0,135.81,1,0.76,High Risk
54030,1,1.0,Mobile Phone,1,14.0,Debit Card,Male,4.0,4,Mobile Phone,4,Single,3,1,24.0,2.0,2.0,1.0,149.72,1,1.0,High Risk
54031,0,10.0,Mobile Phone,3,17.0,COD,Female,4.0,5,Laptop & Accessory,3,Married,3,1,14.0,2.0,2.0,8.0,181.73,0,0.04,Low Risk
54032,0,5.0,Mobile Phone,1,27.0,Debit Card,Male,3.0,4,Laptop & Accessory,3,Married,3,0,12.0,1.0,2.0,3.0,166.97,0,0.0,Low Risk
54033,0,8.0,Mobile Phone,3,11.0,Debit Card,Male,4.0,4,Fashion,1,Married,4,1,14.0,1.0,2.0,3.0,222.13,0,0.0,Low Risk
54034,0,3.0,Phone,1,14.0,Debit Card,Male,3.0,4,Mobile Phone,5,Single,5,0,15.0,1.0,2.0,3.0,145.62,0,0.04,Low Risk
54035,0,11.0,Mobile Phone,1,14.0,Credit Card,Male,4.0,4,Laptop & Accessory,5,Married,7,1,23.0,1.0,2.0,5.0,167.84,0,0.0,Low Risk
54036,0,9.0,Mobile Phone,1,23.0,UPI,Female,3.0,5,Laptop & Accessory,4,Married,2,1,12.0,2.0,2.0,3.0,172.88,0,0.02,Low Risk
54037,0,19.0,Mobile Phone,1,32.0,Debit Card,Female,4.0,5,Laptop & Accessory,1,Married,2,0,14.0,1.0,4.0,9.0,184.06,0,0.01,Low Risk
54038,0,10.0,Computer,2,9.0,UPI,Male,4.0,5,Laptop & Accessory,1,Single,3,0,22.0,2.0,2.0,9.0,163.86,0,0.0,Low Risk
54039,0,14.0,Mobile Phone,1,7.0,Debit Card,Male,4.0,4,Grocery,5,Married,4,0,15.0,10.0,12.0,17.0,293.23,0,0.01,Low Risk
54040,0,1.0,Mobile Phone,1,7.0,Debit Card,Female,3.0,5,Mobile Phone,3,Married,3,1,14.0,1.0,2.0,1.0,154.33,0,0.28,Low Risk
54041,0,1.0,Mobile Phone,3,9.0,Credit Card,Female,3.0,2,Laptop & Accessory,3,Single,2,0,15.0,1.0,2.0,8.0,190.0,0,0.09,Low Risk
54042,0,22.0,Computer,1,29.0,Credit Card,Female,3.0,4,Grocery,1,Married,5,0,15.0,1.0,5.0,8.0,296.74,0,0.0,Low Risk
54043,0,18.0,Mobile Phone,1,7.0,Debit Card,Male,4.0,2,Laptop & Accessory,5,Married,4,0,16.0,3.0,3.0,3.0,175.33,0,0.01,Low Risk
54044,1,1.0,Computer,1,23.0,COD,Male,3.0,6,Mobile Phone,5,Married,3,1,24.0,4.0,4.0,1.0,148.07,1,0.95,High Risk
54045,1,20.0,Mobile Phone,1,31.0,Debit Card,Male,4.0,4,Mobile Phone,1,Single,3,0,17.0,1.0,2.0,1.0,150.87,1,0.89,High Risk
54046,0,10.0,Mobile Phone,3,24.0,E wallet,Male,3.0,5,Laptop & Accessory,4,Married,4,0,17.0,2.0,2.0,4.0,180.07,0,0.0,Low Risk
54047,0,15.0,Mobile Phone,3,15.0,E wallet,Female,3.0,4,Laptop & Accessory,4,Married,7,0,22.0,2.0,2.0,5.0,168.93,0,0.0,Low Risk
54048,0,16.0,Mobile Phone,1,13.0,Credit Card,Male,3.0,4,Fashion,5,Married,11,0,14.0,4.0,2.0,8.0,258.48,0,0.02,Low Risk
54049,0,5.0,Mobile Phone,3,17.0,Credit Card,Female,3.0,4,Laptop & Accessory,1,Married,4,1,12.0,1.0,2.0,5.0,190.83,0,0.02,Low Risk
54050,0,8.0,Mobile Phone,3,10.0,Credit Card,Female,4.0,5,Laptop & Accessory,1,Married,5,1,13.0,1.0,2.0,2.0,206.03,0,0.0,Low Risk
54051,0,5.0,Mobile Phone,1,11.0,Credit Card,Female,4.0,2,Mobile Phone,3,Married,10,0,13.0,3.0,3.0,3.0,164.78,0,0.0,Low Risk
54052,0,1.0,Computer,1,13.0,UPI,Male,4.0,2,Mobile Phone,1,Married,2,0,19.0,3.0,8.0,8.0,150.44,0,0.0,Low Risk
54053,0,19.0,Computer,1,7.0,Credit Card,Male,3.0,4,Laptop & Accessory,3,Single,6,0,13.0,2.0,2.0,4.0,178.99,0,0.02,Low Risk
54054,0,7.0,Mobile Phone,3,17.0,E wallet,Male,3.0,4,Laptop & Accessory,3,Single,3,0,15.0,1.0,2.0,10.0,179.87,0,0.0,Low Risk
54055,0,2.0,Computer,3,7.0,Debit Card,Male,3.0,5,Laptop & Accessory,1,Married,3,1,13.0,1.0,2.0,8.0,193.34,0,0.01,Low Risk
54056,1,1.0,Computer,3,31.0,COD,Male,3.0,2,Mobile Phone,5,Single,3,0,18.0,2.0,2.0,1.0,135.91,1,0.89,High Risk
54057,0,13.0,Computer,3,28.0,Debit Card,Female,3.0,6,Laptop & Accessory,3,Married,8,0,20.0,1.0,2.0,3.0,182.36,0,0.02,Low Risk
54058,0,1.0,Phone,1,9.0,COD,Male,3.0,4,Mobile Phone,4,Married,3,0,12.0,2.0,2.0,3.0,147.26,0,0.03,Low Risk
54059,0,8.0,Computer,1,29.0,UPI,Male,3.0,5,Laptop & Accessory,1,Married,3,1,16.0,4.0,7.0,12.0,182.47,0,0.0,Low Risk
54060,1,1.0,Mobile Phone,3,20.0,E wallet,Female,3.0,4,Laptop & Accessory,3,Single,5,1,12.0,3.0,3.0,3.0,223.54,1,0.97,High Risk
54061,0,21.0,Computer,1,21.0,COD,Male,4.0,4,Laptop & Accessory,4,Married,10,0,19.0,1.0,2.0,8.0,179.67,0,0.0,Low Risk
54062,0,30.0,Mobile Phone,3,18.0,E wallet,Female,3.0,5,Laptop & Accessory,5,Married,6,0,17.0,1.0,2.0,1.0,178.8,0,0.02,Low Risk
54063,0,13.0,Mobile Phone,1,16.0,Credit Card,Male,3.0,4,Laptop & Accessory,5,Married,3,0,26.0,5.0,8.0,10.0,176.51,0,0.0,Low Risk
54064,0,12.0,Computer,1,15.0,Credit Card,Female,3.0,5,Laptop & Accessory,4,Married,3,1,17.0,2.0,2.0,8.0,146.33,0,0.0,Low Risk
54065,0,31.0,Mobile Phone,3,28.0,Debit Card,Female,4.0,4,Grocery,1,Married,6,1,15.0,2.0,2.0,1.0,303.75,0,0.02,Low Risk
54066,1,1.0,Computer,1,12.0,Debit Card,Female,3.0,2,Mobile Phone,3,Single,5,1,15.0,1.0,2.0,4.0,149.32,1,0.95,High Risk
54067,0,12.0,Mobile Phone,1,16.0,Debit Card,Male,4.0,4,Mobile Phone,1,Married,4,0,20.0,2.0,2.0,4.0,172.71,0,0.0,Low Risk
54068,0,23.0,Computer,1,9.0,Debit Card,Male,3.0,4,Others,1,Married,5,0,15.0,3.0,5.0,4.0,316.61,0,0.01,Low Risk
54069,0,16.0,Mobile Phone,3,19.0,E wallet,Male,4.0,4,Laptop & Accessory,1,Married,5,1,13.0,1.0,2.0,1.0,175.87,0,0.01,Low Risk
54070,1,1.0,Computer,2,29.0,UPI,Female,3.0,5,Mobile Phone,4,Married,3,0,13.0,2.0,2.0,1.0,153.63,1,0.89,High Risk
54071,0,9.0,Mobile Phone,3,25.0,Credit Card,Male,4.0,4,Laptop & Accessory,5,Married,2,0,17.0,1.0,2.0,5.0,25.0,0,0.07,Low Risk
54072,0,2.0,Computer,1,23.0,Credit Card,Male,3.0,4,Mobile Phone,3,Single,3,0,15.0,1.0,2.0,5.0,146.44,0,0.02,Low Risk
54073,0,5.0,Computer,1,10.0,Credit Card,Male,3.0,4,Mobile Phone,5,Married,3,1,14.0,1.0,3.0,4.0,155.65,0,0.13,Low Risk
54074,0,10.0,Computer,1,16.0,Debit Card,Male,4.0,2,Mobile Phone,4,Married,3,0,23.0,2.0,2.0,3.0,153.1,0,0.0,Low Risk
54075,0,8.0,Mobile Phone,3,7.0,E wallet,Male,3.0,4,Fashion,1,Single,3,0,22.0,2.0,3.0,3.0,223.88,0,0.02,Low Risk
54076,0,8.0,Mobile Phone,3,20.0,Credit Card,Male,3.0,4,Fashion,3,Married,3,0,19.0,2.0,2.0,3.0,211.28,0,0.0,Low Risk
54077,0,1.0,Mobile Phone,1,7.0,Credit Card,Male,4.0,4,Mobile Phone,5,Single,2,0,14.0,4.0,8.0,7.0,153.67,0,0.18,Low Risk
54078,0,3.0,Mobile Phone,1,7.0,Debit Card,Male,3.0,4,Laptop & Accessory,5,Married,2,0,13.0,2.0,2.0,3.0,178.73,0,0.01,Low Risk
54079,0,6.0,Computer,1,22.0,Credit Card,Female,3.0,4,Laptop & Accessory,1,Married,7,0,19.0,1.0,2.0,3.0,191.67,0,0.0,Low Risk
54080,0,5.0,Computer,1,7.0,Debit Card,Male,3.0,6,Laptop & Accessory,5,Married,3,0,22.0,2.0,9.0,8.0,175.03,0,0.0,Low Risk
54081,1,1.0,Phone,1,24.0,COD,Male,3.0,5,Mobile Phone,1,Married,7,0,13.0,1.0,2.0,4.0,148.67,1,0.92,High Risk
54082,0,12.0,Mobile Phone,3,7.0,Debit Card,Male,3.0,5,Mobile Phone,5,Single,6,0,15.0,1.0,2.0,1.0,153.58,0,0.0,Low Risk
54083,0,9.0,Mobile Phone,3,14.0,Debit Card,Female,3.0,4,Laptop & Accessory,1,Married,3,1,12.0,2.0,2.0,10.0,177.04,0,0.0,Low Risk
54084,0,1.0,Mobile Phone,3,16.0,E wallet,Male,3.0,4,Laptop & Accessory,1,Single,3,0,15.0,1.0,2.0,8.0,166.05,0,0.01,Low Risk
54085,0,6.0,Mobile Phone,1,12.0,Debit Card,Male,3.0,5,Laptop & Accessory,1,Single,10,0,25.0,1.0,2.0,3.0,221.79,0,0.02,Low Risk
54086,1,1.0,Computer,3,33.0,E wallet,Male,4.0,4,Laptop & Accessory,1,Married,3,1,12.0,1.0,2.0,9.0,181.17,1,0.96,High Risk
54087,1,17.0,Mobile Phone,3,31.0,Debit Card,Male,4.0,4,Fashion,5,Single,8,1,14.0,3.0,3.0,3.0,229.48,1,0.94,High Risk
54088,0,28.0,Mobile Phone,1,16.0,Debit Card,Female,4.0,4,Laptop & Accessory,3,Married,5,0,12.0,1.0,3.0,4.0,153.97,0,0.0,Low Risk
54089,0,7.0,Computer,1,14.0,Debit Card,Male,3.0,4,Laptop & Accessory,3,Married,3,0,21.0,3.0,3.0,9.0,184.68,0,0.0,Low Risk
54090,0,17.0,Mobile Phone,1,18.0,Debit Card,Male,2.0,4,Fashion,3,Married,3,0,18.0,2.0,2.0,10.0,200.1,0,0.0,Low Risk
54091,0,12.0,Computer,2,7.0,UPI,Male,3.0,4,Mobile Phone,4,Married,2,1,12.0,2.0,2.0,3.0,154.91,0,0.02,Low Risk
54092,0,29.0,Mobile Phone,2,33.0,UPI,Male,4.0,2,Others,4,Married,6,1,15.0,2.0,2.0,5.0,321.36,0,0.02,Low Risk
54093,0,5.0,Phone,1,9.0,Credit Card,Female,3.0,6,Mobile Phone,1,Married,3,1,12.0,2.0,2.0,1.0,136.29,0,0.24,Low Risk
54094,0,13.0,Mobile Phone,3,22.0,E wallet,Male,4.0,4,Grocery,5,Single,2,0,13.0,5.0,2.0,11.0,258.41,0,0.01,Low Risk
54095,0,16.0,Computer,1,30.0,Debit Card,Male,3.0,5,Laptop & Accessory,3,Single,3,0,13.0,3.0,4.0,8.0,168.32,0,0.0,Low Risk
54096,0,5.0,Computer,1,17.0,Credit Card,Female,3.0,4,Fashion,3,Married,6,0,21.0,4.0,2.0,9.0,235.31,0,0.02,Low Risk
54097,0,28.0,Mobile Phone,1,17.0,Credit Card,Female,4.0,4,Laptop & Accessory,5,Single,8,1,20.0,1.0,2.0,5.0,169.4,0,0.0,Low Risk
54098,0,1.0,Mobile Phone,1,7.0,Debit Card,Male,3.0,5,Laptop & Accessory,3,Single,3,0,13.0,2.0,2.0,3.0,171.17,0,0.07,Low Risk
54099,0,1.0,Mobile Phone,1,19.0,UPI,Male,4.0,4,Mobile Phone,1,Single,3,0,14.0,2.0,2.0,5.0,151.47,0,0.02,Low Risk
54100,0,14.0,Computer,1,18.0,COD,Female,4.0,4,Laptop & Accessory,3,Married,3,0,12.0,3.0,10.0,5.0,188.23,0,0.02,Low Risk
54101,0,14.0,Mobile Phone,3,9.0,E wallet,Female,4.0,4,Laptop & Accessory,4,Married,5,0,15.0,2.0,6.0,11.0,181.77,0,0.02,Low Risk
54102,0,1.0,Phone,2,9.0,UPI,Female,3.0,4,Mobile Phone,4,Married,6,0,15.0,1.0,2.0,3.0,146.87,0,0.1,Low Risk
54103,0,4.0,Mobile Phone,1,7.0,Credit Card,Male,4.0,4,Mobile Phone,4,Married,3,0,14.0,1.0,2.0,8.0,162.48,0,0.0,Low Risk
54104,0,1.0,Mobile Phone,1,9.0,UPI,Male,3.0,4,Mobile Phone,3,Married,8,1,20.0,1.0,2.0,3.0,164.77,0,0.31,Low Risk
54105,0,21.0,Mobile Phone,1,32.0,Credit Card,Male,3.0,4,Fashion,3,Single,4,0,24.0,2.0,13.0,3.0,211.33,0,0.02,Low Risk
54106,0,7.0,Computer,1,7.0,Credit Card,Male,3.0,5,Mobile Phone,3,Married,3,0,13.0,1.0,2.0,1.0,145.08,0,0.02,Low Risk
54107,0,12.0,Mobile Phone,3,7.0,Debit Card,Male,3.0,4,Laptop & Accessory,4,Married,2,0,16.0,5.0,6.0,9.0,169.4,0,0.0,Low Risk
54108,0,5.0,Mobile Phone,3,9.0,Debit Card,Male,3.0,4,Mobile Phone,3,Married,2,0,20.0,2.0,2.0,3.0,155.67,0,0.0,Low Risk
54109,0,12.0,Computer,1,13.0,Debit Card,Male,4.0,5,Laptop & Accessory,3,Married,4,0,12.0,3.0,8.0,8.0,178.21,0,0.0,Low Risk
54110,0,16.0,Mobile Phone,1,25.0,Debit Card,Male,3.0,4,Laptop & Accessory,5,Married,8,1,18.0,1.0,2.0,3.0,179.1,0,0.01,Low Risk
54111,0,15.0,Mobile Phone,1,7.0,Debit Card,Male,4.0,4,Mobile Phone,1,Married,5,0,23.0,1.0,2.0,1.0,152.82,0,0.01,Low Risk
54112,0,21.0,Computer,1,7.0,Credit Card,Female,4.0,4,Fashion,4,Married,2,0,19.0,1.0,2.0,13.0,244.57,0,0.0,Low Risk
54113,0,9.0,Mobile Phone,1,18.0,Credit Card,Male,3.0,4,Mobile Phone,3,Married,9,1,12.0,1.0,3.0,3.0,151.6,0,0.08,Low Risk
54114,0,1.0,Mobile Phone,1,7.0,Debit Card,Male,4.0,4,Mobile Phone,3,Single,2,0,13.0,1.0,2.0,3.0,158.75,0,0.01,Low Risk
54115,0,9.0,Mobile Phone,1,16.0,Credit Card,Male,3.0,4,Laptop & Accessory,3,Single,3,0,20.0,1.0,2.0,9.0,175.98,0,0.0,Low Risk
54116,0,7.0,Mobile Phone,1,22.0,Credit Card,Female,4.0,4,Laptop & Accessory,1,Married,2,1,14.0,6.0,9.0,2.0,37.0,0,0.06,Low Risk
54117,0,6.0,Mobile Phone,1,36.0,Debit Card,Female,3.0,5,Mobile Phone,4,Single,3,0,14.0,4.0,5.0,2.0,153.37,0,0.03,Low Risk
54118,0,14.0,Phone,1,7.0,Debit Card,Male,3.0,4,Mobile Phone,1,Married,10,0,20.0,1.0,2.0,1.0,149.06,0,0.01,Low Risk
54119,0,6.0,Phone,3,7.0,Credit Card,Male,4.0,5,Mobile Phone,4,Married,2,0,15.0,1.0,3.0,3.0,147.69,0,0.01,Low Risk
54120,0,13.0,Mobile Phone,1,31.0,Debit Card,Male,3.0,4,Laptop & Accessory,1,Single,9,0,14.0,2.0,2.0,8.0,166.08,0,0.0,Low Risk
54121,0,12.0,Mobile Phone,1,17.0,Credit Card,Female,3.0,6,Fashion,3,Married,5,0,13.0,2.0,2.0,12.0,257.06,0,0.0,Low Risk
54122,0,6.0,Mobile Phone,3,7.0,E wallet,Female,3.0,4,Fashion,1,Married,3,0,20.0,4.0,6.0,3.0,229.22,0,0.04,Low Risk
54123,0,11.0,Mobile Phone,1,17.0,Debit Card,Female,3.0,2,Fashion,1,Married,3,1,26.0,1.0,7.0,9.0,262.44,0,0.0,Low Risk
54124,0,1.0,Mobile Phone,3,15.0,UPI,Female,3.0,4,Laptop & Accessory,3,Married,2,1,23.0,2.0,2.0,5.0,174.07,0,0.01,Low Risk
54125,0,26.0,Computer,3,127.0,Debit Card,Male,3.0,4,Mobile Phone,1,Married,4,0,16.0,2.0,2.0,1.0,159.82,0,0.01,Low Risk
54126,0,18.0,Phone,1,7.0,Credit Card,Male,3.0,4,Mobile Phone,1,Single,8,1,13.0,1.0,2.0,3.0,149.36,0,0.08,Low Risk
54127,0,1.0,Phone,3,12.0,Credit Card,Male,3.0,4,Mobile Phone,5,Single,3,1,12.0,2.0,2.0,3.0,148.8,0,0.28,Low Risk
54128,0,13.0,Computer,1,16.0,Debit Card,Male,3.0,4,Others,1,Single,4,0,15.0,1.0,2.0,4.0,319.31,0,0.0,Low Risk
54129,1,1.0,Computer,3,16.0,E wallet,Male,3.0,4,Mobile Phone,5,Married,3,0,20.0,2.0,2.0,1.0,142.9,1,0.97,High Risk
54130,0,10.0,Mobile Phone,3,10.0,Credit Card,Female,4.0,5,Fashion,1,Married,2,0,20.0,4.0,4.0,5.0,201.44,0,0.03,Low Risk
54131,0,10.0,Computer,1,11.0,Debit Card,Female,4.0,4,Laptop & Accessory,4,Married,9,0,14.0,2.0,2.0,3.0,176.31,0,0.0,Low Risk
54132,0,30.0,Computer,1,7.0,Debit Card,Male,3.0,4,Laptop & Accessory,3,Married,3,0,22.0,1.0,2.0,10.0,188.06,0,0.0,Low Risk
54133,1,1.0,Mobile Phone,1,7.0,Credit Card,Male,3.0,4,Mobile Phone,1,Married,11,1,15.0,3.0,3.0,3.0,172.87,1,0.94,High Risk
54134,0,16.0,Mobile Phone,1,9.0,Debit Card,Male,3.0,4,Others,3,Married,7,0,15.0,2.0,5.0,15.0,313.8,0,0.01,Low Risk
54135,1,20.0,Phone,1,14.0,COD,Male,4.0,4,Mobile Phone,3,Married,10,0,12.0,7.0,10.0,9.0,148.39,1,0.93,High Risk
54136,0,15.0,Mobile Phone,1,35.0,Debit Card,Female,3.0,5,Grocery,4,Married,2,0,24.0,2.0,2.0,11.0,260.7,0,0.0,Low Risk
54137,0,8.0,Mobile Phone,3,35.0,E wallet,Female,4.0,5,Laptop & Accessory,3,Married,3,0,22.0,2.0,2.0,8.0,192.12,0,0.01,Low Risk
54138,0,10.0,Computer,3,22.0,E wallet,Male,3.0,6,Laptop & Accessory,1,Married,3,0,25.0,5.0,12.0,12.0,179.06,0,0.01,Low Risk
54139,0,15.0,Mobile Phone,3,10.0,Debit Card,Male,3.0,5,Laptop & Accessory,4,Married,4,0,12.0,1.0,2.0,3.0,214.38,0,0.0,Low Risk
54140,0,6.0,Phone,1,9.0,COD,Male,4.0,4,Mobile Phone,5,Single,3,0,15.0,2.0,2.0,3.0,149.39,0,0.01,Low Risk
54141,0,9.0,Mobile Phone,2,33.0,Debit Card,Female,3.0,4,Fashion,1,Single,3,1,17.0,2.0,2.0,3.0,213.37,0,0.0,Low Risk
54142,0,12.0,Mobile Phone,3,17.0,Debit Card,Female,4.0,4,Laptop & Accessory,1,Married,3,0,12.0,1.0,2.0,10.0,178.43,0,0.0,Low Risk
54143,1,14.0,Computer,3,7.0,Debit Card,Male,4.0,4,Laptop & Accessory,3,Married,9,0,13.0,2.0,2.0,2.0,192.28,1,0.88,High Risk
54144,0,10.0,Mobile Phone,3,18.0,E wallet,Female,4.0,5,Laptop & Accessory,1,Married,6,0,14.0,2.0,2.0,1.0,191.52,0,0.0,Low Risk
54145,0,19.0,Mobile Phone,3,27.0,Debit Card,Female,3.0,4,Laptop & Accessory,3,Single,10,0,16.0,2.0,2.0,2.0,173.5,0,0.01,Low Risk
54146,0,14.0,Mobile Phone,1,9.0,Debit Card,Male,3.0,5,Mobile Phone,3,Single,4,0,15.0,1.0,3.0,3.0,153.09,0,0.01,Low Risk
54147,0,9.0,Computer,1,25.0,Debit Card,Male,4.0,4,Laptop & Accessory,3,Married,3,1,15.0,2.0,2.0,3.0,181.89,0,0.01,Low Risk
54148,0,14.0,Phone,1,9.0,Credit Card,Female,4.0,4,Mobile Phone,3,Married,4,0,15.0,2.0,2.0,3.0,145.01,0,0.0,Low Risk
54149,0,9.0,Mobile Phone,1,7.0,Debit Card,Female,4.0,6,Mobile Phone,1,Married,3,0,13.0,1.0,2.0,2.0,154.77,0,0.0,Low Risk
54150,0,3.0,Mobile Phone,1,20.0,UPI,Male,3.0,5,Laptop & Accessory,4,Married,6,1,14.0,2.0,2.0,4.0,165.25,0,0.02,Low Risk
54151,0,3.0,Mobile Phone,1,35.0,Credit Card,Female,4.0,5,Mobile Phone,5,Single,3,0,15.0,1.0,2.0,5.0,162.85,0,0.1,Low Risk
54152,1,14.0,Mobile Phone,3,35.0,E wallet,Male,3.0,5,Fashion,5,Married,6,1,14.0,1.0,2.0,1.0,233.54000000000002,1,0.82,High Risk
54153,0,13.0,Mobile Phone,3,31.0,E wallet,Female,3.0,5,Grocery,1,Married,2,0,12.0,2.0,2.0,7.0,245.31,0,0.02,Low Risk
54154,0,5.0,Computer,1,12.0,Credit Card,Male,4.0,4,Laptop & Accessory,5,Single,2,0,20.0,1.0,2.0,3.0,224.36,0,0.03,Low Risk
54155,0,1.0,Mobile Phone,3,12.0,UPI,Female,2.0,5,Mobile Phone,3,Single,2,0,19.0,1.0,2.0,1.0,154.66,0,0.24,Low Risk
54156,0,10.0,Computer,1,30.0,Credit Card,Male,3.0,2,Laptop & Accessory,1,Married,6,0,18.0,1.0,2.0,4.0,150.71,0,0.0,Low Risk
54157,0,13.0,Mobile Phone,1,13.0,Credit Card,Male,3.0,5,Fashion,5,Married,6,0,16.0,2.0,2.0,3.0,224.91,0,0.04,Low Risk
54158,0,1.0,Mobile Phone,1,11.0,Debit Card,Male,3.0,2,Laptop & Accessory,4,Married,3,1,21.0,2.0,2.0,4.0,186.42,0,0.07,Low Risk
54159,0,23.0,Computer,3,9.0,Credit Card,Male,4.0,5,Laptop & Accessory,4,Married,4,0,15.0,2.0,2.0,9.0,178.9,0,0.0,Low Risk
54160,0,8.0,Mobile Phone,1,15.0,Credit Card,Male,3.0,2,Laptop & Accessory,3,Married,4,0,13.0,1.0,2.0,3.0,169.04,0,0.0,Low Risk
54161,1,5.0,Mobile Phone,3,7.0,Debit Card,Female,4.0,4,Laptop & Accessory,1,Single,10,1,12.0,1.0,2.0,6.0,184.93,1,0.81,High Risk
54162,0,23.0,Computer,1,15.0,Debit Card,Male,4.0,5,Laptop & Accessory,4,Married,3,0,24.0,1.0,2.0,8.0,176.3,0,0.0,Low Risk
54163,1,1.0,Phone,1,9.0,UPI,Male,4.0,5,Mobile Phone,3,Single,8,1,16.0,1.0,2.0,1.0,145.9,1,0.98,High Risk
54164,0,7.0,Computer,1,10.0,Debit Card,Female,3.0,4,Mobile Phone,3,Married,3,1,12.0,3.0,4.0,1.0,154.09,0,0.26,Low Risk
54165,0,1.0,Mobile Phone,1,9.0,Credit Card,Male,3.0,4,Mobile Phone,4,Married,11,0,13.0,2.0,3.0,3.0,159.68,0,0.08,Low Risk
54166,0,6.0,Computer,1,9.0,Debit Card,Male,4.0,4,Mobile Phone,1,Single,2,0,14.0,2.0,4.0,7.0,155.68,0,0.0,Low Risk
54167,0,31.0,Mobile Phone,1,10.0,Credit Card,Female,3.0,2,Mobile Phone,5,Married,6,1,21.0,1.0,2.0,1.0,151.7,0,0.07,Low Risk
54168,0,4.0,Mobile Phone,1,31.0,Debit Card,Male,4.0,4,Mobile Phone,3,Married,3,0,23.0,2.0,2.0,1.0,151.93,0,0.04,Low Risk
54169,0,12.0,Computer,1,30.0,Debit Card,Male,3.0,5,Fashion,3,Single,2,0,22.0,2.0,2.0,3.0,220.26,0,0.03,Low Risk
54170,0,10.0,Mobile Phone,1,34.0,Credit Card,Male,4.0,4,Laptop & Accessory,3,Married,8,0,14.0,1.0,8.0,8.0,177.37,0,0.0,Low Risk
54171,0,9.0,Phone,1,23.0,Credit Card,Male,3.0,2,Mobile Phone,4,Married,2,0,14.0,2.0,2.0,4.0,149.26,0,0.02,Low Risk
54172,0,3.0,Mobile Phone,1,22.0,Debit Card,Female,3.0,5,Laptop & Accessory,3,Single,2,1,13.0,2.0,2.0,9.0,166.93,0,0.02,Low Risk
54173,0,5.0,Mobile Phone,1,33.0,Debit Card,Male,3.0,4,Mobile Phone,3,Married,3,0,18.0,4.0,5.0,4.0,154.11,0,0.01,Low Risk
54174,0,8.0,Mobile Phone,1,26.0,Credit Card,Male,4.0,4,Mobile Phone,1,Married,2,0,12.0,1.0,2.0,3.0,151.61,0,0.01,Low Risk
54175,1,1.0,Phone,1,31.0,Debit Card,Male,3.0,5,Mobile Phone,3,Single,7,1,15.0,1.0,2.0,4.0,145.28,1,0.97,High Risk
54176,0,3.0,Mobile Phone,1,28.0,Debit Card,Female,3.0,2,Fashion,5,Married,3,0,12.0,7.0,9.0,3.0,224.8,0,0.13,Low Risk
54177,0,6.0,Mobile Phone,1,12.0,Debit Card,Male,4.0,2,Mobile Phone,4,Married,2,1,13.0,2.0,2.0,6.0,157.98,0,0.03,Low Risk
54178,0,1.0,Computer,1,23.0,Credit Card,Male,4.0,2,Mobile Phone,1,Married,3,1,14.0,1.0,2.0,1.0,154.35,0,0.22,Low Risk
54179,0,27.0,Mobile Phone,3,9.0,Debit Card,Female,4.0,5,Grocery,1,Married,4,0,17.0,1.0,4.0,8.0,279.27,0,0.0,Low Risk
54180,0,12.0,Mobile Phone,1,9.0,Debit Card,Male,3.0,4,Mobile Phone,1,Single,7,1,12.0,1.0,2.0,3.0,164.44,0,0.09,Low Risk
54181,0,1.0,Computer,1,18.0,UPI,Female,4.0,2,Laptop & Accessory,3,Married,2,0,19.0,1.0,2.0,4.0,165.11,0,0.07,Low Risk
54182,1,1.0,Mobile Phone,3,16.0,Debit Card,Male,3.0,5,Mobile Phone,5,Single,9,0,24.0,1.0,2.0,4.0,159.07,1,0.82,High Risk
54183,0,8.0,Mobile Phone,1,14.0,Debit Card,Female,3.0,4,Fashion,4,Single,2,0,12.0,1.0,2.0,12.0,244.94,0,0.01,Low Risk
54184,0,1.0,Phone,1,22.0,Debit Card,Male,4.0,4,Mobile Phone,1,Single,3,0,15.0,2.0,2.0,1.0,137.32,0,0.11,Low Risk
54185,1,1.0,Mobile Phone,1,13.0,Credit Card,Male,3.0,4,Mobile Phone,5,Single,4,0,12.0,1.0,2.0,4.0,154.6,1,0.87,High Risk
54186,0,27.0,Mobile Phone,1,12.0,UPI,Female,3.0,4,Others,3,Married,6,0,15.0,2.0,5.0,9.0,315.94,0,0.01,Low Risk
54187,1,1.0,Computer,1,23.0,Debit Card,Female,4.0,6,Mobile Phone,5,Single,3,1,23.0,1.0,7.0,8.0,164.19,1,0.99,High Risk
54188,0,16.0,Mobile Phone,3,15.0,E wallet,Male,3.0,4,Laptop & Accessory,4,Married,2,0,12.0,3.0,5.0,3.0,193.25,0,0.01,Low Risk
54189,0,18.0,Mobile Phone,1,14.0,Credit Card,Female,3.0,5,Fashion,1,Married,5,0,15.0,1.0,6.0,3.0,227.48,0,0.02,Low Risk
54190,0,20.0,Mobile Phone,3,9.0,E wallet,Female,3.0,4,Others,5,Single,5,0,15.0,3.0,3.0,2.0,314.47,0,0.04,Low Risk
54191,0,7.0,Mobile Phone,1,9.0,Credit Card,Male,4.0,4,Mobile Phone,1,Single,6,0,12.0,1.0,2.0,1.0,149.96,0,0.03,Low Risk
54192,0,18.0,Mobile Phone,1,17.0,UPI,Male,3.0,4,Laptop & Accessory,1,Married,4,1,14.0,1.0,2.0,4.0,189.65,0,0.0,Low Risk
54193,0,4.0,Phone,1,16.0,Credit Card,Male,3.0,5,Mobile Phone,3,Single,3,0,14.0,1.0,2.0,9.0,147.06,0,0.02,Low Risk
54194,1,3.0,Phone,3,12.0,COD,Male,3.0,4,Laptop & Accessory,1,Married,5,0,15.0,1.0,2.0,1.0,145.86,1,0.81,High Risk
54195,1,1.0,Phone,1,7.0,Credit Card,Male,4.0,4,Mobile Phone,1,Married,4,1,17.0,1.0,3.0,1.0,147.93,1,0.95,High Risk
54196,0,17.0,Mobile Phone,1,9.0,Credit Card,Female,4.0,2,Mobile Phone,3,Married,3,0,13.0,2.0,2.0,5.0,151.45,0,0.01,Low Risk
54197,1,14.0,Mobile Phone,3,10.0,E wallet,Male,3.0,5,Mobile Phone,3,Married,3,1,15.0,2.0,2.0,3.0,151.83,1,0.83,High Risk
54198,0,9.0,Phone,3,9.0,E wallet,Female,4.0,4,Mobile Phone,1,Married,3,0,14.0,3.0,3.0,3.0,145.14,0,0.05,Low Risk
54199,0,10.0,Mobile Phone,1,12.0,Debit Card,Female,3.0,5,Mobile Phone,5,Married,11,1,15.0,2.0,2.0,1.0,159.19,0,0.18,Low Risk
54200,0,7.0,Computer,3,7.0,Debit Card,Female,3.0,2,Laptop & Accessory,5,Married,4,0,20.0,1.0,2.0,4.0,178.76,0,0.01,Low Risk
54201,0,9.0,Phone,1,11.0,UPI,Male,4.0,4,Mobile Phone,1,Married,3,0,13.0,2.0,2.0,1.0,144.51,0,0.02,Low Risk
54202,0,1.0,Phone,1,9.0,Debit Card,Female,3.0,4,Mobile Phone,5,Married,3,0,14.0,2.0,2.0,1.0,148.41,0,0.43,Medium Risk
54203,1,1.0,Phone,1,32.0,Debit Card,Male,3.0,6,Mobile Phone,3,Single,3,0,13.0,1.0,2.0,2.0,147.93,1,0.73,High Risk
54204,0,1.0,Computer,3,15.0,Debit Card,Male,3.0,4,Fashion,3,Single,3,0,16.0,2.0,2.0,3.0,212.26,0,0.2,Low Risk
54205,0,4.0,Computer,1,7.0,Credit Card,Female,3.0,4,Laptop & Accessory,1,Single,3,0,24.0,2.0,4.0,8.0,165.11,0,0.03,Low Risk
54206,1,5.0,Mobile Phone,1,19.0,Cash on Delivery,Female,3.0,4,Others,3,Married,3,0,15.0,2.0,16.0,9.0,320.45,0,0.41,Medium Risk
54207,0,8.0,Computer,3,30.0,E wallet,Male,4.0,4,Laptop & Accessory,3,Single,2,0,21.0,1.0,9.0,8.0,170.68,0,0.03,Low Risk
54208,0,11.0,Mobile Phone,1,26.0,Debit Card,Male,4.0,4,Mobile Phone,4,Married,6,0,22.0,1.0,2.0,1.0,155.22,0,0.02,Low Risk
54209,0,20.0,Computer,3,12.0,E wallet,Male,4.0,4,Laptop & Accessory,1,Single,6,1,22.0,2.0,2.0,9.0,182.72,0,0.22,Low Risk
54210,0,9.0,Phone,1,15.0,Debit Card,Male,3.0,2,Mobile Phone,1,Married,3,0,20.0,2.0,2.0,2.0,147.69,0,0.0,Low Risk
54211,1,12.0,Mobile Phone,1,7.0,Debit Card,Male,4.0,5,Fashion,3,Single,11,1,14.0,1.0,2.0,1.0,178.81,1,0.69,Medium Risk
54212,1,1.0,Mobile Phone,1,12.0,COD,Male,3.0,4,Mobile Phone,3,Single,3,1,14.0,1.0,3.0,3.0,159.41,1,0.83,High Risk
54213,0,18.0,Mobile Phone,3,7.0,E wallet,Female,4.0,4,Laptop & Accessory,5,Married,7,1,22.0,2.0,2.0,4.0,179.54,0,0.06,Low Risk
54214,0,9.0,Computer,1,18.0,Credit Card,Male,4.0,5,Fashion,5,Married,4,1,14.0,2.0,3.0,3.0,223.84,0,0.02,Low Risk
54215,0,1.0,Mobile Phone,3,30.0,E wallet,Female,3.0,5,Laptop & Accessory,1,Married,9,1,20.0,1.0,2.0,1.0,166.57,1,0.55,Medium Risk
54216,0,7.0,Computer,1,30.0,Debit Card,Female,4.0,4,Fashion,1,Single,3,1,13.0,4.0,2.0,13.0,259.58,0,0.08,Low Risk
54217,0,9.0,Computer,3,6.0,Debit Card,Male,4.0,4,Fashion,5,Married,3,0,23.0,1.0,2.0,3.0,215.69,0,0.03,Low Risk
54218,0,9.0,Mobile Phone,1,30.0,Credit Card,Female,2.0,4,Mobile Phone,5,Married,5,1,16.0,1.0,3.0,3.0,165.14,0,0.03,Low Risk
54219,0,5.0,Mobile Phone,1,14.0,Debit Card,Male,3.0,4,Laptop & Accessory,1,Married,5,0,23.0,1.0,2.0,8.0,184.15,0,0.01,Low Risk
54220,0,11.0,Mobile Phone,1,7.0,Debit Card,Male,3.0,5,Laptop & Accessory,3,Married,3,0,19.0,1.0,2.0,8.0,184.93,0,0.0,Low Risk
54221,0,6.0,Mobile Phone,1,7.0,Credit Card,Male,3.0,4,Laptop & Accessory,1,Married,3,1,23.0,6.0,8.0,9.0,186.62,0,0.0,Low Risk
54222,0,12.0,Computer,1,36.0,Debit Card,Female,3.0,4,Laptop & Accessory,1,Single,3,0,12.0,7.0,10.0,10.0,149.06,0,0.06,Low Risk
54223,0,24.0,Mobile Phone,1,14.0,Credit Card,Female,3.0,5,Others,3,Married,7,1,15.0,5.0,14.0,9.0,312.4,0,0.06,Low Risk
54224,0,31.0,Mobile Phone,3,32.0,Debit Card,Female,5.0,4,Fashion,5,Single,9,0,12.0,7.0,8.0,10.0,201.37,0,0.06,Low Risk
54225,0,10.0,Mobile Phone,1,15.0,Cash on Delivery,Female,3.0,4,Fashion,3,Married,3,0,14.0,8.0,13.0,3.0,225.96,0,0.05,Low Risk
54226,0,29.0,Mobile Phone,1,15.0,Credit Card,Female,3.0,4,Grocery,3,Married,4,1,15.0,1.0,2.0,3.0,272.56,0,0.03,Low Risk
54227,0,10.0,Computer,1,18.0,Debit Card,Male,4.0,5,Laptop & Accessory,4,Single,3,0,14.0,2.0,2.0,4.0,189.99,0,0.0,Low Risk
54228,0,19.0,Mobile Phone,1,14.0,Debit Card,Male,3.0,4,Fashion,5,Married,4,0,18.0,1.0,2.0,3.0,222.24,0,0.0,Low Risk
54229,0,9.0,Computer,1,7.0,Credit Card,Male,4.0,4,Mobile Phone,5,Married,6,0,14.0,1.0,2.0,3.0,146.94,0,0.04,Low Risk
54230,1,1.0,Mobile Phone,1,16.0,Credit Card,Male,4.0,5,Mobile Phone,3,Married,2,1,18.0,2.0,2.0,1.0,158.88,1,0.88,High Risk
54231,0,31.0,Computer,3,7.0,Debit Card,Female,3.0,5,Laptop & Accessory,3,Single,9,0,12.0,2.0,2.0,4.0,179.73,0,0.06,Low Risk
54232,0,3.0,Mobile Phone,1,9.0,Debit Card,Male,4.0,4,Mobile Phone,4,Married,2,0,24.0,2.0,2.0,5.0,152.03,0,0.01,Low Risk
54233,0,5.0,Mobile Phone,1,7.0,Credit Card,Male,3.0,4,Mobile Phone,4,Single,3,0,18.0,2.0,2.0,1.0,150.01,0,0.07,Low Risk
54234,0,6.0,Mobile Phone,1,7.0,Debit Card,Male,4.0,4,Laptop & Accessory,4,Married,3,0,18.0,2.0,2.0,10.0,187.2,0,0.0,Low Risk
54235,0,10.0,Mobile Phone,1,13.0,Debit Card,Female,3.0,2,Mobile Phone,1,Married,5,0,13.0,1.0,2.0,1.0,155.38,0,0.0,Low Risk
54236,0,5.0,Mobile Phone,1,15.0,Debit Card,Female,4.0,4,Laptop & Accessory,1,Single,3,0,24.0,2.0,2.0,9.0,169.24,0,0.02,Low Risk
54237,0,9.0,Mobile Phone,3,7.0,E wallet,Male,3.0,5,Laptop & Accessory,5,Single,2,0,15.0,2.0,3.0,9.0,168.12,0,0.0,Low Risk
54238,0,19.0,Mobile Phone,1,13.0,UPI,Male,3.0,4,Fashion,5,Married,6,1,15.0,2.0,2.0,1.0,257.45,0,0.12,Low Risk
54239,0,11.0,Mobile Phone,1,14.0,Credit Card,Male,2.0,4,Fashion,3,Single,6,0,14.0,1.0,2.0,3.0,261.64,0,0.03,Low Risk
54240,0,20.0,Mobile Phone,2,12.0,Credit Card,Male,4.0,4,Laptop & Accessory,4,Married,3,1,23.0,2.0,2.0,3.0,175.21,0,0.01,Low Risk
54241,0,4.0,Mobile Phone,1,7.0,Debit Card,Male,3.0,5,Laptop & Accessory,1,Married,3,1,13.0,2.0,4.0,1.0,176.26,0,0.04,Low Risk
54242,0,9.0,Mobile Phone,1,7.0,Credit Card,Male,2.0,5,Mobile Phone,3,Single,3,0,19.0,2.0,2.0,5.0,153.59,0,0.01,Low Risk
54243,0,29.0,Mobile Phone,3,7.0,Debit Card,Male,4.0,4,Fashion,1,Married,5,0,15.0,1.0,2.0,3.0,227.39,0,0.02,Low Risk
54244,0,12.0,Computer,1,13.0,Credit Card,Female,4.0,6,Laptop & Accessory,1,Married,9,1,13.0,1.0,2.0,10.0,178.29,0,0.06,Low Risk
54245,0,8.0,Mobile Phone,1,7.0,Credit Card,Male,4.0,4,Laptop & Accessory,4,Married,3,0,16.0,2.0,2.0,4.0,168.25,0,0.01,Low Risk
54246,0,30.0,Mobile Phone,1,14.0,Debit Card,Male,3.0,6,Fashion,1,Single,6,0,12.0,1.0,2.0,3.0,197.6,0,0.04,Low Risk
54247,0,1.0,Phone,3,9.0,COD,Male,4.0,4,Mobile Phone,5,Married,5,0,14.0,2.0,2.0,1.0,148.22,0,0.22,Low Risk
54248,0,25.0,Phone,1,16.0,Debit Card,Male,4.0,4,Mobile Phone,1,Married,5,0,24.0,2.0,2.0,4.0,145.75,0,0.02,Low Risk
54249,0,4.0,Mobile Phone,1,9.0,Debit Card,Male,5.0,5,Laptop & Accessory,1,Married,3,0,20.0,4.0,11.0,9.0,166.52,0,0.0,Low Risk
54250,1,10.0,Mobile Phone,3,16.0,Credit Card,Male,4.0,5,Fashion,1,Single,3,0,17.0,4.0,5.0,3.0,221.19,1,0.58,Medium Risk
54251,0,14.0,Computer,1,7.0,Debit Card,Male,4.0,5,Grocery,4,Married,3,0,23.0,6.0,2.0,12.0,260.03,0,0.0,Low Risk
54252,0,25.0,Mobile Phone,3,28.0,E wallet,Male,4.0,4,Laptop & Accessory,1,Single,2,1,23.0,1.0,2.0,1.0,179.41,0,0.09,Low Risk
54253,0,4.0,Mobile Phone,3,11.0,Credit Card,Female,4.0,5,Laptop & Accessory,4,Married,3,1,13.0,3.0,3.0,8.0,177.09,0,0.03,Low Risk
54254,0,20.0,Computer,1,7.0,Credit Card,Male,3.0,5,Fashion,5,Married,4,1,14.0,5.0,2.0,6.0,231.73000000000002,0,0.01,Low Risk
54255,0,6.0,Mobile Phone,3,13.0,Credit Card,Male,3.0,4,Laptop & Accessory,3,Single,3,0,17.0,6.0,6.0,8.0,175.1,0,0.01,Low Risk
54256,0,28.0,Mobile Phone,1,9.0,Cash on Delivery,Female,3.0,4,Fashion,3,Married,11,0,13.0,1.0,2.0,4.0,260.49,0,0.0,Low Risk
54257,0,1.0,Mobile Phone,3,10.0,UPI,Female,3.0,4,Laptop & Accessory,3,Married,2,0,22.0,1.0,2.0,3.0,174.99,0,0.19,Low Risk
54258,0,2.0,Computer,3,11.0,Credit Card,Male,3.0,4,Laptop & Accessory,3,Married,3,0,16.0,1.0,2.0,5.0,167.21,0,0.02,Low Risk
54259,0,31.0,Mobile Phone,3,17.0,Credit Card,Male,3.0,4,Grocery,3,Single,2,0,14.0,1.0,2.0,9.0,263.72,0,0.0,Low Risk
54260,0,18.0,Computer,1,30.0,Credit Card,Male,4.0,4,Laptop & Accessory,4,Married,6,0,13.0,1.0,2.0,3.0,145.42,0,0.0,Low Risk
54261,1,1.0,Phone,2,13.0,UPI,Male,4.0,4,Mobile Phone,5,Married,6,1,23.0,1.0,2.0,3.0,145.73,1,0.92,High Risk
54262,0,6.0,Mobile Phone,1,7.0,Debit Card,Male,4.0,4,Mobile Phone,5,Single,3,0,14.0,1.0,2.0,1.0,154.56,0,0.06,Low Risk
54263,1,1.0,Computer,1,13.0,Debit Card,Female,4.0,5,Mobile Phone,1,Single,3,1,19.0,1.0,2.0,1.0,154.26,1,0.82,High Risk
54264,0,8.0,Mobile Phone,1,13.0,UPI,Female,3.0,4,Laptop & Accessory,3,Single,3,0,15.0,1.0,3.0,11.0,173.09,0,0.0,Low Risk
54265,0,11.0,Computer,1,9.0,Debit Card,Male,4.0,5,Laptop & Accessory,1,Married,7,0,15.0,2.0,2.0,1.0,176.63,0,0.01,Low Risk
54266,0,31.0,Computer,2,9.0,UPI,Female,3.0,5,Others,1,Married,11,0,15.0,1.0,3.0,3.0,313.44,0,0.0,Low Risk
54267,0,24.0,Computer,1,7.0,Debit Card,Female,4.0,4,Others,4,Married,5,1,15.0,1.0,2.0,8.0,306.72,0,0.01,Low Risk
54268,1,1.0,Mobile Phone,3,12.0,E wallet,Male,3.0,5,Laptop & Accessory,3,Single,3,1,12.0,1.0,2.0,4.0,182.44,1,0.93,High Risk
54269,0,1.0,Mobile Phone,1,14.0,Credit Card,Male,4.0,5,Mobile Phone,1,Married,3,0,12.0,1.0,3.0,2.0,153.89,0,0.05,Low Risk
54270,0,1.0,Mobile Phone,1,22.0,Credit Card,Female,3.0,4,Mobile Phone,1,Single,3,0,16.0,2.0,2.0,1.0,153.71,0,0.13,Low Risk
54271,0,25.0,Computer,1,7.0,Credit Card,Female,2.0,5,Fashion,5,Single,5,0,21.0,5.0,13.0,9.0,199.84,0,0.02,Low Risk
54272,1,1.0,Computer,1,14.0,Debit Card,Male,4.0,6,Laptop & Accessory,3,Single,3,1,25.0,2.0,2.0,7.0,185.74,1,0.96,High Risk
54273,0,28.0,Computer,2,33.0,UPI,Female,2.0,2,Grocery,1,Single,4,1,15.0,3.0,5.0,5.0,298.28,0,0.03,Low Risk
54274,0,1.0,Mobile Phone,1,25.0,Debit Card,Male,3.0,4,Mobile Phone,3,Married,2,0,13.0,1.0,2.0,3.0,152.74,0,0.04,Low Risk
54275,0,8.0,Mobile Phone,1,13.0,Debit Card,Female,3.0,5,Laptop & Accessory,4,Married,8,0,16.0,2.0,2.0,1.0,170.05,0,0.0,Low Risk
54276,0,11.0,Mobile Phone,3,10.0,Debit Card,Male,3.0,4,Fashion,1,Single,4,0,13.0,1.0,2.0,4.0,199.28,0,0.07,Low Risk
54277,0,8.0,Mobile Phone,1,12.0,Credit Card,Female,3.0,5,Fashion,5,Single,4,0,13.0,3.0,2.0,9.0,241.31,0,0.03,Low Risk
54278,0,10.0,Computer,3,18.0,Cash on Delivery,Female,4.0,4,Fashion,1,Married,2,0,15.0,1.0,3.0,3.0,222.38,0,0.06,Low Risk
54279,0,10.0,Mobile Phone,1,10.0,Debit Card,Female,3.0,4,Mobile Phone,1,Married,7,0,23.0,1.0,2.0,1.0,153.35,0,0.01,Low Risk
54280,0,17.0,Computer,3,33.0,Debit Card,Male,4.0,4,Grocery,1,Married,3,1,15.0,2.0,5.0,13.0,294.59,0,0.02,Low Risk
54281,0,4.0,Computer,1,30.0,Debit Card,Male,4.0,6,Mobile Phone,3,Married,3,0,26.0,1.0,2.0,10.0,151.13,0,0.03,Low Risk
54282,0,7.0,Computer,3,29.0,E wallet,Male,4.0,4,Laptop & Accessory,4,Married,2,0,14.0,1.0,2.0,8.0,186.46,0,0.01,Low Risk
54283,1,20.0,Mobile Phone,1,21.0,Debit Card,Female,4.0,4,Mobile Phone,4,Married,11,1,19.0,4.0,5.0,4.0,174.63,1,0.72,High Risk
54284,0,25.0,Mobile Phone,1,13.0,Debit Card,Male,3.0,4,Others,3,Single,9,0,15.0,9.0,16.0,16.0,320.37,0,0.08,Low Risk
54285,1,1.0,Mobile Phone,3,13.0,Debit Card,Male,4.0,6,Laptop & Accessory,3,Married,6,1,19.0,1.0,8.0,8.0,186.72,1,0.91,High Risk
54286,0,1.0,Phone,1,13.0,UPI,Female,3.0,5,Mobile Phone,4,Married,3,0,20.0,3.0,5.0,4.0,148.68,0,0.01,Low Risk
54287,1,21.0,Mobile Phone,1,30.0,Credit Card,Female,4.0,4,Fashion,1,Married,3,0,13.0,8.0,16.0,3.0,228.12,1,0.83,High Risk
54288,1,1.0,Phone,3,29.0,E wallet,Male,3.0,4,Mobile Phone,3,Single,3,1,20.0,2.0,2.0,1.0,141.75,1,0.97,High Risk
54289,0,1.0,Mobile Phone,1,9.0,COD,Male,4.0,4,Mobile Phone,1,Married,2,0,15.0,3.0,3.0,2.0,150.23,0,0.08,Low Risk
54290,0,23.0,Mobile Phone,1,27.0,Credit Card,Female,4.0,4,Laptop & Accessory,5,Married,3,0,15.0,6.0,6.0,12.0,190.67,0,0.02,Low Risk
54291,0,17.0,Computer,1,35.0,Credit Card,Female,4.0,2,Mobile Phone,3,Single,6,0,13.0,1.0,2.0,3.0,172.39,0,0.07,Low Risk
54292,0,24.0,Computer,3,19.0,E wallet,Female,4.0,4,Fashion,1,Single,6,0,12.0,2.0,3.0,3.0,217.08,0,0.06,Low Risk
54293,1,1.0,Mobile Phone,3,27.0,Debit Card,Female,4.0,6,Laptop & Accessory,3,Married,5,1,12.0,1.0,3.0,3.0,170.59,1,0.85,High Risk
54294,0,15.0,Mobile Phone,3,16.0,Debit Card,Male,4.0,4,Fashion,3,Married,5,1,14.0,1.0,2.0,8.0,206.89,0,0.02,Low Risk
54295,0,1.0,Mobile Phone,2,32.0,Debit Card,Female,4.0,4,Mobile Phone,3,Married,3,0,24.0,3.0,6.0,8.0,154.42,0,0.08,Low Risk
54296,0,10.0,Mobile Phone,1,13.0,Credit Card,Male,3.0,4,Laptop & Accessory,4,Married,8,0,21.0,1.0,2.0,2.0,174.41,0,0.03,Low Risk
54297,1,15.0,Computer,1,15.0,Debit Card,Male,3.0,6,Fashion,1,Single,4,0,16.0,2.0,2.0,4.0,231.5,1,0.91,High Risk
54298,0,13.0,Mobile Phone,3,11.0,Debit Card,Female,3.0,5,Laptop & Accessory,3,Married,6,0,15.0,6.0,6.0,10.0,184.02,0,0.01,Low Risk
54299,0,1.0,Mobile Phone,3,35.0,Debit Card,Male,3.0,5,Laptop & Accessory,3,Married,4,0,19.0,2.0,3.0,3.0,211.39,0,0.22,Low Risk
54300,0,4.0,Mobile Phone,2,16.0,UPI,Male,3.0,4,Laptop & Accessory,1,Married,2,1,20.0,5.0,5.0,8.0,188.47,0,0.01,Low Risk
54301,1,1.0,Mobile Phone,1,16.0,Credit Card,Female,3.0,4,Mobile Phone,5,Single,9,0,23.0,2.0,2.0,5.0,167.0,1,0.95,High Risk
54302,0,19.0,Mobile Phone,1,36.0,Credit Card,Male,3.0,4,Mobile Phone,1,Single,7,0,14.0,2.0,2.0,4.0,159.52,0,0.01,Low Risk
54303,0,12.0,Mobile Phone,1,10.0,COD,Female,3.0,4,Laptop & Accessory,3,Single,5,1,21.0,3.0,3.0,3.0,168.17,0,0.02,Low Risk
54304,0,4.0,Mobile Phone,1,25.0,Debit Card,Female,4.0,4,Mobile Phone,3,Single,3,0,15.0,2.0,2.0,5.0,151.32,0,0.01,Low Risk
54305,0,6.0,Computer,3,16.0,Credit Card,Male,3.0,6,Laptop & Accessory,1,Married,2,0,18.0,1.0,2.0,8.0,171.68,0,0.02,Low Risk
54306,0,4.0,Mobile Phone,1,12.0,COD,Female,3.0,4,Mobile Phone,5,Married,7,0,15.0,1.0,3.0,31.0,157.04,0,0.04,Low Risk
54307,0,4.0,Mobile Phone,1,9.0,Credit Card,Male,3.0,5,Mobile Phone,1,Single,2,0,14.0,1.0,2.0,3.0,152.2,0,0.01,Low Risk
54308,0,15.0,Computer,1,17.0,Debit Card,Male,4.0,5,Grocery,5,Married,6,0,15.0,3.0,8.0,8.0,296.81,0,0.0,Low Risk
54309,0,15.0,Phone,1,16.0,Debit Card,Male,4.0,4,Mobile Phone,5,Married,4,0,22.0,1.0,2.0,5.0,147.38,0,0.0,Low Risk
54310,0,1.0,Phone,1,10.0,Credit Card,Female,4.0,4,Mobile Phone,4,Single,3,0,15.0,2.0,2.0,1.0,139.83,0,0.16,Low Risk
54311,0,14.0,Computer,1,33.0,Credit Card,Female,3.0,4,Laptop & Accessory,4,Married,3,0,12.0,1.0,3.0,14.0,181.05,0,0.01,Low Risk
54312,0,9.0,Mobile Phone,3,7.0,E wallet,Male,4.0,4,Fashion,4,Married,3,0,14.0,1.0,2.0,7.0,197.95,0,0.01,Low Risk
54313,0,27.0,Phone,3,13.0,E wallet,Male,3.0,4,Laptop & Accessory,3,Married,4,1,21.0,1.0,5.0,6.0,148.06,0,0.0,Low Risk
54314,0,19.0,Phone,1,16.0,Debit Card,Male,3.0,4,Laptop & Accessory,4,Married,10,0,19.0,2.0,2.0,16.0,148.48,0,0.02,Low Risk
54315,0,6.0,Computer,3,15.0,E wallet,Female,3.0,4,Fashion,1,Single,3,0,15.0,3.0,4.0,3.0,214.98,0,0.07,Low Risk
54316,0,3.0,Computer,1,7.0,COD,Male,3.0,4,Laptop & Accessory,3,Married,3,0,14.0,1.0,2.0,10.0,168.19,0,0.0,Low Risk
54317,0,25.0,Mobile Phone,1,14.0,Credit Card,Male,3.0,5,Laptop & Accessory,3,Married,4,0,18.0,2.0,2.0,1.0,186.32,0,0.01,Low Risk
54318,0,31.0,Mobile Phone,1,16.0,Credit Card,Female,4.0,5,Mobile Phone,4,Married,6,1,21.0,2.0,2.0,1.0,158.46,0,0.01,Low Risk
54319,0,14.0,Mobile Phone,3,11.0,E wallet,Male,4.0,5,Fashion,1,Married,9,0,12.0,2.0,2.0,12.0,233.55,0,0.13,Low Risk
54320,0,8.0,Computer,3,9.0,E wallet,Female,4.0,4,Mobile Phone,3,Married,8,0,19.0,1.0,2.0,3.0,147.31,0,0.03,Low Risk
54321,0,1.0,Phone,1,26.0,Credit Card,Male,4.0,4,Mobile Phone,1,Married,3,0,25.0,3.0,3.0,3.0,148.23,0,0.01,Low Risk
54322,0,1.0,Computer,1,16.0,Credit Card,Male,3.0,4,Mobile Phone,4,Married,8,0,19.0,3.0,3.0,3.0,145.24,0,0.17,Low Risk
54323,0,2.0,Mobile Phone,1,28.0,Credit Card,Male,3.0,4,Mobile Phone,1,Married,3,0,12.0,1.0,2.0,3.0,152.13,0,0.0,Low Risk
54324,0,31.0,Mobile Phone,1,31.0,Debit Card,Male,3.0,2,Fashion,1,Married,5,1,17.0,2.0,2.0,3.0,219.39,0,0.0,Low Risk
54325,0,1.0,Computer,1,10.0,Credit Card,Male,4.0,5,Mobile Phone,3,Married,3,1,16.0,1.0,2.0,2.0,150.66,0,0.07,Low Risk
54326,0,24.0,Mobile Phone,1,18.0,Debit Card,Female,3.0,4,Others,4,Single,5,0,16.0,1.0,5.0,5.0,324.26,0,0.0,Low Risk
54327,0,15.0,Mobile Phone,1,21.0,Debit Card,Male,3.0,4,Mobile Phone,3,Married,6,0,13.0,2.0,2.0,9.0,149.51,0,0.0,Low Risk
54328,0,4.0,Mobile Phone,3,12.0,Debit Card,Female,3.0,4,Fashion,1,Married,4,0,13.0,2.0,8.0,3.0,219.19,0,0.03,Low Risk
54329,0,12.0,Mobile Phone,3,7.0,Debit Card,Female,3.0,5,Laptop & Accessory,1,Single,6,0,23.0,1.0,2.0,3.0,211.86,0,0.0,Low Risk
54330,0,6.0,Mobile Phone,1,13.0,Debit Card,Male,3.0,4,Mobile Phone,3,Single,5,0,21.0,1.0,2.0,5.0,155.38,0,0.01,Low Risk
54331,0,1.0,Mobile Phone,1,24.0,COD,Male,3.0,4,Mobile Phone,4,Married,2,1,17.0,1.0,2.0,2.0,155.58,0,0.15,Low Risk
54332,1,1.0,Computer,3,7.0,COD,Female,4.0,6,Mobile Phone,5,Single,2,0,22.0,2.0,2.0,1.0,148.25,1,0.98,High Risk
54333,0,10.0,Computer,1,10.0,Credit Card,Male,2.0,4,Mobile Phone,4,Single,6,0,13.0,3.0,8.0,3.0,145.88,0,0.01,Low Risk
54334,0,4.0,Computer,1,16.0,Credit Card,Male,4.0,4,Laptop & Accessory,5,Married,3,0,12.0,6.0,7.0,11.0,155.72,0,0.01,Low Risk
54335,0,19.0,Mobile Phone,3,11.0,Debit Card,Female,2.0,4,Laptop & Accessory,5,Married,6,1,12.0,1.0,2.0,4.0,175.06,0,0.06,Low Risk
54336,0,30.0,Mobile Phone,1,15.0,Debit Card,Female,4.0,4,Mobile Phone,5,Married,6,1,19.0,3.0,3.0,3.0,167.57,0,0.04,Low Risk
54337,0,7.0,Mobile Phone,1,9.0,Debit Card,Male,3.0,4,Mobile Phone,1,Single,2,0,15.0,2.0,2.0,3.0,150.0,0,0.0,Low Risk
54338,1,1.0,Phone,1,9.0,Debit Card,Male,3.0,5,Mobile Phone,1,Single,3,0,23.0,2.0,2.0,1.0,136.02,1,0.83,High Risk
54339,0,20.0,Mobile Phone,3,7.0,E wallet,Female,4.0,4,Fashion,5,Married,3,0,26.0,9.0,16.0,3.0,229.53,0,0.02,Low Risk
54340,0,12.0,Phone,1,16.0,Debit Card,Female,4.0,4,Mobile Phone,1,Single,3,0,13.0,2.0,3.0,2.0,147.88,0,0.0,Low Risk
54341,0,5.0,Mobile Phone,1,19.0,Credit Card,Female,4.0,4,Mobile Phone,1,Married,10,1,24.0,2.0,2.0,3.0,164.29,0,0.11,Low Risk
54342,0,8.0,Phone,1,34.0,Credit Card,Female,4.0,4,Mobile Phone,4,Single,4,0,16.0,1.0,2.0,3.0,148.11,0,0.05,Low Risk
54343,1,5.0,Mobile Phone,3,27.0,E wallet,Female,4.0,4,Mobile Phone,4,Single,3,1,23.0,1.0,2.0,3.0,156.4,1,0.93,High Risk
54344,0,24.0,Mobile Phone,1,7.0,Credit Card,Male,3.0,5,Mobile Phone,3,Married,4,0,16.0,2.0,2.0,3.0,161.9,0,0.0,Low Risk
54345,0,27.0,Mobile Phone,1,20.0,Credit Card,Female,3.0,2,Laptop & Accessory,5,Married,3,0,12.0,2.0,2.0,4.0,169.5,0,0.0,Low Risk
54346,0,7.0,Mobile Phone,1,21.0,Credit Card,Female,4.0,4,Mobile Phone,4,Married,3,0,14.0,2.0,2.0,7.0,152.56,0,0.0,Low Risk
54347,0,14.0,Mobile Phone,1,11.0,Credit Card,Female,3.0,4,Others,3,Married,3,0,15.0,2.0,10.0,10.0,315.33,0,0.02,Low Risk
54348,0,29.0,Mobile Phone,1,21.0,Credit Card,Male,4.0,2,Others,4,Single,10,0,15.0,3.0,3.0,16.0,312.22,0,0.0,Low Risk
54349,0,8.0,Computer,1,9.0,Debit Card,Male,3.0,5,Laptop & Accessory,3,Married,3,0,18.0,1.0,2.0,3.0,220.47,0,0.0,Low Risk
54350,0,25.0,Mobile Phone,1,10.0,Credit Card,Female,4.0,4,Grocery,4,Single,5,0,19.0,1.0,2.0,1.0,262.34,0,0.0,Low Risk
54351,0,26.0,Mobile Phone,1,7.0,Debit Card,Male,4.0,5,Others,3,Married,2,0,15.0,8.0,12.0,10.0,324.99,0,0.04,Low Risk
54352,0,1.0,Phone,1,16.0,Credit Card,Female,5.0,4,Mobile Phone,4,Single,3,0,17.0,1.0,2.0,4.0,147.79,0,0.05,Low Risk
54353,1,1.0,Mobile Phone,1,30.0,Debit Card,Male,3.0,5,Laptop & Accessory,3,Married,5,1,14.0,2.0,2.0,2.0,184.16,1,0.97,High Risk
54354,0,17.0,Computer,1,14.0,Credit Card,Male,3.0,2,Mobile Phone,1,Married,6,0,15.0,2.0,3.0,3.0,145.89,0,0.01,Low Risk
54355,0,19.0,Computer,1,9.0,Credit Card,Male,4.0,5,Grocery,1,Married,11,0,15.0,2.0,12.0,9.0,292.92,0,0.0,Low Risk
54356,0,11.0,Mobile Phone,1,28.0,Debit Card,Male,4.0,2,Mobile Phone,5,Married,3,1,13.0,2.0,2.0,8.0,160.64,0,0.02,Low Risk
54357,0,9.0,Computer,1,9.0,Credit Card,Female,3.0,4,Laptop & Accessory,4,Single,7,0,12.0,1.0,2.0,3.0,169.25,0,0.0,Low Risk
54358,0,16.0,Computer,1,28.0,Credit Card,Female,3.0,4,Laptop & Accessory,3,Married,4,0,17.0,1.0,2.0,3.0,177.65,0,0.0,Low Risk
54359,0,12.0,Mobile Phone,1,9.0,Debit Card,Male,3.0,4,Laptop & Accessory,3,Married,11,0,15.0,2.0,2.0,1.0,190.53,0,0.0,Low Risk
54360,0,12.0,Mobile Phone,1,36.0,COD,Male,3.0,4,Laptop & Accessory,1,Married,5,0,19.0,1.0,2.0,8.0,187.61,0,0.01,Low Risk
54361,0,1.0,Computer,1,7.0,COD,Male,3.0,5,Laptop & Accessory,5,Married,7,0,20.0,3.0,3.0,1.0,167.98,0,0.18,Low Risk
54362,0,23.0,Computer,1,25.0,Debit Card,Male,4.0,4,Laptop & Accessory,1,Married,3,1,16.0,1.0,2.0,8.0,193.04,0,0.0,Low Risk
54363,0,8.0,Computer,1,17.0,Credit Card,Male,3.0,4,Mobile Phone,3,Married,3,1,18.0,3.0,3.0,1.0,163.15,0,0.1,Low Risk
54364,0,14.0,Mobile Phone,1,26.0,Credit Card,Male,2.0,4,Laptop & Accessory,1,Married,10,1,16.0,4.0,4.0,8.0,152.41,0,0.0,Low Risk
54365,1,2.0,Mobile Phone,1,36.0,Credit Card,Male,4.0,4,Laptop & Accessory,5,Married,9,1,20.0,2.0,2.0,1.0,191.73,1,0.71,High Risk
54366,1,1.0,Mobile Phone,3,34.0,E wallet,Female,3.0,4,Fashion,1,Married,3,0,23.0,1.0,2.0,10.0,201.39,1,0.77,High Risk
54367,0,1.0,Phone,1,12.0,Debit Card,Male,3.0,2,Mobile Phone,4,Married,3,1,17.0,3.0,3.0,3.0,148.28,0,0.14,Low Risk
54368,0,10.0,Computer,1,25.0,Credit Card,Female,4.0,4,Mobile Phone,1,Single,3,0,14.0,1.0,2.0,8.0,146.53,0,0.01,Low Risk
54369,0,14.0,Computer,1,16.0,Debit Card,Male,4.0,5,Laptop & Accessory,1,Married,11,0,15.0,1.0,2.0,3.0,173.76,0,0.01,Low Risk
54370,0,20.0,Mobile Phone,1,7.0,Credit Card,Male,4.0,4,Fashion,5,Married,9,0,17.0,1.0,2.0,3.0,218.96,0,0.02,Low Risk
54371,1,1.0,Mobile Phone,3,11.0,Credit Card,Male,3.0,6,Fashion,1,Married,3,0,12.0,7.0,10.0,3.0,229.0,1,1.0,High Risk
54372,0,4.0,Computer,1,7.0,Debit Card,Male,3.0,5,Fashion,3,Single,3,0,23.0,5.0,6.0,3.0,209.74,0,0.02,Low Risk
54373,0,1.0,Computer,3,27.0,Debit Card,Female,3.0,4,Laptop & Accessory,3,Single,3,0,15.0,2.0,2.0,3.0,224.81,0,0.06,Low Risk
54374,0,25.0,Mobile Phone,1,15.0,Debit Card,Male,3.0,5,Fashion,4,Married,7,0,17.0,3.0,2.0,8.0,249.89999999999998,0,0.0,Low Risk
54375,1,1.0,Mobile Phone,1,10.0,COD,Female,3.0,4,Mobile Phone,5,Single,7,1,12.0,1.0,2.0,5.0,151.57,1,0.94,High Risk
54376,0,15.0,Mobile Phone,3,13.0,Debit Card,Female,4.0,4,Fashion,1,Single,5,1,19.0,1.0,2.0,1.0,260.91,0,0.07,Low Risk
54377,1,1.0,Computer,3,33.0,E wallet,Female,3.0,5,Laptop & Accessory,5,Single,7,0,16.0,2.0,2.0,2.0,191.96,1,0.93,High Risk
54378,1,1.0,Phone,1,7.0,COD,Male,3.0,4,Mobile Phone,3,Single,2,0,15.0,1.0,2.0,6.0,145.58,1,0.76,High Risk
54379,0,19.0,Computer,3,13.0,Credit Card,Female,3.0,5,Fashion,1,Single,8,0,13.0,6.0,13.0,3.0,213.65,0,0.03,Low Risk
54380,0,28.0,Mobile Phone,3,10.0,E wallet,Female,3.0,4,Laptop & Accessory,5,Married,4,0,15.0,2.0,2.0,6.0,184.4,0,0.0,Low Risk
54381,0,10.0,Mobile Phone,1,12.0,Debit Card,Male,4.0,4,Laptop & Accessory,4,Single,10,0,17.0,3.0,4.0,8.0,184.14,0,0.0,Low Risk
54382,0,7.0,Mobile Phone,1,11.0,Credit Card,Female,3.0,5,Mobile Phone,4,Married,8,0,22.0,1.0,2.0,2.0,151.22,0,0.01,Low Risk
54383,0,11.0,Computer,1,18.0,UPI,Male,3.0,4,Fashion,1,Married,3,1,15.0,2.0,2.0,8.0,246.85000000000002,0,0.0,Low Risk
54384,0,12.0,Mobile Phone,3,10.0,Debit Card,Male,4.0,4,Fashion,3,Married,2,0,13.0,2.0,6.0,3.0,231.08999999999997,0,0.0,Low Risk
54385,0,5.0,Computer,1,7.0,Credit Card,Male,3.0,6,Laptop & Accessory,3,Married,2,0,13.0,1.0,2.0,5.0,168.45,0,0.02,Low Risk
54386,0,31.0,Phone,1,10.0,Debit Card,Male,4.0,5,Mobile Phone,1,Married,5,0,18.0,1.0,2.0,1.0,146.77,0,0.01,Low Risk
54387,0,11.0,Computer,3,11.0,E wallet,Male,3.0,4,Mobile Phone,1,Married,6,0,18.0,4.0,6.0,9.0,152.93,0,0.02,Low Risk
54388,0,3.0,Computer,3,7.0,Credit Card,Female,3.0,4,Fashion,1,Married,3,0,15.0,5.0,5.0,2.0,204.18,0,0.0,Low Risk
54389,0,9.0,Computer,3,7.0,E wallet,Female,4.0,4,Fashion,3,Single,3,0,15.0,2.0,2.0,3.0,212.89,0,0.01,Low Risk
54390,1,1.0,Phone,1,25.0,Credit Card,Male,3.0,5,Mobile Phone,1,Single,3,1,14.0,1.0,2.0,2.0,148.89,1,0.87,High Risk
54391,0,26.0,Mobile Phone,1,9.0,Debit Card,Female,3.0,5,Mobile Phone,1,Single,9,0,16.0,3.0,3.0,3.0,157.12,0,0.02,Low Risk
54392,0,16.0,Mobile Phone,1,11.0,Cash on Delivery,Male,3.0,4,Others,1,Married,3,0,15.0,1.0,12.0,16.0,317.32,0,0.05,Low Risk
54393,0,31.0,Phone,2,13.0,Credit Card,Male,3.0,4,Mobile Phone,3,Married,10,0,18.0,1.0,3.0,3.0,147.67,0,0.04,Low Risk
54394,0,24.0,Mobile Phone,3,7.0,Credit Card,Female,4.0,4,Others,1,Married,5,0,15.0,2.0,2.0,7.0,320.17,0,0.0,Low Risk
54395,1,1.0,Phone,1,21.0,Credit Card,Male,3.0,4,Mobile Phone,1,Married,7,1,14.0,2.0,2.0,5.0,149.36,1,0.98,High Risk
54396,0,17.0,Mobile Phone,3,23.0,E wallet,Female,4.0,4,Grocery,1,Married,7,1,23.0,1.0,2.0,10.0,285.64,0,0.01,Low Risk
54397,1,1.0,Mobile Phone,1,9.0,Debit Card,Female,3.0,4,Mobile Phone,5,Married,9,0,21.0,2.0,2.0,8.0,152.07,1,0.87,High Risk
54398,0,26.0,Computer,3,9.0,Debit Card,Male,4.0,5,Others,3,Single,3,1,15.0,2.0,16.0,13.0,315.68,0,0.04,Low Risk
54399,0,6.0,Mobile Phone,3,11.0,Debit Card,Female,3.0,4,Mobile Phone,4,Married,4,0,12.0,2.0,2.0,3.0,164.31,0,0.0,Low Risk
54400,1,1.0,Mobile Phone,1,7.0,Debit Card,Male,4.0,5,Mobile Phone,3,Single,2,1,15.0,1.0,2.0,3.0,162.3,1,0.8,High Risk
54401,0,13.0,Phone,1,7.0,Credit Card,Female,4.0,4,Mobile Phone,3,Married,9,0,15.0,2.0,2.0,3.0,147.32,0,0.0,Low Risk
54402,0,6.0,Computer,3,33.0,E wallet,Male,4.0,4,Laptop & Accessory,1,Married,2,0,19.0,3.0,3.0,3.0,169.65,0,0.0,Low Risk
54403,0,15.0,Mobile Phone,1,26.0,Debit Card,Male,3.0,4,Laptop & Accessory,5,Married,4,0,17.0,1.0,2.0,1.0,155.72,0,0.0,Low Risk
54404,0,14.0,Mobile Phone,1,31.0,COD,Male,4.0,4,Laptop & Accessory,1,Married,3,0,18.0,3.0,5.0,8.0,158.19,0,0.0,Low Risk
54405,0,19.0,Mobile Phone,1,7.0,UPI,Male,4.0,2,Others,1,Married,2,0,15.0,2.0,2.0,8.0,317.02,0,0.0,Low Risk
54406,0,5.0,Computer,1,10.0,Credit Card,Male,4.0,4,Fashion,3,Married,11,0,13.0,1.0,3.0,3.0,261.75,0,0.0,Low Risk
54407,0,7.0,Mobile Phone,1,12.0,Debit Card,Female,4.0,5,Mobile Phone,1,Married,3,0,14.0,1.0,2.0,3.0,154.11,0,0.0,Low Risk
54408,0,8.0,Mobile Phone,1,9.0,Debit Card,Male,3.0,5,Laptop & Accessory,5,Married,8,0,14.0,1.0,6.0,10.0,184.57,0,0.01,Low Risk
54409,0,11.0,Mobile Phone,1,7.0,Credit Card,Female,3.0,5,Mobile Phone,5,Married,4,0,15.0,1.0,2.0,3.0,164.2,0,0.0,Low Risk
54410,0,19.0,Computer,1,14.0,Debit Card,Male,4.0,2,Laptop & Accessory,3,Married,6,0,18.0,2.0,2.0,3.0,189.34,0,0.0,Low Risk
54411,1,1.0,Computer,1,17.0,Credit Card,Male,4.0,4,Fashion,3,Married,8,0,12.0,1.0,2.0,3.0,225.48,1,0.94,High Risk
54412,0,13.0,Computer,1,9.0,Cash on Delivery,Female,4.0,4,Fashion,3,Single,2,0,26.0,7.0,2.0,9.0,234.38,0,0.01,Low Risk
54413,0,3.0,Phone,1,22.0,Debit Card,Male,3.0,4,Mobile Phone,1,Single,3,0,20.0,2.0,2.0,6.0,148.4,0,0.03,Low Risk
54414,0,16.0,Mobile Phone,1,24.0,Debit Card,Female,3.0,2,Laptop & Accessory,5,Single,5,1,14.0,2.0,2.0,3.0,190.45,0,0.02,Low Risk
54415,0,3.0,Mobile Phone,3,27.0,E wallet,Male,3.0,4,Laptop & Accessory,1,Married,4,0,15.0,2.0,2.0,3.0,194.31,0,0.01,Low Risk
54416,0,1.0,Mobile Phone,1,7.0,Debit Card,Female,4.0,4,Laptop & Accessory,3,Married,2,0,13.0,2.0,2.0,3.0,173.98,0,0.02,Low Risk
54417,0,16.0,Mobile Phone,1,9.0,Credit Card,Female,3.0,5,Mobile Phone,5,Married,2,1,12.0,8.0,8.0,9.0,150.93,0,0.03,Low Risk
54418,0,14.0,Mobile Phone,1,9.0,Credit Card,Male,3.0,4,Others,3,Married,2,0,15.0,4.0,4.0,10.0,319.36,0,0.01,Low Risk
54419,0,25.0,Mobile Phone,1,7.0,Debit Card,Male,4.0,4,Mobile Phone,1,Married,3,0,12.0,2.0,2.0,1.0,152.23,0,0.03,Low Risk
54420,1,1.0,Computer,1,36.0,Credit Card,Male,4.0,5,Mobile Phone,4,Single,2,0,12.0,1.0,2.0,5.0,159.79,1,0.89,High Risk
54421,0,6.0,Computer,1,14.0,Debit Card,Male,4.0,2,Mobile Phone,4,Married,3,0,21.0,1.0,2.0,4.0,152.94,0,0.0,Low Risk
54422,0,12.0,Computer,3,9.0,Debit Card,Male,3.0,5,Laptop & Accessory,1,Married,5,0,19.0,2.0,8.0,6.0,177.49,0,0.01,Low Risk
54423,0,6.0,Phone,1,9.0,COD,Male,3.0,5,Laptop & Accessory,5,Single,6,0,14.0,1.0,2.0,5.0,146.76,0,0.0,Low Risk
54424,0,20.0,Mobile Phone,3,9.0,Cash on Delivery,Female,4.0,6,Grocery,4,Married,5,1,15.0,7.0,8.0,8.0,293.72,0,0.06,Low Risk
54425,1,1.0,Mobile Phone,1,9.0,Debit Card,Male,4.0,4,Mobile Phone,3,Single,4,0,12.0,1.0,2.0,1.0,159.85,1,0.73,High Risk
54426,0,3.0,Mobile Phone,3,9.0,Credit Card,Male,4.0,5,Laptop & Accessory,4,Married,4,0,20.0,2.0,2.0,1.0,191.44,0,0.03,Low Risk
54427,0,5.0,Mobile Phone,1,30.0,Credit Card,Male,4.0,5,Laptop & Accessory,1,Married,2,0,22.0,1.0,8.0,9.0,180.82,0,0.02,Low Risk
54428,0,1.0,Computer,1,12.0,Debit Card,Male,3.0,2,Laptop & Accessory,5,Married,3,0,13.0,2.0,2.0,6.0,165.0,0,0.02,Low Risk
54429,0,19.0,Mobile Phone,1,27.0,Credit Card,Male,4.0,4,Grocery,1,Married,2,1,15.0,3.0,2.0,11.0,259.96,0,0.0,Low Risk
54430,0,10.0,Mobile Phone,1,13.0,Debit Card,Male,3.0,4,Mobile Phone,1,Married,2,0,12.0,2.0,11.0,12.0,157.1,0,0.01,Low Risk
54431,0,29.0,Mobile Phone,1,7.0,Credit Card,Male,3.0,4,Others,5,Single,2,1,15.0,4.0,5.0,14.0,315.45,0,0.01,Low Risk
54432,1,11.0,Computer,1,36.0,Debit Card,Male,3.0,4,Fashion,4,Married,3,1,13.0,5.0,2.0,10.0,243.49,1,0.86,High Risk
54433,0,2.0,Phone,1,16.0,Credit Card,Male,4.0,4,Mobile Phone,1,Married,3,0,24.0,2.0,2.0,5.0,145.7,0,0.02,Low Risk
54434,0,11.0,Mobile Phone,3,13.0,Credit Card,Male,4.0,4,Laptop & Accessory,1,Married,6,0,15.0,2.0,2.0,2.0,190.02,0,0.0,Low Risk
54435,0,1.0,Mobile Phone,1,10.0,Credit Card,Male,4.0,5,Mobile Phone,3,Single,3,0,18.0,2.0,2.0,1.0,157.3,0,0.1,Low Risk
54436,0,11.0,Computer,1,7.0,Credit Card,Female,4.0,4,Fashion,1,Married,4,1,19.0,1.0,2.0,3.0,261.03,0,0.0,Low Risk
54437,0,9.0,Mobile Phone,1,29.0,Debit Card,Female,4.0,2,Fashion,4,Married,9,0,19.0,6.0,2.0,3.0,244.95999999999998,0,0.01,Low Risk
54438,0,12.0,Mobile Phone,3,14.0,Credit Card,Female,3.0,2,Laptop & Accessory,5,Married,3,1,25.0,5.0,8.0,8.0,181.05,0,0.01,Low Risk
54439,0,1.0,Computer,1,7.0,Debit Card,Female,3.0,4,Laptop & Accessory,4,Married,3,0,21.0,2.0,2.0,5.0,188.97,0,0.01,Low Risk
54440,0,24.0,Mobile Phone,1,11.0,Debit Card,Male,4.0,4,Others,4,Married,5,0,15.0,1.0,2.0,7.0,316.44,0,0.0,Low Risk
54441,0,27.0,Mobile Phone,1,10.0,Credit Card,Male,3.0,4,Grocery,3,Married,5,1,15.0,2.0,2.0,4.0,300.84,0,0.0,Low Risk
54442,0,16.0,Mobile Phone,3,7.0,Debit Card,Male,2.0,4,Laptop & Accessory,3,Married,3,0,26.0,7.0,12.0,7.0,174.07,0,0.03,Low Risk
54443,0,3.0,Computer,3,9.0,Debit Card,Male,3.0,4,Laptop & Accessory,1,Single,3,0,19.0,1.0,2.0,10.0,170.54,0,0.0,Low Risk
54444,0,29.0,Mobile Phone,1,27.0,COD,Male,3.0,4,Laptop & Accessory,1,Married,5,1,20.0,1.0,2.0,9.0,179.15,0,0.0,Low Risk
54445,0,1.0,Computer,1,18.0,Credit Card,Male,3.0,4,Laptop & Accessory,5,Married,3,1,14.0,2.0,4.0,4.0,172.41,0,0.08,Low Risk
54446,0,11.0,Phone,1,7.0,Debit Card,Female,3.0,4,Mobile Phone,1,Single,3,0,13.0,2.0,6.0,8.0,146.15,0,0.0,Low Risk
54447,1,8.0,Computer,1,31.0,Debit Card,Male,3.0,4,Mobile Phone,3,Married,5,1,23.0,1.0,2.0,1.0,156.61,1,0.78,High Risk
54448,0,12.0,Mobile Phone,1,30.0,Debit Card,Male,3.0,4,Laptop & Accessory,1,Married,11,0,15.0,1.0,2.0,3.0,182.45,0,0.0,Low Risk
54449,1,1.0,Phone,1,23.0,Credit Card,Male,3.0,4,Mobile Phone,4,Married,4,1,14.0,2.0,2.0,3.0,148.73,1,0.96,High Risk
54450,0,2.0,Mobile Phone,1,15.0,Debit Card,Female,4.0,4,Mobile Phone,1,Single,3,0,22.0,2.0,2.0,3.0,158.1,0,0.0,Low Risk
54451,0,23.0,Computer,1,17.0,Debit Card,Female,3.0,4,Others,5,Single,11,1,15.0,1.0,2.0,3.0,311.65,0,0.0,Low Risk
54452,0,10.0,Mobile Phone,1,10.0,COD,Male,2.0,4,Laptop & Accessory,4,Single,6,0,13.0,3.0,8.0,8.0,169.85,0,0.0,Low Risk
54453,0,5.0,Computer,3,12.0,E wallet,Female,3.0,4,Mobile Phone,4,Married,3,0,12.0,1.0,3.0,3.0,152.89,0,0.0,Low Risk
54454,1,1.0,Mobile Phone,3,11.0,E wallet,Male,3.0,5,Laptop & Accessory,1,Single,3,1,13.0,5.0,8.0,5.0,183.28,1,0.86,High Risk
54455,0,11.0,Computer,1,16.0,Credit Card,Male,3.0,4,Mobile Phone,1,Married,3,1,13.0,1.0,2.0,3.0,148.26,0,0.03,Low Risk
54456,0,16.0,Computer,3,33.0,E wallet,Female,4.0,4,Grocery,4,Married,7,0,15.0,4.0,2.0,9.0,260.25,0,0.0,Low Risk
54457,1,1.0,Phone,1,10.0,Debit Card,Male,3.0,4,Mobile Phone,3,Single,3,0,14.0,2.0,2.0,1.0,139.2,1,0.89,High Risk
54458,0,9.0,Mobile Phone,3,23.0,E wallet,Male,4.0,4,Fashion,4,Married,2,0,16.0,4.0,7.0,10.0,205.2,0,0.0,Low Risk
54459,0,10.0,Computer,1,25.0,Debit Card,Male,3.0,2,Mobile Phone,1,Married,6,0,19.0,2.0,2.0,1.0,161.88,0,0.0,Low Risk
54460,0,25.0,Mobile Phone,1,9.0,Credit Card,Male,3.0,6,Laptop & Accessory,4,Married,7,0,19.0,1.0,2.0,3.0,179.82,0,0.01,Low Risk
54461,0,15.0,Mobile Phone,3,9.0,Debit Card,Male,3.0,4,Grocery,4,Single,3,0,20.0,1.0,2.0,5.0,285.15,0,0.01,Low Risk
54462,0,1.0,Phone,3,17.0,Credit Card,Female,4.0,5,Mobile Phone,3,Single,3,0,13.0,1.0,2.0,1.0,137.0,0,0.36,Low Risk
54463,0,2.0,Mobile Phone,1,23.0,Credit Card,Male,4.0,2,Laptop & Accessory,5,Single,2,0,20.0,1.0,2.0,8.0,181.61,0,0.0,Low Risk
54464,0,5.0,Mobile Phone,3,14.0,Cash on Delivery,Male,4.0,2,Laptop & Accessory,1,Married,6,0,12.0,4.0,8.0,8.0,194.29,0,0.02,Low Risk
54465,0,13.0,Mobile Phone,1,7.0,Credit Card,Male,3.0,2,Fashion,1,Married,2,0,18.0,2.0,4.0,3.0,221.13,0,0.04,Low Risk
54466,0,10.0,Computer,1,31.0,Debit Card,Female,3.0,4,Laptop & Accessory,4,Married,9,0,16.0,2.0,2.0,9.0,181.74,0,0.0,Low Risk
54467,0,6.0,Mobile Phone,3,14.0,Debit Card,Male,4.0,5,Laptop & Accessory,3,Married,3,0,15.0,4.0,5.0,9.0,179.84,0,0.0,Low Risk
54468,0,12.0,Mobile Phone,1,32.0,Debit Card,Female,3.0,5,Fashion,4,Married,5,0,18.0,1.0,2.0,2.0,245.61,0,0.0,Low Risk
54469,0,31.0,Computer,1,7.0,Debit Card,Male,3.0,6,Laptop & Accessory,3,Married,4,1,14.0,2.0,2.0,3.0,181.6,0,0.01,Low Risk
54470,0,5.0,Mobile Phone,1,12.0,COD,Male,3.0,4,Mobile Phone,1,Married,2,1,13.0,2.0,2.0,4.0,173.21,0,0.01,Low Risk
54471,0,5.0,Mobile Phone,2,9.0,UPI,Male,4.0,5,Laptop & Accessory,5,Married,5,0,13.0,1.0,2.0,1.0,189.1,0,0.0,Low Risk
54472,0,19.0,Computer,1,14.0,Debit Card,Male,4.0,4,Fashion,5,Married,3,0,19.0,3.0,10.0,12.0,177.1,0,0.01,Low Risk
54473,0,5.0,Mobile Phone,1,9.0,Debit Card,Male,3.0,4,Mobile Phone,1,Married,2,1,19.0,3.0,3.0,3.0,151.95,0,0.02,Low Risk
54474,0,7.0,Computer,1,12.0,Debit Card,Female,4.0,4,Fashion,4,Married,8,0,12.0,8.0,2.0,9.0,243.77999999999997,0,0.09,Low Risk
54475,0,1.0,Mobile Phone,1,17.0,Credit Card,Male,4.0,4,Grocery,5,Married,3,1,15.0,2.0,12.0,11.0,295.68,0,0.15,Low Risk
54476,0,17.0,Computer,1,17.0,Debit Card,Female,3.0,4,Mobile Phone,1,Single,2,0,20.0,1.0,2.0,8.0,149.55,0,0.0,Low Risk
54477,0,23.0,Mobile Phone,1,7.0,Cash on Delivery,Female,3.0,5,Grocery,3,Single,9,1,13.0,1.0,2.0,8.0,264.64,0,0.01,Low Risk
54478,1,16.0,Mobile Phone,1,15.0,Credit Card,Male,3.0,5,Laptop & Accessory,4,Married,4,0,16.0,8.0,8.0,8.0,174.41,1,0.64,Medium Risk
54479,0,1.0,Mobile Phone,1,12.0,Debit Card,Female,3.0,4,Mobile Phone,4,Single,3,1,13.0,1.0,2.0,3.0,149.78,0,0.27,Low Risk
54480,0,6.0,Mobile Phone,3,15.0,COD,Female,4.0,5,Laptop & Accessory,4,Married,3,1,12.0,12.0,12.0,10.0,177.28,0,0.04,Low Risk
54481,0,1.0,Mobile Phone,3,9.0,Debit Card,Male,4.0,4,Laptop & Accessory,3,Single,3,1,12.0,1.0,2.0,5.0,169.78,0,0.03,Low Risk
54482,0,5.0,Mobile Phone,3,14.0,E wallet,Male,4.0,4,Laptop & Accessory,1,Married,6,0,13.0,1.0,2.0,8.0,200.47,0,0.01,Low Risk
54483,0,6.0,Mobile Phone,1,9.0,Credit Card,Female,4.0,2,Laptop & Accessory,1,Single,9,0,17.0,1.0,2.0,8.0,175.55,0,0.02,Low Risk
54484,1,1.0,Mobile Phone,1,9.0,Credit Card,Male,3.0,6,Mobile Phone,1,Married,7,1,14.0,2.0,3.0,3.0,159.64,1,0.96,High Risk
54485,0,4.0,Mobile Phone,1,35.0,Credit Card,Female,4.0,4,Laptop & Accessory,1,Married,3,0,14.0,2.0,2.0,10.0,182.75,0,0.03,Low Risk
54486,0,5.0,Computer,1,14.0,Debit Card,Female,3.0,5,Fashion,3,Married,3,0,25.0,8.0,9.0,3.0,214.43,0,0.02,Low Risk
54487,0,13.0,Computer,1,14.0,Credit Card,Male,3.0,5,Others,1,Married,3,0,15.0,7.0,14.0,4.0,317.72,0,0.01,Low Risk
54488,1,3.0,Mobile Phone,3,10.0,Credit Card,Female,3.0,4,Laptop & Accessory,3,Married,6,1,19.0,2.0,2.0,1.0,177.38,1,0.85,High Risk
54489,0,7.0,Computer,3,17.0,E wallet,Male,3.0,5,Laptop & Accessory,1,Single,5,0,15.0,2.0,2.0,2.0,171.82,0,0.0,Low Risk
54490,0,21.0,Mobile Phone,1,12.0,Debit Card,Male,3.0,4,Others,3,Married,6,0,15.0,2.0,2.0,2.0,308.0,0,0.0,Low Risk
54491,0,17.0,Computer,1,17.0,Debit Card,Female,3.0,5,Laptop & Accessory,3,Married,3,0,12.0,2.0,2.0,1.0,177.57,0,0.01,Low Risk
54492,0,1.0,Computer,3,7.0,E wallet,Male,4.0,4,Laptop & Accessory,4,Married,2,1,14.0,1.0,2.0,5.0,188.49,0,0.0,Low Risk
54493,0,28.0,Computer,1,27.0,Debit Card,Female,3.0,4,Laptop & Accessory,3,Single,5,0,13.0,1.0,2.0,4.0,173.69,0,0.02,Low Risk
54494,0,17.0,Mobile Phone,1,14.0,Debit Card,Female,3.0,4,Fashion,5,Married,10,0,17.0,2.0,2.0,3.0,224.85,0,0.01,Low Risk
54495,0,19.0,Mobile Phone,1,15.0,UPI,Male,4.0,4,Laptop & Accessory,1,Married,11,0,15.0,9.0,10.0,9.0,161.97,0,0.02,Low Risk
54496,0,14.0,Mobile Phone,3,7.0,Credit Card,Male,3.0,6,Laptop & Accessory,1,Married,4,1,23.0,2.0,2.0,3.0,199.57,0,0.01,Low Risk
54497,1,1.0,Phone,1,15.0,UPI,Male,4.0,6,Mobile Phone,5,Married,3,1,12.0,1.0,2.0,8.0,146.19,1,0.73,High Risk
54498,0,3.0,Mobile Phone,1,16.0,UPI,Male,2.0,5,Mobile Phone,1,Single,2,0,18.0,2.0,3.0,3.0,164.83,0,0.0,Low Risk
54499,0,4.0,Mobile Phone,3,12.0,E wallet,Female,2.0,5,Laptop & Accessory,3,Married,3,0,14.0,2.0,2.0,3.0,186.18,0,0.01,Low Risk
54500,0,1.0,Mobile Phone,3,15.0,E wallet,Female,3.0,4,Laptop & Accessory,4,Married,3,0,19.0,1.0,2.0,8.0,187.14,0,0.04,Low Risk
54501,0,11.0,Mobile Phone,1,12.0,Credit Card,Male,4.0,4,Laptop & Accessory,1,Married,9,0,17.0,2.0,2.0,5.0,188.47,0,0.0,Low Risk
54502,0,12.0,Mobile Phone,1,22.0,Debit Card,Male,4.0,5,Fashion,1,Married,2,1,15.0,3.0,2.0,10.0,240.10000000000002,0,0.0,Low Risk
54503,0,5.0,Mobile Phone,1,14.0,Credit Card,Female,3.0,4,Fashion,1,Single,3,1,15.0,5.0,5.0,11.0,196.43,0,0.02,Low Risk
54504,0,3.0,Mobile Phone,3,17.0,E wallet,Female,3.0,5,Laptop & Accessory,4,Married,3,1,15.0,2.0,2.0,8.0,207.68,0,0.01,Low Risk
54505,0,9.0,Mobile Phone,1,12.0,Cash on Delivery,Male,4.0,4,Fashion,4,Single,2,0,14.0,2.0,2.0,14.0,205.95,0,0.02,Low Risk
54506,0,1.0,Mobile Phone,1,33.0,Debit Card,Male,3.0,4,Mobile Phone,1,Married,3,0,13.0,1.0,2.0,3.0,154.04,0,0.01,Low Risk
54507,0,15.0,Mobile Phone,1,13.0,Credit Card,Male,4.0,5,Laptop & Accessory,4,Single,8,1,16.0,2.0,2.0,3.0,185.32,0,0.01,Low Risk
54508,0,21.0,Computer,3,11.0,Credit Card,Male,4.0,4,Laptop & Accessory,3,Single,5,0,20.0,1.0,2.0,1.0,154.76,0,0.11,Low Risk
54509,0,16.0,Mobile Phone,1,30.0,Debit Card,Female,3.0,4,Grocery,1,Single,4,0,15.0,1.0,2.0,1.0,284.92,0,0.0,Low Risk
54510,0,3.0,Computer,3,9.0,Debit Card,Male,4.0,4,Laptop & Accessory,3,Married,3,0,15.0,2.0,2.0,3.0,171.49,0,0.01,Low Risk
54511,0,16.0,Mobile Phone,2,9.0,COD,Male,3.0,4,Mobile Phone,3,Married,2,1,12.0,2.0,2.0,1.0,151.96,0,0.03,Low Risk
54512,0,6.0,Phone,1,9.0,Credit Card,Female,4.0,4,Mobile Phone,4,Married,3,0,14.0,1.0,2.0,8.0,148.7,0,0.01,Low Risk
54513,0,22.0,Mobile Phone,3,36.0,Credit Card,Female,4.0,4,Fashion,3,Married,5,0,22.0,1.0,2.0,1.0,250.04000000000002,0,0.0,Low Risk
54514,0,11.0,Mobile Phone,1,13.0,Credit Card,Male,3.0,2,Laptop & Accessory,5,Married,6,1,14.0,7.0,7.0,8.0,184.74,0,0.03,Low Risk
54515,0,4.0,Computer,3,32.0,COD,Female,3.0,4,Laptop & Accessory,3,Married,9,1,13.0,3.0,3.0,3.0,172.36,0,0.04,Low Risk
54516,0,1.0,Mobile Phone,3,7.0,Debit Card,Male,3.0,4,Laptop & Accessory,3,Married,3,0,18.0,1.0,8.0,8.0,177.96,0,0.04,Low Risk
54517,0,16.0,Mobile Phone,1,9.0,UPI,Male,4.0,5,Laptop & Accessory,1,Single,5,0,24.0,2.0,2.0,1.0,192.81,0,0.0,Low Risk
54518,1,1.0,Computer,3,7.0,COD,Female,4.0,5,Mobile Phone,4,Single,3,1,12.0,2.0,2.0,3.0,146.74,1,0.93,High Risk
54519,0,10.0,Computer,3,7.0,Credit Card,Female,3.0,4,Laptop & Accessory,1,Single,6,0,16.0,2.0,2.0,1.0,191.53,0,0.02,Low Risk
54520,0,10.0,Computer,3,10.0,Credit Card,Male,3.0,5,Fashion,1,Married,6,0,12.0,1.0,2.0,3.0,221.99,0,0.01,Low Risk
54521,0,31.0,Mobile Phone,1,7.0,Credit Card,Male,3.0,4,Laptop & Accessory,3,Married,4,0,12.0,1.0,2.0,3.0,192.55,0,0.02,Low Risk
54522,0,14.0,Phone,1,17.0,Debit Card,Female,3.0,2,Mobile Phone,3,Married,5,1,14.0,1.0,2.0,8.0,147.13,0,0.05,Low Risk
54523,0,1.0,Computer,3,16.0,Credit Card,Male,3.0,4,Mobile Phone,1,Single,3,0,25.0,3.0,3.0,3.0,151.1,0,0.06,Low Risk
54524,1,1.0,Mobile Phone,3,12.0,E wallet,Female,3.0,4,Mobile Phone,3,Single,3,1,14.0,1.0,2.0,1.0,153.51,1,0.97,High Risk
54525,0,11.0,Mobile Phone,1,17.0,Credit Card,Female,4.0,4,Mobile Phone,5,Married,8,0,21.0,2.0,2.0,4.0,159.52,0,0.01,Low Risk
54526,0,20.0,Computer,1,14.0,Credit Card,Female,2.0,4,Laptop & Accessory,3,Married,4,0,15.0,2.0,2.0,1.0,177.58,0,0.0,Low Risk
54527,1,5.0,Computer,3,11.0,E wallet,Male,3.0,4,Laptop & Accessory,4,Single,3,0,19.0,5.0,8.0,3.0,218.55,1,0.83,High Risk
54528,0,24.0,Mobile Phone,1,17.0,Cash on Delivery,Male,4.0,5,Fashion,1,Single,8,0,16.0,2.0,2.0,3.0,229.96,0,0.03,Low Risk
54529,1,4.0,Mobile Phone,3,29.0,E wallet,Male,4.0,5,Laptop & Accessory,3,Married,4,1,13.0,2.0,2.0,1.0,188.8,1,0.92,High Risk
54530,0,5.0,Mobile Phone,1,16.0,Debit Card,Male,3.0,5,Mobile Phone,4,Single,2,1,17.0,3.0,3.0,3.0,151.57,0,0.02,Low Risk
54531,1,1.0,Mobile Phone,3,19.0,Debit Card,Female,3.0,2,Mobile Phone,4,Single,3,0,16.0,1.0,2.0,1.0,152.16,1,0.89,High Risk
54532,0,3.0,Phone,1,30.0,Debit Card,Male,3.0,4,Mobile Phone,1,Single,11,0,17.0,1.0,2.0,3.0,147.01,0,0.04,Low Risk
54533,0,9.0,Mobile Phone,1,16.0,Debit Card,Male,4.0,5,Laptop & Accessory,4,Single,11,0,20.0,1.0,2.0,1.0,190.4,0,0.01,Low Risk
54534,0,1.0,Mobile Phone,1,7.0,Credit Card,Male,3.0,4,Mobile Phone,4,Married,3,0,12.0,1.0,2.0,5.0,163.16,0,0.01,Low Risk
54535,0,2.0,Mobile Phone,3,16.0,Debit Card,Male,4.0,4,Laptop & Accessory,1,Single,3,0,17.0,2.0,2.0,8.0,177.53,0,0.01,Low Risk
54536,0,23.0,Mobile Phone,1,14.0,UPI,Male,3.0,5,Fashion,3,Single,10,0,25.0,2.0,2.0,1.0,234.64999999999998,0,0.04,Low Risk
54537,0,25.0,Mobile Phone,3,21.0,Debit Card,Female,3.0,4,Laptop & Accessory,1,Married,6,0,12.0,2.0,2.0,8.0,174.36,0,0.0,Low Risk
54538,0,10.0,Mobile Phone,1,9.0,Debit Card,Female,4.0,4,Mobile Phone,3,Married,6,0,14.0,3.0,3.0,3.0,150.43,0,0.02,Low Risk
54539,1,1.0,Computer,3,26.0,E wallet,Male,4.0,2,Laptop & Accessory,1,Single,10,1,14.0,1.0,2.0,5.0,178.04,1,0.92,High Risk
54540,0,29.0,Mobile Phone,1,9.0,Debit Card,Female,4.0,4,Grocery,1,Single,4,1,14.0,1.0,2.0,3.0,291.59,0,0.0,Low Risk
54541,0,1.0,Mobile Phone,3,17.0,E wallet,Female,4.0,4,Laptop & Accessory,3,Married,3,1,13.0,1.0,2.0,4.0,167.6,0,0.02,Low Risk
54542,0,4.0,Mobile Phone,3,9.0,COD,Male,4.0,4,Mobile Phone,4,Married,3,0,19.0,2.0,2.0,1.0,149.76,0,0.11,Low Risk
54543,1,1.0,Computer,1,10.0,COD,Male,4.0,4,Mobile Phone,5,Single,2,0,23.0,1.0,2.0,5.0,156.02,1,0.95,High Risk
54544,0,1.0,Phone,1,18.0,Credit Card,Female,3.0,4,Mobile Phone,4,Married,3,0,14.0,2.0,2.0,3.0,147.44,0,0.06,Low Risk
54545,0,10.0,Mobile Phone,3,9.0,Credit Card,Male,4.0,5,Fashion,3,Married,3,0,14.0,9.0,10.0,1.0,200.96,0,0.0,Low Risk
54546,1,1.0,Computer,1,11.0,COD,Male,3.0,4,Mobile Phone,1,Single,11,1,24.0,2.0,2.0,1.0,147.85,1,0.96,High Risk
54547,0,11.0,Mobile Phone,1,21.0,Debit Card,Female,4.0,4,Mobile Phone,5,Married,3,0,13.0,11.0,13.0,18.0,155.34,0,0.05,Low Risk
54548,0,14.0,Mobile Phone,3,9.0,E wallet,Female,3.0,4,Laptop & Accessory,4,Married,9,0,13.0,1.0,2.0,4.0,182.15,0,0.01,Low Risk
54549,0,16.0,Mobile Phone,1,7.0,Debit Card,Female,4.0,4,Mobile Phone,5,Married,5,0,17.0,1.0,2.0,3.0,150.76,0,0.01,Low Risk
54550,0,11.0,Mobile Phone,1,17.0,Debit Card,Male,3.0,4,Laptop & Accessory,4,Single,4,1,13.0,1.0,2.0,2.0,166.97,0,0.0,Low Risk
54551,0,17.0,Mobile Phone,1,19.0,Debit Card,Male,3.0,5,Grocery,4,Married,3,0,12.0,1.0,4.0,10.0,268.36,0,0.0,Low Risk
54552,0,14.0,Mobile Phone,1,9.0,Credit Card,Female,4.0,5,Laptop & Accessory,3,Married,8,0,23.0,2.0,2.0,1.0,159.48,0,0.0,Low Risk
54553,0,28.0,Mobile Phone,1,12.0,Credit Card,Male,3.0,4,Others,5,Married,6,0,15.0,2.0,2.0,3.0,319.06,0,0.02,Low Risk
54554,0,8.0,Computer,3,11.0,E wallet,Female,4.0,4,Laptop & Accessory,3,Married,11,0,16.0,1.0,2.0,3.0,190.38,0,0.02,Low Risk
54555,0,5.0,Mobile Phone,1,14.0,Credit Card,Female,3.0,4,Laptop & Accessory,5,Married,3,0,13.0,4.0,4.0,13.0,168.06,0,0.0,Low Risk
54556,0,17.0,Computer,1,28.0,Credit Card,Male,4.0,4,Mobile Phone,1,Married,9,0,21.0,2.0,2.0,3.0,147.58,0,0.02,Low Risk
54557,0,17.0,Mobile Phone,1,15.0,UPI,Female,4.0,4,Laptop & Accessory,3,Married,6,1,15.0,2.0,2.0,3.0,170.22,0,0.0,Low Risk
54558,0,1.0,Mobile Phone,3,11.0,Debit Card,Female,4.0,5,Laptop & Accessory,1,Single,3,1,12.0,1.0,2.0,4.0,169.87,0,0.03,Low Risk
54559,0,11.0,Computer,1,32.0,Credit Card,Female,4.0,4,Laptop & Accessory,3,Married,5,1,16.0,5.0,11.0,8.0,169.49,0,0.01,Low Risk
54560,0,5.0,Phone,1,7.0,Debit Card,Male,4.0,5,Mobile Phone,5,Married,3,0,13.0,4.0,4.0,3.0,147.18,0,0.03,Low Risk
54561,0,13.0,Computer,1,7.0,Debit Card,Male,3.0,4,Others,3,Married,3,1,15.0,1.0,2.0,7.0,316.97,0,0.04,Low Risk
54562,0,30.0,Computer,3,13.0,Debit Card,Female,3.0,2,Grocery,5,Married,11,0,12.0,7.0,2.0,8.0,257.12,0,0.07,Low Risk
54563,0,4.0,Mobile Phone,3,19.0,COD,Female,3.0,4,Laptop & Accessory,3,Single,2,0,12.0,4.0,5.0,5.0,190.77,0,0.04,Low Risk
54564,0,15.0,Mobile Phone,3,7.0,E wallet,Male,3.0,2,Fashion,5,Married,3,0,17.0,2.0,2.0,8.0,208.92,0,0.0,Low Risk
54565,0,2.0,Mobile Phone,1,24.0,Credit Card,Male,4.0,4,Laptop & Accessory,5,Married,3,0,13.0,1.0,2.0,9.0,170.58,0,0.02,Low Risk
54566,1,1.0,Mobile Phone,1,10.0,Credit Card,Male,4.0,4,Mobile Phone,5,Married,7,0,14.0,2.0,2.0,3.0,165.31,1,0.9,High Risk
54567,0,26.0,Mobile Phone,1,10.0,Credit Card,Male,3.0,5,Fashion,3,Married,4,1,15.0,2.0,2.0,5.0,204.69,0,0.0,Low Risk
54568,0,19.0,Mobile Phone,1,17.0,Debit Card,Male,4.0,4,Mobile Phone,1,Married,5,0,22.0,1.0,2.0,3.0,151.54,0,0.0,Low Risk
54569,0,26.0,Mobile Phone,1,11.0,Debit Card,Female,2.0,4,Grocery,1,Married,4,0,14.0,1.0,2.0,5.0,290.55,0,0.0,Low Risk
54570,0,16.0,Computer,1,36.0,Debit Card,Female,4.0,4,Laptop & Accessory,3,Married,4,0,12.0,2.0,2.0,3.0,170.56,0,0.0,Low Risk
54571,0,4.0,Mobile Phone,1,9.0,Debit Card,Female,3.0,6,Laptop & Accessory,1,Single,4,0,21.0,2.0,2.0,3.0,185.91,0,0.09,Low Risk
54572,0,31.0,Mobile Phone,1,14.0,Debit Card,Female,3.0,4,Others,5,Married,7,0,15.0,2.0,12.0,11.0,320.66,0,0.01,Low Risk
54573,0,20.0,Mobile Phone,1,25.0,Credit Card,Female,3.0,4,Laptop & Accessory,3,Married,4,0,15.0,2.0,2.0,9.0,173.1,0,0.0,Low Risk
54574,0,16.0,Computer,1,35.0,COD,Female,3.0,5,Laptop & Accessory,1,Married,2,0,12.0,1.0,2.0,5.0,170.23,0,0.01,Low Risk
54575,1,1.0,Mobile Phone,3,7.0,COD,Female,4.0,4,Mobile Phone,4,Single,3,1,17.0,1.0,2.0,5.0,157.02,1,0.88,High Risk
54576,1,1.0,Computer,3,13.0,E wallet,Female,3.0,6,Mobile Phone,3,Married,2,0,17.0,1.0,2.0,1.0,148.51,1,0.93,High Risk
54577,0,12.0,Computer,1,9.0,Debit Card,Male,3.0,4,Mobile Phone,1,Married,3,1,24.0,2.0,2.0,1.0,142.02,0,0.03,Low Risk
54578,0,14.0,Mobile Phone,3,9.0,Debit Card,Female,4.0,4,Others,3,Married,2,0,15.0,2.0,2.0,13.0,305.41,0,0.0,Low Risk
54579,0,1.0,Mobile Phone,1,30.0,Debit Card,Female,3.0,4,Mobile Phone,1,Married,3,0,23.0,1.0,2.0,3.0,153.86,0,0.0,Low Risk
54580,0,4.0,Computer,1,10.0,Debit Card,Male,3.0,4,Mobile Phone,1,Married,6,0,16.0,2.0,2.0,5.0,145.97,0,0.01,Low Risk
54581,0,3.0,Mobile Phone,1,10.0,Credit Card,Male,4.0,5,Fashion,3,Married,3,0,19.0,1.0,2.0,8.0,244.35000000000002,0,0.01,Low Risk
54582,1,1.0,Mobile Phone,1,32.0,COD,Female,4.0,5,Mobile Phone,4,Married,7,0,17.0,2.0,2.0,2.0,150.46,1,0.85,High Risk
54583,1,1.0,Mobile Phone,2,9.0,COD,Male,3.0,5,Mobile Phone,1,Single,3,0,13.0,1.0,2.0,1.0,150.64,1,0.9,High Risk
54584,0,4.0,Computer,3,29.0,UPI,Female,4.0,4,Fashion,5,Married,2,0,12.0,4.0,8.0,9.0,209.12,0,0.01,Low Risk
54585,0,31.0,Mobile Phone,3,36.0,E wallet,Male,3.0,5,Grocery,1,Married,5,0,13.0,1.0,2.0,1.0,266.18,0,0.01,Low Risk
54586,0,24.0,Mobile Phone,1,36.0,Debit Card,Male,3.0,5,Grocery,3,Married,2,0,15.0,16.0,16.0,8.0,295.46,0,0.03,Low Risk
54587,0,4.0,Computer,1,9.0,Credit Card,Female,3.0,4,Mobile Phone,1,Single,2,0,15.0,2.0,7.0,8.0,150.64,0,0.01,Low Risk
54588,0,31.0,Computer,3,35.0,E wallet,Female,4.0,5,Fashion,5,Married,6,0,20.0,4.0,14.0,3.0,227.66,0,0.0,Low Risk
54589,0,21.0,Mobile Phone,1,9.0,Credit Card,Female,4.0,4,Laptop & Accessory,1,Married,7,0,14.0,1.0,2.0,5.0,175.7,0,0.01,Low Risk
54590,0,20.0,Mobile Phone,1,9.0,Debit Card,Male,3.0,4,Grocery,3,Married,8,0,15.0,2.0,2.0,2.0,303.61,0,0.0,Low Risk
54591,0,9.0,Mobile Phone,1,29.0,Debit Card,Male,3.0,6,Mobile Phone,3,Single,2,0,16.0,2.0,5.0,4.0,167.3,0,0.04,Low Risk
54592,0,28.0,Mobile Phone,1,6.0,Debit Card,Female,3.0,4,Laptop & Accessory,3,Single,9,0,12.0,1.0,2.0,1.0,162.8,0,0.03,Low Risk
54593,0,8.0,Mobile Phone,1,9.0,Debit Card,Male,4.0,5,Mobile Phone,3,Married,5,0,13.0,4.0,6.0,8.0,152.68,0,0.01,Low Risk
54594,0,6.0,Mobile Phone,3,17.0,E wallet,Female,4.0,5,Fashion,1,Married,4,1,20.0,1.0,2.0,3.0,215.71,0,0.01,Low Risk
54595,0,5.0,Mobile Phone,1,16.0,Debit Card,Male,3.0,4,Fashion,4,Married,3,0,26.0,1.0,2.0,9.0,231.48000000000002,0,0.01,Low Risk
54596,1,1.0,Mobile Phone,1,22.0,Credit Card,Male,3.0,4,Fashion,3,Married,9,1,13.0,1.0,8.0,8.0,261.1,1,0.9,High Risk
54597,1,1.0,Mobile Phone,1,17.0,Credit Card,Male,3.0,6,Mobile Phone,1,Married,9,0,14.0,1.0,2.0,4.0,159.08,1,0.87,High Risk
54598,0,4.0,Mobile Phone,3,14.0,E wallet,Male,3.0,4,Mobile Phone,4,Single,2,0,15.0,1.0,2.0,3.0,154.83,0,0.0,Low Risk
54599,0,9.0,Mobile Phone,1,23.0,Debit Card,Male,4.0,4,Fashion,3,Married,6,1,13.0,1.0,2.0,1.0,201.32,0,0.01,Low Risk
54600,1,1.0,Computer,1,27.0,Debit Card,Male,4.0,4,Fashion,3,Married,5,0,13.0,2.0,2.0,3.0,223.24,1,0.93,High Risk
54601,1,1.0,Computer,2,30.0,UPI,Female,3.0,4,Fashion,5,Married,11,1,16.0,2.0,2.0,3.0,224.5,1,0.93,High Risk
54602,0,16.0,Computer,1,12.0,UPI,Male,4.0,4,Mobile Phone,3,Married,6,0,18.0,1.0,3.0,1.0,145.93,0,0.01,Low Risk
54603,0,10.0,Computer,3,17.0,Credit Card,Male,3.0,4,Fashion,1,Single,3,0,15.0,9.0,10.0,3.0,224.8,0,0.03,Low Risk
54604,1,1.0,Computer,1,11.0,COD,Male,4.0,5,Mobile Phone,3,Single,7,0,17.0,1.0,2.0,3.0,163.94,1,0.94,High Risk
54605,0,22.0,Mobile Phone,3,9.0,E wallet,Female,3.0,4,Laptop & Accessory,1,Married,4,0,15.0,7.0,7.0,8.0,165.51,0,0.0,Low Risk
54606,0,29.0,Mobile Phone,3,25.0,Debit Card,Female,3.0,4,Grocery,4,Single,5,0,15.0,2.0,8.0,9.0,293.35,0,0.0,Low Risk
54607,0,15.0,Computer,3,17.0,Debit Card,Male,3.0,4,Laptop & Accessory,1,Single,9,0,15.0,1.0,2.0,11.0,187.3,0,0.01,Low Risk
54608,0,9.0,Mobile Phone,3,7.0,E wallet,Male,3.0,4,Laptop & Accessory,3,Married,11,0,12.0,1.0,7.0,10.0,172.17,0,0.07,Low Risk
54609,0,14.0,Mobile Phone,1,13.0,Debit Card,Female,4.0,4,Grocery,3,Single,9,0,16.0,5.0,2.0,14.0,257.37,0,0.01,Low Risk
54610,0,13.0,Computer,1,15.0,Debit Card,Female,3.0,4,Mobile Phone,3,Married,3,0,12.0,2.0,2.0,8.0,162.55,0,0.0,Low Risk
54611,0,5.0,Mobile Phone,3,9.0,Debit Card,Male,4.0,4,Laptop & Accessory,1,Single,6,1,14.0,2.0,2.0,6.0,190.82,0,0.07,Low Risk
54612,0,16.0,Mobile Phone,1,31.0,Credit Card,Male,3.0,4,Fashion,5,Married,3,1,22.0,6.0,6.0,9.0,199.06,0,0.01,Low Risk
54613,0,19.0,Mobile Phone,3,9.0,UPI,Male,4.0,4,Laptop & Accessory,4,Married,2,0,20.0,4.0,4.0,8.0,173.05,0,0.0,Low Risk
54614,1,1.0,Computer,2,24.0,Debit Card,Female,3.0,4,Mobile Phone,3,Married,2,1,12.0,1.0,2.0,1.0,152.41,1,0.99,High Risk
54615,0,3.0,Mobile Phone,1,26.0,COD,Male,3.0,4,Laptop & Accessory,1,Married,6,0,13.0,2.0,2.0,3.0,167.62,0,0.01,Low Risk
54616,0,7.0,Mobile Phone,1,7.0,Credit Card,Female,4.0,2,Grocery,3,Married,6,0,20.0,1.0,2.0,6.0,286.84,0,0.0,Low Risk
54617,0,5.0,Mobile Phone,3,14.0,Debit Card,Male,3.0,5,Fashion,1,Married,11,0,22.0,2.0,2.0,2.0,240.57,0,0.04,Low Risk
54618,1,1.0,Computer,3,12.0,E wallet,Male,4.0,4,Mobile Phone,4,Single,3,1,15.0,2.0,2.0,1.0,143.78,1,1.0,High Risk
54619,0,14.0,Computer,3,35.0,UPI,Male,3.0,6,Fashion,5,Married,5,0,16.0,1.0,2.0,2.0,234.32,0,0.03,Low Risk
54620,0,15.0,Computer,1,9.0,UPI,Female,4.0,5,Laptop & Accessory,3,Single,4,1,18.0,1.0,2.0,8.0,193.11,0,0.0,Low Risk
54621,0,1.0,Mobile Phone,3,36.0,Credit Card,Male,3.0,4,Laptop & Accessory,3,Married,7,0,13.0,1.0,2.0,1.0,168.06,0,0.09,Low Risk
54622,0,9.0,Mobile Phone,3,7.0,Credit Card,Female,4.0,4,Laptop & Accessory,3,Single,3,0,17.0,2.0,2.0,4.0,173.59,0,0.0,Low Risk
54623,0,8.0,Mobile Phone,3,28.0,Debit Card,Male,4.0,2,Laptop & Accessory,1,Single,3,0,13.0,1.0,6.0,8.0,178.37,0,0.0,Low Risk
54624,1,1.0,Phone,1,31.0,COD,Male,4.0,6,Mobile Phone,1,Single,3,1,19.0,1.0,2.0,1.0,148.4,1,0.98,High Risk
54625,0,11.0,Mobile Phone,1,7.0,Cash on Delivery,Female,3.0,4,Fashion,1,Single,6,0,18.0,2.0,2.0,3.0,199.91,0,0.05,Low Risk
54626,0,20.0,Computer,1,25.0,Credit Card,Female,3.0,4,Fashion,3,Married,7,0,12.0,1.0,2.0,3.0,230.27,0,0.01,Low Risk
54627,0,15.0,Mobile Phone,3,9.0,Debit Card,Female,4.0,4,Grocery,5,Married,9,0,17.0,1.0,12.0,9.0,290.95,0,0.01,Low Risk
54628,0,11.0,Computer,3,16.0,Credit Card,Male,4.0,4,Fashion,4,Married,3,0,14.0,2.0,8.0,3.0,213.34,0,0.03,Low Risk
54629,0,26.0,Mobile Phone,1,13.0,COD,Male,4.0,4,Laptop & Accessory,5,Married,5,1,13.0,3.0,7.0,10.0,180.77,0,0.02,Low Risk
54630,1,1.0,Computer,3,18.0,UPI,Male,3.0,2,Laptop & Accessory,3,Married,10,0,13.0,2.0,2.0,3.0,172.07,1,0.75,High Risk
54631,0,1.0,Computer,3,31.0,Credit Card,Male,3.0,4,Mobile Phone,1,Married,2,0,14.0,2.0,3.0,2.0,149.0,0,0.16,Low Risk
54632,0,12.0,Mobile Phone,1,17.0,Credit Card,Female,4.0,4,Laptop & Accessory,3,Married,5,0,20.0,1.0,2.0,3.0,223.24,0,0.02,Low Risk
54633,0,11.0,Mobile Phone,1,7.0,Debit Card,Female,4.0,4,Laptop & Accessory,4,Married,8,0,13.0,5.0,5.0,4.0,189.47,0,0.03,Low Risk
54634,0,23.0,Mobile Phone,1,25.0,Debit Card,Male,3.0,5,Others,3,Married,3,1,15.0,2.0,2.0,10.0,320.02,0,0.0,Low Risk
54635,0,1.0,Mobile Phone,1,30.0,Credit Card,Male,3.0,2,Mobile Phone,1,Married,3,1,12.0,1.0,2.0,5.0,152.25,0,0.11,Low Risk
54636,0,1.0,Mobile Phone,3,35.0,E wallet,Male,4.0,4,Laptop & Accessory,4,Married,3,0,21.0,1.0,2.0,5.0,187.72,0,0.04,Low Risk
54637,0,1.0,Phone,1,24.0,UPI,Male,4.0,5,Mobile Phone,4,Married,3,0,22.0,2.0,2.0,1.0,146.27,0,0.33,Low Risk
54638,0,24.0,Computer,2,10.0,Credit Card,Male,4.0,4,Others,4,Married,3,0,15.0,2.0,11.0,8.0,307.0,0,0.01,Low Risk
54639,0,1.0,Phone,3,20.0,Credit Card,Male,3.0,4,Mobile Phone,3,Married,3,0,12.0,2.0,2.0,7.0,145.96,0,0.04,Low Risk
54640,1,1.0,Computer,1,14.0,Debit Card,Female,3.0,4,Mobile Phone,3,Married,3,1,17.0,1.0,2.0,3.0,153.86,1,0.87,High Risk
54641,1,1.0,Computer,3,19.0,Debit Card,Male,4.0,5,Mobile Phone,5,Married,3,0,19.0,2.0,2.0,1.0,145.33,1,0.89,High Risk
54642,0,8.0,Mobile Phone,1,7.0,Debit Card,Male,3.0,5,Mobile Phone,1,Married,3,1,14.0,2.0,2.0,4.0,161.22,0,0.11,Low Risk
54643,1,1.0,Mobile Phone,3,20.0,Credit Card,Male,3.0,4,Laptop & Accessory,5,Married,4,0,18.0,1.0,2.0,3.0,167.33,1,0.94,High Risk
54644,0,9.0,Mobile Phone,1,32.0,UPI,Male,3.0,5,Laptop & Accessory,1,Single,6,0,15.0,2.0,2.0,3.0,161.81,0,0.0,Low Risk
54645,0,5.0,Mobile Phone,3,13.0,Credit Card,Male,4.0,2,Laptop & Accessory,1,Married,6,0,23.0,6.0,6.0,8.0,179.6,0,0.01,Low Risk
54646,0,1.0,Phone,1,13.0,Credit Card,Female,4.0,5,Mobile Phone,3,Married,2,0,13.0,1.0,2.0,4.0,146.87,0,0.01,Low Risk
54647,0,11.0,Mobile Phone,3,9.0,E wallet,Male,4.0,4,Laptop & Accessory,3,Married,6,1,12.0,1.0,2.0,3.0,221.02,0,0.03,Low Risk
54648,0,1.0,Mobile Phone,1,7.0,Debit Card,Female,3.0,5,Mobile Phone,4,Single,3,0,14.0,1.0,2.0,1.0,153.36,0,0.07,Low Risk
54649,0,16.0,Mobile Phone,1,9.0,Debit Card,Female,3.0,4,Laptop & Accessory,1,Married,3,0,14.0,1.0,3.0,3.0,165.89,0,0.0,Low Risk
54650,0,17.0,Mobile Phone,1,13.0,UPI,Male,3.0,5,Grocery,1,Married,6,1,15.0,1.0,2.0,1.0,291.27,0,0.0,Low Risk
54651,0,12.0,Mobile Phone,1,7.0,Debit Card,Female,3.0,4,Mobile Phone,5,Single,5,0,18.0,1.0,2.0,1.0,151.19,0,0.02,Low Risk
54652,0,17.0,Computer,1,16.0,Credit Card,Male,4.0,4,Laptop & Accessory,3,Married,5,1,14.0,2.0,5.0,8.0,181.79,0,0.01,Low Risk
54653,0,22.0,Mobile Phone,1,7.0,Debit Card,Female,3.0,5,Grocery,5,Married,9,0,12.0,1.0,2.0,3.0,279.02,0,0.01,Low Risk
54654,0,18.0,Mobile Phone,2,7.0,Debit Card,Female,3.0,5,Laptop & Accessory,3,Single,6,0,12.0,2.0,2.0,3.0,184.85,0,0.0,Low Risk
54655,0,8.0,Mobile Phone,3,21.0,COD,Female,3.0,4,Mobile Phone,3,Married,3,1,19.0,2.0,2.0,7.0,150.79,0,0.03,Low Risk
54656,1,1.0,Mobile Phone,3,9.0,E wallet,Male,3.0,4,Mobile Phone,5,Married,2,0,12.0,2.0,2.0,3.0,155.41,1,0.93,High Risk
54657,0,1.0,Mobile Phone,3,29.0,COD,Male,3.0,4,Mobile Phone,3,Single,3,0,12.0,1.0,2.0,3.0,159.47,0,0.03,Low Risk
54658,0,18.0,Mobile Phone,1,10.0,UPI,Male,3.0,4,Others,1,Married,6,1,15.0,1.0,2.0,2.0,320.13,0,0.01,Low Risk
54659,0,1.0,Mobile Phone,1,13.0,Credit Card,Male,4.0,4,Mobile Phone,3,Married,2,0,21.0,2.0,3.0,3.0,152.73,0,0.03,Low Risk
54660,0,7.0,Mobile Phone,3,15.0,E wallet,Male,3.0,4,Laptop & Accessory,3,Married,2,0,13.0,1.0,2.0,3.0,196.04,0,0.0,Low Risk
54661,0,6.0,Mobile Phone,1,16.0,Debit Card,Female,4.0,4,Laptop & Accessory,1,Married,3,1,13.0,2.0,2.0,6.0,188.22,0,0.01,Low Risk
54662,0,4.0,Computer,1,10.0,Credit Card,Female,4.0,4,Mobile Phone,3,Married,3,0,21.0,2.0,2.0,1.0,145.83,0,0.0,Low Risk
54663,0,27.0,Mobile Phone,3,7.0,Credit Card,Female,3.0,4,Laptop & Accessory,5,Single,9,0,21.0,5.0,9.0,11.0,208.81,0,0.02,Low Risk
54664,0,8.0,Mobile Phone,1,7.0,Debit Card,Male,3.0,4,Mobile Phone,1,Married,3,0,13.0,2.0,9.0,9.0,151.91,0,0.01,Low Risk
54665,1,9.0,Computer,3,33.0,Debit Card,Female,4.0,4,Laptop & Accessory,5,Married,4,0,15.0,1.0,2.0,1.0,167.86,1,0.82,High Risk
54666,0,1.0,Mobile Phone,1,13.0,Debit Card,Female,4.0,4,Mobile Phone,1,Married,3,1,14.0,1.0,2.0,3.0,81.0,0,0.24,Low Risk
54667,0,11.0,Mobile Phone,1,10.0,UPI,Male,3.0,4,Fashion,3,Married,3,0,16.0,8.0,8.0,3.0,219.34,0,0.01,Low Risk
54668,0,3.0,Mobile Phone,3,10.0,Credit Card,Female,4.0,4,Laptop & Accessory,3,Married,3,0,15.0,1.0,2.0,3.0,180.61,0,0.01,Low Risk
54669,0,9.0,Mobile Phone,1,13.0,Debit Card,Male,3.0,6,Laptop & Accessory,1,Single,3,0,14.0,1.0,12.0,9.0,191.46,0,0.0,Low Risk
54670,0,7.0,Computer,1,13.0,Debit Card,Male,2.0,4,Laptop & Accessory,1,Married,5,0,24.0,4.0,5.0,8.0,202.25,0,0.0,Low Risk
54671,0,28.0,Mobile Phone,2,26.0,Credit Card,Male,3.0,4,Fashion,4,Married,4,0,16.0,3.0,2.0,2.0,232.25,0,0.01,Low Risk
54672,0,10.0,Mobile Phone,1,16.0,Credit Card,Male,3.0,5,Laptop & Accessory,4,Married,4,1,12.0,1.0,2.0,3.0,213.47,0,0.0,Low Risk
54673,0,1.0,Phone,1,10.0,Credit Card,Male,3.0,5,Mobile Phone,1,Single,2,0,14.0,2.0,2.0,2.0,145.45,0,0.05,Low Risk
54674,1,1.0,Phone,1,17.0,Credit Card,Male,3.0,4,Mobile,3,Single,3,1,12.0,2.0,2.0,2.0,135.09,1,0.94,High Risk
54675,1,1.0,Computer,1,10.0,Debit Card,Male,4.0,4,Mobile Phone,5,Single,3,1,12.0,6.0,10.0,8.0,158.48,1,0.94,High Risk
54676,0,9.0,Computer,1,10.0,Debit Card,Male,3.0,5,Mobile Phone,3,Married,3,0,19.0,2.0,2.0,1.0,137.81,0,0.0,Low Risk
54677,0,1.0,Mobile Phone,1,11.0,Credit Card,Male,3.0,2,Mobile Phone,5,Married,4,0,17.0,1.0,2.0,3.0,153.19,0,0.14,Low Risk
54678,0,1.0,Mobile Phone,3,15.0,Debit Card,Male,3.0,2,Laptop & Accessory,4,Married,2,0,23.0,2.0,2.0,3.0,173.51,0,0.0,Low Risk
54679,0,12.0,Mobile Phone,3,14.0,E wallet,Female,3.0,5,Laptop & Accessory,1,Single,2,0,21.0,2.0,2.0,6.0,165.28,0,0.0,Low Risk
54680,0,3.0,Computer,1,7.0,Debit Card,Male,4.0,6,Mobile Phone,1,Married,3,0,19.0,1.0,3.0,9.0,152.2,0,0.02,Low Risk
54681,0,22.0,Mobile Phone,3,9.0,E wallet,Male,3.0,2,Laptop & Accessory,4,Married,5,0,13.0,1.0,3.0,3.0,206.2,0,0.0,Low Risk
54682,0,1.0,Computer,3,10.0,Credit Card,Female,4.0,2,Laptop & Accessory,1,Married,3,1,21.0,2.0,2.0,5.0,171.47,0,0.04,Low Risk
54683,0,11.0,Mobile Phone,1,17.0,Debit Card,Male,4.0,2,Mobile Phone,1,Single,5,0,18.0,2.0,2.0,1.0,171.8,0,0.01,Low Risk
54684,0,24.0,Mobile Phone,1,35.0,Credit Card,Male,4.0,2,Mobile Phone,3,Married,3,1,12.0,1.0,4.0,9.0,157.21,0,0.01,Low Risk
54685,0,8.0,Mobile Phone,1,16.0,Credit Card,Female,3.0,5,Fashion,4,Single,3,0,15.0,5.0,8.0,3.0,211.21,0,0.02,Low Risk
54686,1,1.0,Mobile Phone,3,10.0,Debit Card,Female,4.0,4,Laptop & Accessory,3,Single,11,0,15.0,2.0,3.0,1.0,170.77,1,0.94,High Risk
54687,0,13.0,Mobile Phone,1,9.0,COD,Female,4.0,5,Laptop & Accessory,3,Single,3,0,12.0,2.0,12.0,11.0,170.53,0,0.03,Low Risk
54688,0,6.0,Mobile Phone,3,17.0,E wallet,Male,3.0,4,Laptop & Accessory,1,Single,3,0,13.0,2.0,2.0,9.0,178.96,0,0.0,Low Risk
54689,1,14.0,Computer,3,15.0,Cash on Delivery,Male,3.0,4,Laptop & Accessory,3,Married,5,1,15.0,1.0,2.0,4.0,192.96,1,0.74,High Risk
54690,0,12.0,Mobile Phone,1,7.0,Debit Card,Female,3.0,2,Laptop & Accessory,1,Single,2,0,14.0,1.0,2.0,9.0,201.25,0,0.0,Low Risk
54691,0,1.0,Mobile Phone,1,7.0,Debit Card,Female,4.0,4,Fashion,5,Married,3,0,12.0,1.0,2.0,8.0,199.12,0,0.1,Low Risk
54692,0,6.0,Mobile Phone,1,10.0,Debit Card,Female,3.0,4,Fashion,1,Single,5,0,16.0,7.0,2.0,8.0,236.58999999999997,0,0.01,Low Risk
54693,0,21.0,Mobile Phone,3,21.0,E wallet,Male,3.0,4,Laptop & Accessory,5,Single,4,0,13.0,2.0,2.0,8.0,174.6,0,0.0,Low Risk
54694,0,14.0,Computer,3,12.0,Debit Card,Male,3.0,5,Fashion,5,Married,7,1,22.0,1.0,2.0,3.0,229.75,0,0.03,Low Risk
54695,0,27.0,Mobile Phone,1,14.0,Debit Card,Male,3.0,2,Grocery,3,Married,5,0,20.0,1.0,2.0,4.0,273.14,0,0.0,Low Risk
54696,0,15.0,Mobile Phone,2,17.0,UPI,Male,4.0,5,Others,1,Married,5,0,15.0,4.0,13.0,7.0,316.41,0,0.01,Low Risk
54697,0,31.0,Mobile Phone,3,23.0,E wallet,Male,3.0,4,Laptop & Accessory,5,Single,10,0,15.0,3.0,3.0,3.0,179.05,0,0.01,Low Risk
54698,0,1.0,Computer,1,17.0,Debit Card,Male,3.0,4,Fashion,5,Married,3,0,22.0,1.0,2.0,3.0,212.93,0,0.08,Low Risk
54699,0,15.0,Mobile Phone,2,7.0,UPI,Male,3.0,5,Others,3,Married,3,0,15.0,2.0,3.0,11.0,316.89,0,0.03,Low Risk
54700,0,24.0,Mobile Phone,3,15.0,E wallet,Male,3.0,4,Mobile Phone,4,Married,9,0,16.0,1.0,3.0,3.0,163.75,0,0.0,Low Risk
54701,1,1.0,Phone,1,7.0,Debit Card,Female,4.0,6,Mobile Phone,4,Single,9,1,14.0,2.0,4.0,8.0,147.16,1,0.96,High Risk
54702,0,10.0,Computer,1,15.0,Debit Card,Female,4.0,2,Fashion,5,Married,11,0,15.0,1.0,2.0,6.0,242.13,0,0.01,Low Risk
54703,0,12.0,Mobile Phone,1,7.0,Debit Card,Female,3.0,4,Fashion,3,Single,6,1,15.0,1.0,2.0,1.0,203.61,0,0.02,Low Risk
54704,0,18.0,Computer,1,31.0,Credit Card,Male,3.0,6,Mobile Phone,3,Single,4,0,15.0,1.0,2.0,5.0,162.08,0,0.01,Low Risk
54705,0,21.0,Computer,3,10.0,Credit Card,Female,3.0,4,Grocery,3,Married,11,1,13.0,1.0,12.0,14.0,262.7,0,0.02,Low Risk
54706,0,4.0,Mobile Phone,3,34.0,E wallet,Male,4.0,4,Laptop & Accessory,1,Married,9,0,24.0,3.0,8.0,8.0,178.04,0,0.03,Low Risk
54707,0,3.0,Mobile Phone,3,17.0,Debit Card,Male,4.0,4,Mobile Phone,3,Single,3,0,12.0,2.0,2.0,1.0,151.42,0,0.07,Low Risk
54708,1,6.0,Computer,1,26.0,Credit Card,Male,3.0,2,Mobile Phone,3,Married,8,1,13.0,1.0,3.0,3.0,152.59,1,0.85,High Risk
54709,0,17.0,Computer,3,22.0,Debit Card,Male,3.0,5,Laptop & Accessory,1,Married,5,0,19.0,2.0,3.0,3.0,193.04,0,0.01,Low Risk
54710,0,8.0,Mobile Phone,1,15.0,Credit Card,Female,4.0,4,Laptop & Accessory,3,Single,5,0,12.0,1.0,5.0,4.0,186.42,0,0.02,Low Risk
54711,0,1.0,Mobile Phone,1,16.0,Credit Card,Male,3.0,4,Mobile Phone,5,Married,3,0,15.0,2.0,2.0,3.0,150.0,0,0.06,Low Risk
54712,0,13.0,Mobile Phone,2,10.0,UPI,Female,3.0,2,Laptop & Accessory,4,Married,11,0,16.0,1.0,4.0,7.0,188.89,0,0.02,Low Risk
54713,0,30.0,Mobile Phone,1,16.0,Credit Card,Male,3.0,4,Grocery,1,Married,9,0,12.0,1.0,2.0,2.0,236.02999999999997,0,0.01,Low Risk
54714,0,14.0,Phone,1,9.0,Credit Card,Female,3.0,5,Mobile Phone,1,Single,2,1,21.0,1.0,3.0,4.0,148.42,0,0.01,Low Risk
54715,0,1.0,Mobile Phone,1,14.0,Credit Card,Female,3.0,5,Laptop & Accessory,5,Single,10,0,20.0,2.0,2.0,8.0,193.11,0,0.06,Low Risk
54716,0,3.0,Phone,3,17.0,E wallet,Male,3.0,4,Mobile Phone,4,Married,3,0,15.0,3.0,3.0,3.0,147.97,0,0.0,Low Risk
54717,0,27.0,Phone,1,13.0,Debit Card,Male,3.0,4,Laptop & Accessory,1,Single,4,0,18.0,3.0,3.0,3.0,149.5,0,0.0,Low Risk
54718,0,9.0,Computer,1,9.0,Debit Card,Female,4.0,4,Laptop & Accessory,5,Married,4,0,12.0,2.0,2.0,1.0,175.93,0,0.01,Low Risk
54719,0,6.0,Computer,1,31.0,Debit Card,Male,4.0,4,Laptop & Accessory,1,Married,3,0,16.0,2.0,5.0,8.0,178.09,0,0.0,Low Risk
54720,0,12.0,Mobile Phone,1,9.0,Credit Card,Male,4.0,4,Mobile Phone,3,Married,8,1,14.0,1.0,2.0,2.0,155.57,0,0.13,Low Risk
54721,0,8.0,Mobile Phone,1,15.0,Debit Card,Female,3.0,4,Laptop & Accessory,5,Married,5,0,15.0,2.0,2.0,1.0,176.21,0,0.0,Low Risk
54722,0,26.0,Mobile Phone,3,10.0,E wallet,Male,3.0,5,Grocery,5,Married,3,0,15.0,2.0,2.0,17.0,293.56,0,0.0,Low Risk
54723,1,1.0,Mobile Phone,1,7.0,UPI,Male,4.0,4,Mobile Phone,1,Single,3,1,14.0,7.0,8.0,9.0,151.86,1,0.91,High Risk
54724,0,1.0,Mobile Phone,3,33.0,Credit Card,Female,3.0,4,Laptop & Accessory,1,Single,3,0,24.0,1.0,2.0,5.0,186.8,0,0.1,Low Risk
54725,0,19.0,Mobile Phone,3,9.0,COD,Male,3.0,6,Laptop & Accessory,3,Single,2,0,14.0,2.0,4.0,2.0,191.32,0,0.04,Low Risk
54726,0,1.0,Mobile Phone,1,17.0,Credit Card,Male,4.0,2,Mobile Phone,3,Single,3,0,19.0,1.0,2.0,3.0,160.05,0,0.04,Low Risk
54727,1,11.0,Computer,3,34.0,Debit Card,Female,4.0,2,Laptop & Accessory,3,Single,6,1,13.0,1.0,2.0,4.0,188.97,1,0.92,High Risk
54728,0,8.0,Mobile Phone,3,9.0,UPI,Male,3.0,4,Laptop & Accessory,1,Single,3,0,23.0,1.0,2.0,5.0,187.74,0,0.0,Low Risk
54729,1,19.0,Mobile Phone,1,9.0,Credit Card,Male,4.0,4,Others,5,Married,7,1,14.0,2.0,2.0,5.0,323.59,1,0.69,Medium Risk
54730,0,10.0,Computer,3,15.0,Debit Card,Male,4.0,5,Fashion,5,Single,3,0,16.0,1.0,2.0,10.0,200.87,0,0.03,Low Risk
54731,0,26.0,Computer,1,26.0,Credit Card,Male,3.0,4,Mobile Phone,1,Married,2,0,19.0,2.0,2.0,3.0,167.58,0,0.0,Low Risk
54732,0,1.0,Computer,1,7.0,Debit Card,Female,4.0,6,Mobile Phone,1,Married,5,0,15.0,3.0,3.0,1.0,168.64,0,0.05,Low Risk
54733,0,3.0,Mobile Phone,1,34.0,Credit Card,Female,4.0,4,Laptop & Accessory,3,Married,6,0,13.0,1.0,2.0,2.0,168.35,0,0.02,Low Risk
54734,1,1.0,Mobile Phone,3,15.0,COD,Male,3.0,5,Laptop & Accessory,5,Single,8,0,18.0,1.0,2.0,3.0,178.26,1,0.94,High Risk
54735,0,8.0,Mobile Phone,1,7.0,Debit Card,Female,4.0,2,Mobile Phone,1,Single,4,0,17.0,2.0,2.0,4.0,157.8,0,0.0,Low Risk
54736,0,28.0,Mobile Phone,1,26.0,Credit Card,Female,4.0,4,Laptop & Accessory,5,Married,11,1,12.0,1.0,2.0,5.0,179.85,0,0.0,Low Risk
54737,0,1.0,Computer,3,15.0,E wallet,Male,3.0,4,Laptop & Accessory,1,Married,2,0,20.0,2.0,2.0,2.0,168.42,0,0.07,Low Risk
54738,0,11.0,Mobile Phone,1,17.0,Debit Card,Female,3.0,4,Mobile Phone,5,Married,2,1,14.0,5.0,5.0,4.0,152.82,0,0.03,Low Risk
54739,0,12.0,Computer,1,9.0,Debit Card,Female,4.0,2,Laptop & Accessory,5,Single,8,1,13.0,1.0,5.0,13.0,184.8,0,0.06,Low Risk
54740,0,8.0,Mobile Phone,1,9.0,Credit Card,Female,3.0,5,Mobile Phone,5,Single,3,0,12.0,2.0,2.0,4.0,168.81,0,0.03,Low Risk
54741,0,9.0,Mobile Phone,3,15.0,Debit Card,Female,4.0,4,Mobile Phone,1,Married,3,0,17.0,2.0,2.0,3.0,150.72,0,0.0,Low Risk
54742,0,4.0,Mobile Phone,1,7.0,Debit Card,Male,3.0,6,Mobile Phone,3,Married,5,0,22.0,2.0,2.0,3.0,163.33,0,0.01,Low Risk
54743,0,14.0,Computer,1,9.0,Credit Card,Female,3.0,2,Laptop & Accessory,4,Married,3,0,25.0,1.0,4.0,8.0,167.44,0,0.02,Low Risk
54744,0,8.0,Mobile Phone,3,15.0,Debit Card,Female,4.0,4,Laptop & Accessory,5,Married,7,0,18.0,2.0,2.0,3.0,190.0,0,0.04,Low Risk
54745,0,16.0,Computer,1,15.0,Debit Card,Male,4.0,4,Others,1,Married,3,0,15.0,6.0,15.0,10.0,309.3,0,0.04,Low Risk
54746,1,1.0,Phone,1,13.0,Debit Card,Male,4.0,2,Mobile Phone,5,Married,3,1,22.0,1.0,2.0,1.0,141.01,1,0.56,Medium Risk
54747,0,1.0,Computer,1,16.0,Debit Card,Male,3.0,5,Mobile Phone,4,Married,3,0,12.0,1.0,2.0,1.0,151.94,0,0.26,Low Risk
54748,0,26.0,Mobile Phone,1,18.0,Debit Card,Female,3.0,4,Laptop & Accessory,3,Married,10,0,21.0,2.0,2.0,5.0,156.49,0,0.0,Low Risk
54749,0,24.0,Mobile Phone,1,9.0,Credit Card,Male,4.0,4,Grocery,3,Married,7,0,15.0,1.0,2.0,4.0,301.39,0,0.0,Low Risk
54750,1,1.0,Phone,1,7.0,Debit Card,Female,3.0,5,Mobile Phone,5,Married,3,1,12.0,1.0,2.0,1.0,148.19,1,0.81,High Risk
54751,0,7.0,Mobile Phone,1,14.0,Credit Card,Male,3.0,4,Fashion,3,Married,2,0,12.0,2.0,2.0,8.0,241.91000000000003,0,0.0,Low Risk
54752,1,1.0,Mobile Phone,3,23.0,E wallet,Female,4.0,4,Laptop & Accessory,5,Single,7,0,16.0,2.0,2.0,3.0,178.24,1,0.98,High Risk
54753,0,21.0,Mobile Phone,1,9.0,UPI,Female,3.0,4,Grocery,1,Married,3,1,15.0,4.0,4.0,1.0,292.52,0,0.0,Low Risk
54754,0,10.0,Mobile Phone,1,7.0,UPI,Female,3.0,4,Laptop & Accessory,4,Married,2,0,16.0,2.0,2.0,6.0,177.28,0,0.0,Low Risk
54755,0,3.0,Mobile Phone,1,30.0,Debit Card,Male,3.0,2,Mobile Phone,3,Married,3,0,25.0,2.0,2.0,8.0,152.0,0,0.01,Low Risk
54756,1,21.0,Mobile Phone,1,9.0,Debit Card,Male,3.0,4,Others,4,Single,9,1,15.0,8.0,14.0,9.0,317.46,0,0.47,Medium Risk
54757,0,9.0,Mobile Phone,1,7.0,Debit Card,Female,3.0,2,Mobile Phone,3,Single,5,0,14.0,3.0,3.0,3.0,150.06,0,0.01,Low Risk
54758,0,16.0,Mobile Phone,1,7.0,Debit Card,Female,3.0,5,Laptop & Accessory,1,Married,11,1,14.0,1.0,2.0,3.0,185.62,0,0.03,Low Risk
54759,1,1.0,Mobile Phone,1,9.0,Credit Card,Male,3.0,4,Mobile Phone,3,Single,8,0,18.0,3.0,3.0,2.0,168.82,0,0.45,Medium Risk
54760,0,10.0,Phone,2,20.0,UPI,Male,3.0,4,Mobile Phone,4,Married,6,0,14.0,2.0,2.0,5.0,146.43,0,0.02,Low Risk
54761,0,6.0,Mobile Phone,1,11.0,Debit Card,Female,4.0,5,Laptop & Accessory,3,Married,3,0,13.0,6.0,7.0,9.0,186.62,0,0.0,Low Risk
54762,0,14.0,Computer,1,23.0,Credit Card,Male,3.0,5,Laptop & Accessory,3,Single,8,0,15.0,1.0,2.0,1.0,175.94,0,0.03,Low Risk
54763,0,4.0,Mobile Phone,1,9.0,Credit Card,Female,3.0,5,Laptop & Accessory,1,Single,7,1,25.0,2.0,2.0,1.0,193.77,0,0.07,Low Risk
54764,0,19.0,Phone,1,9.0,Debit Card,Female,4.0,5,Mobile Phone,3,Single,3,0,15.0,2.0,2.0,1.0,147.74,0,0.02,Low Risk
54765,0,16.0,Mobile Phone,1,36.0,Debit Card,Male,4.0,4,Laptop & Accessory,4,Married,3,0,14.0,6.0,8.0,9.0,169.34,0,0.01,Low Risk
54766,0,12.0,Computer,1,19.0,Debit Card,Male,1.0,5,Laptop & Accessory,5,Married,4,0,16.0,2.0,2.0,3.0,187.88,0,0.0,Low Risk
54767,0,8.0,Computer,1,23.0,Debit Card,Female,4.0,5,Mobile Phone,1,Single,3,0,17.0,2.0,2.0,4.0,150.53,0,0.01,Low Risk
54768,1,13.0,Mobile Phone,3,18.0,E wallet,Female,3.0,4,Fashion,1,Married,3,0,19.0,1.0,8.0,8.0,201.54,1,0.83,High Risk
54769,1,19.0,Mobile Phone,3,9.0,Credit Card,Male,3.0,4,Laptop & Accessory,1,Single,6,0,17.0,2.0,8.0,4.0,176.6,1,0.74,High Risk
54770,0,17.0,Mobile Phone,1,21.0,Debit Card,Male,4.0,4,Grocery,5,Married,8,0,15.0,2.0,2.0,1.0,296.59,0,0.02,Low Risk
54771,0,1.0,Mobile Phone,1,12.0,Cash on Delivery,Male,3.0,5,Fashion,1,Married,3,1,17.0,2.0,2.0,9.0,253.07999999999998,0,0.03,Low Risk
54772,0,9.0,Mobile Phone,1,14.0,UPI,Male,3.0,4,Fashion,3,Single,5,0,22.0,1.0,2.0,3.0,227.21,0,0.01,Low Risk
54773,0,2.0,Mobile Phone,3,9.0,E wallet,Female,3.0,4,Laptop & Accessory,4,Married,3,1,21.0,7.0,8.0,6.0,172.79,0,0.03,Low Risk
54774,0,8.0,Mobile Phone,2,10.0,UPI,Male,3.0,4,Mobile Phone,1,Married,2,0,20.0,2.0,2.0,3.0,162.37,0,0.01,Low Risk
54775,1,1.0,Computer,1,12.0,Credit Card,Female,3.0,5,Mobile Phone,3,Married,3,1,15.0,1.0,2.0,8.0,148.66,0,0.43,Medium Risk
54776,0,1.0,Computer,1,10.0,Credit Card,Male,3.0,4,Mobile Phone,1,Married,3,0,12.0,1.0,2.0,1.0,142.06,0,0.13,Low Risk
54777,0,25.0,Mobile Phone,3,33.0,E wallet,Female,4.0,4,Grocery,3,Married,4,0,15.0,1.0,5.0,18.0,288.07,0,0.0,Low Risk
54778,0,18.0,Mobile Phone,1,11.0,Credit Card,Male,3.0,4,Laptop & Accessory,4,Single,11,0,13.0,2.0,3.0,4.0,184.33,0,0.01,Low Risk
54779,0,1.0,Mobile Phone,1,9.0,Credit Card,Male,4.0,2,Mobile Phone,5,Single,9,0,14.0,1.0,2.0,2.0,159.24,0,0.15,Low Risk
54780,0,7.0,Mobile Phone,3,7.0,Credit Card,Male,3.0,2,Laptop & Accessory,5,Married,3,0,23.0,1.0,2.0,9.0,165.37,0,0.0,Low Risk
54781,0,9.0,Mobile Phone,1,34.0,Credit Card,Female,3.0,5,Mobile Phone,5,Single,3,0,12.0,1.0,2.0,2.0,150.59,0,0.07,Low Risk
54782,0,10.0,Mobile Phone,3,7.0,Debit Card,Male,3.0,4,Laptop & Accessory,1,Married,3,1,15.0,4.0,5.0,12.0,187.01,0,0.01,Low Risk
54783,0,6.0,Mobile Phone,3,20.0,Debit Card,Male,4.0,4,Laptop & Accessory,1,Married,4,0,12.0,1.0,2.0,4.0,169.03,0,0.0,Low Risk
54784,0,4.0,Computer,1,12.0,Debit Card,Male,4.0,5,Mobile Phone,1,Married,11,0,13.0,1.0,2.0,4.0,162.61,0,0.03,Low Risk
54785,0,27.0,Mobile Phone,3,14.0,E wallet,Female,4.0,5,Fashion,1,Married,9,1,19.0,1.0,2.0,5.0,234.33999999999997,0,0.0,Low Risk
54786,0,19.0,Mobile Phone,3,16.0,E wallet,Male,4.0,4,Fashion,5,Married,6,1,13.0,1.0,2.0,3.0,232.61,0,0.03,Low Risk
54787,0,6.0,Mobile Phone,1,15.0,Credit Card,Female,4.0,2,Laptop & Accessory,3,Married,7,0,13.0,2.0,2.0,4.0,176.75,0,0.0,Low Risk
54788,0,26.0,Computer,1,32.0,Credit Card,Female,3.0,5,Grocery,1,Married,5,0,23.0,1.0,2.0,1.0,263.26,0,0.0,Low Risk
54789,0,11.0,Mobile Phone,3,23.0,E wallet,Male,4.0,5,Laptop & Accessory,3,Married,6,0,20.0,2.0,2.0,1.0,188.34,0,0.01,Low Risk
54790,0,2.0,Mobile Phone,2,15.0,Credit Card,Male,4.0,5,Mobile Phone,1,Married,3,0,14.0,2.0,2.0,5.0,174.36,0,0.03,Low Risk
54791,0,1.0,Mobile Phone,1,7.0,Debit Card,Male,3.0,5,Laptop & Accessory,1,Married,8,0,23.0,3.0,3.0,3.0,172.75,0,0.02,Low Risk
54792,0,18.0,Mobile Phone,1,15.0,Debit Card,Male,4.0,2,Mobile Phone,1,Married,4,1,25.0,2.0,2.0,3.0,153.18,0,0.0,Low Risk
54793,0,16.0,Computer,1,9.0,Credit Card,Male,3.0,4,Mobile Phone,1,Single,7,1,15.0,2.0,3.0,3.0,150.15,0,0.0,Low Risk
54794,0,10.0,Phone,2,15.0,Debit Card,Male,4.0,5,Mobile Phone,5,Married,2,0,22.0,1.0,2.0,4.0,148.42,0,0.0,Low Risk
54795,0,1.0,Mobile Phone,3,10.0,UPI,Male,4.0,4,Laptop & Accessory,5,Married,3,1,19.0,1.0,2.0,4.0,166.94,0,0.04,Low Risk
54796,0,9.0,Mobile Phone,1,16.0,Debit Card,Female,4.0,5,Fashion,3,Married,3,1,21.0,4.0,2.0,16.0,231.85000000000002,0,0.01,Low Risk
54797,1,1.0,Computer,1,32.0,Debit Card,Female,4.0,4,Mobile Phone,4,Married,3,1,20.0,7.0,8.0,9.0,145.22,1,0.92,High Risk
54798,0,6.0,Computer,1,7.0,Debit Card,Male,4.0,4,Mobile Phone,1,Married,2,0,13.0,2.0,2.0,3.0,148.14,0,0.01,Low Risk
54799,0,1.0,Mobile Phone,3,11.0,E wallet,Male,3.0,5,Laptop & Accessory,5,Married,3,0,13.0,2.0,2.0,4.0,167.56,0,0.11,Low Risk
54800,0,23.0,Mobile Phone,1,7.0,COD,Female,3.0,4,Mobile Phone,5,Married,4,0,17.0,1.0,2.0,3.0,160.8,0,0.0,Low Risk
54801,0,1.0,Computer,1,11.0,Debit Card,Male,3.0,5,Mobile Phone,1,Married,2,0,18.0,1.0,4.0,5.0,156.62,0,0.04,Low Risk
54802,0,6.0,Computer,3,12.0,Debit Card,Male,3.0,4,Laptop & Accessory,4,Married,3,0,15.0,3.0,6.0,4.0,190.24,0,0.0,Low Risk
54803,0,12.0,Mobile Phone,3,16.0,E wallet,Male,4.0,5,Mobile Phone,4,Married,2,0,20.0,1.0,2.0,3.0,153.99,0,0.01,Low Risk
54804,0,16.0,Mobile Phone,1,10.0,Debit Card,Female,4.0,2,Laptop & Accessory,1,Married,4,1,14.0,2.0,2.0,4.0,177.31,0,0.01,Low Risk
54805,0,5.0,Phone,1,18.0,Debit Card,Male,3.0,4,Mobile Phone,1,Married,5,1,20.0,1.0,2.0,3.0,148.56,0,0.07,Low Risk
54806,1,1.0,Mobile Phone,3,7.0,Credit Card,Female,3.0,5,Mobile Phone,3,Married,8,1,20.0,2.0,2.0,3.0,153.0,1,0.85,High Risk
54807,0,27.0,Mobile Phone,3,15.0,E wallet,Male,4.0,4,Grocery,1,Married,7,0,15.0,3.0,2.0,3.0,243.36,0,0.0,Low Risk
54808,0,9.0,Mobile Phone,1,32.0,Cash on Delivery,Male,4.0,5,Fashion,4,Married,5,0,17.0,3.0,2.0,9.0,234.02999999999997,0,0.02,Low Risk
54809,0,11.0,Computer,3,28.0,Credit Card,Female,3.0,4,Mobile Phone,1,Married,7,0,16.0,2.0,2.0,1.0,154.73,0,0.01,Low Risk
54810,0,27.0,Mobile Phone,1,30.0,Debit Card,Female,4.0,4,Grocery,1,Single,8,0,19.0,1.0,4.0,9.0,267.75,0,0.0,Low Risk
54811,0,17.0,Computer,1,7.0,Debit Card,Female,3.0,4,Laptop & Accessory,1,Married,6,0,14.0,2.0,3.0,3.0,180.62,0,0.0,Low Risk
54812,0,21.0,Mobile Phone,3,9.0,E wallet,Female,3.0,4,Laptop & Accessory,1,Married,2,1,23.0,4.0,8.0,8.0,170.37,0,0.0,Low Risk
54813,0,11.0,Computer,3,26.0,Credit Card,Male,3.0,4,Fashion,4,Single,3,1,14.0,1.0,2.0,10.0,201.42,0,0.03,Low Risk
54814,0,24.0,Computer,1,9.0,Debit Card,Male,4.0,4,Grocery,5,Married,3,0,15.0,14.0,15.0,8.0,304.24,0,0.0,Low Risk
54815,0,13.0,Mobile Phone,2,9.0,Debit Card,Female,3.0,5,Laptop & Accessory,1,Married,10,0,12.0,2.0,2.0,5.0,177.04,0,0.0,Low Risk
54816,0,7.0,Phone,2,10.0,UPI,Male,3.0,4,Mobile Phone,4,Married,5,1,12.0,1.0,2.0,4.0,147.77,0,0.07,Low Risk
54817,1,1.0,Mobile Phone,1,32.0,Debit Card,Male,3.0,4,Mobile Phone,1,Single,3,1,25.0,1.0,2.0,2.0,152.95,1,0.7,High Risk
54818,0,3.0,Mobile Phone,1,14.0,Credit Card,Female,4.0,5,Mobile Phone,1,Married,8,0,15.0,2.0,2.0,4.0,150.32,0,0.02,Low Risk
54819,0,18.0,Mobile Phone,1,16.0,Debit Card,Male,4.0,4,Mobile Phone,5,Married,3,1,14.0,6.0,8.0,2.0,150.59,0,0.06,Low Risk
54820,0,2.0,Mobile Phone,3,12.0,Credit Card,Male,4.0,4,Laptop & Accessory,1,Single,3,0,15.0,1.0,2.0,3.0,174.08,0,0.0,Low Risk
54821,1,21.0,Computer,1,9.0,Debit Card,Male,3.0,5,Mobile Phone,1,Married,11,1,15.0,2.0,2.0,1.0,148.8,1,0.91,High Risk
54822,0,17.0,Mobile Phone,1,15.0,Debit Card,Female,3.0,4,Laptop & Accessory,4,Married,6,0,22.0,2.0,2.0,1.0,172.65,0,0.0,Low Risk
54823,1,1.0,Phone,3,9.0,Credit Card,Female,3.0,5,Mobile Phone,3,Single,3,0,14.0,2.0,2.0,3.0,145.44,1,0.88,High Risk
54824,1,1.0,Mobile Phone,1,25.0,UPI,Female,4.0,4,Mobile Phone,1,Single,3,0,20.0,2.0,2.0,1.0,151.93,1,0.82,High Risk
54825,0,10.0,Mobile Phone,1,21.0,Debit Card,Male,4.0,4,Laptop & Accessory,1,Married,2,1,18.0,3.0,5.0,12.0,190.86,0,0.02,Low Risk
54826,0,21.0,Mobile Phone,3,9.0,Debit Card,Female,4.0,5,Mobile Phone,1,Single,3,1,19.0,1.0,2.0,3.0,157.94,0,0.02,Low Risk
54827,1,1.0,Mobile Phone,1,10.0,Debit Card,Female,3.0,4,Laptop & Accessory,3,Married,2,1,20.0,2.0,2.0,3.0,166.71,1,0.88,High Risk
54828,1,5.0,Mobile Phone,1,9.0,Debit Card,Female,3.0,6,Mobile Phone,1,Married,6,1,14.0,1.0,2.0,1.0,152.78,1,0.91,High Risk
54829,0,2.0,Phone,1,16.0,Credit Card,Female,4.0,4,Mobile Phone,3,Married,7,0,19.0,1.0,3.0,3.0,148.77,0,0.01,Low Risk
54830,1,3.0,Phone,1,13.0,Credit Card,Male,4.0,4,Mobile Phone,5,Married,9,1,22.0,2.0,3.0,3.0,149.04,1,0.92,High Risk
54831,0,1.0,Phone,1,11.0,Debit Card,Female,4.0,4,Mobile Phone,3,Single,3,0,20.0,1.0,2.0,1.0,148.18,0,0.08,Low Risk
54832,0,8.0,Phone,1,17.0,Debit Card,Male,3.0,4,Mobile Phone,4,Married,3,0,15.0,2.0,2.0,1.0,145.08,0,0.02,Low Risk
54833,0,16.0,Mobile Phone,3,21.0,Credit Card,Female,4.0,5,Laptop & Accessory,3,Single,9,0,18.0,2.0,2.0,4.0,187.44,0,0.03,Low Risk
54834,0,7.0,Mobile Phone,1,7.0,UPI,Male,4.0,5,Mobile Phone,5,Single,5,1,12.0,2.0,2.0,3.0,152.99,0,0.16,Low Risk
54835,0,31.0,Mobile Phone,1,12.0,Cash on Delivery,Female,3.0,5,Fashion,4,Married,4,1,14.0,2.0,2.0,3.0,230.52,0,0.0,Low Risk
54836,0,5.0,Phone,3,14.0,Debit Card,Male,3.0,5,Mobile Phone,3,Married,5,0,16.0,3.0,6.0,3.0,148.29,0,0.03,Low Risk
54837,0,9.0,Mobile Phone,1,28.0,Debit Card,Female,3.0,4,Laptop & Accessory,1,Married,3,1,26.0,1.0,2.0,8.0,165.14,0,0.0,Low Risk
54838,0,23.0,Mobile Phone,1,15.0,UPI,Female,3.0,4,Fashion,4,Married,6,0,12.0,1.0,2.0,8.0,199.03,0,0.01,Low Risk
54839,0,22.0,Phone,1,27.0,Credit Card,Male,3.0,4,Mobile Phone,3,Married,6,0,18.0,2.0,2.0,1.0,147.59,0,0.01,Low Risk
54840,0,5.0,Computer,3,27.0,E wallet,Female,3.0,4,Laptop & Accessory,3,Married,3,0,14.0,2.0,2.0,1.0,194.32,0,0.03,Low Risk
54841,0,10.0,Mobile Phone,1,14.0,UPI,Male,4.0,4,Mobile Phone,1,Single,4,0,19.0,2.0,2.0,2.0,171.78,0,0.02,Low Risk
54842,0,12.0,Mobile Phone,1,7.0,Cash on Delivery,Female,4.0,4,Fashion,5,Married,3,0,14.0,5.0,6.0,12.0,260.82,0,0.0,Low Risk
54843,0,6.0,Computer,1,7.0,Debit Card,Female,4.0,5,Mobile Phone,4,Married,8,0,21.0,1.0,2.0,3.0,148.32,0,0.02,Low Risk
54844,1,1.0,Phone,3,26.0,E wallet,Male,3.0,5,Mobile Phone,4,Married,3,1,19.0,1.0,2.0,1.0,149.13,1,0.97,High Risk
54845,0,14.0,Mobile Phone,3,17.0,E wallet,Male,4.0,5,Fashion,4,Married,4,0,13.0,1.0,2.0,3.0,222.05,0,0.02,Low Risk
54846,0,1.0,Computer,3,7.0,Credit Card,Male,3.0,5,Laptop & Accessory,5,Single,3,0,13.0,1.0,2.0,8.0,167.94,0,0.09,Low Risk
54847,0,15.0,Mobile Phone,1,13.0,Credit Card,Male,3.0,4,Mobile Phone,5,Single,4,1,14.0,2.0,3.0,18.0,172.21,0,0.03,Low Risk
54848,0,10.0,Mobile Phone,1,9.0,Credit Card,Male,4.0,4,Mobile Phone,3,Single,6,0,22.0,2.0,4.0,10.0,150.19,0,0.07,Low Risk
54849,1,1.0,Phone,3,28.0,UPI,Male,3.0,5,Mobile Phone,4,Single,3,1,14.0,2.0,2.0,1.0,146.21,1,0.99,High Risk
54850,1,1.0,Mobile Phone,1,11.0,COD,Male,3.0,4,Mobile Phone,5,Single,3,0,20.0,2.0,2.0,1.0,154.73,1,0.9,High Risk
54851,0,5.0,Mobile Phone,1,19.0,Credit Card,Female,3.0,4,Laptop & Accessory,1,Married,2,1,12.0,7.0,9.0,6.0,183.55,0,0.03,Low Risk
54852,0,14.0,Computer,1,16.0,Credit Card,Male,3.0,4,Mobile Phone,4,Married,10,1,15.0,1.0,2.0,1.0,161.17,0,0.09,Low Risk
54853,0,6.0,Mobile Phone,1,10.0,Credit Card,Female,4.0,4,Laptop & Accessory,5,Married,3,0,13.0,2.0,7.0,4.0,192.25,0,0.0,Low Risk
54854,1,1.0,Mobile Phone,3,10.0,Debit Card,Male,3.0,5,Fashion,1,Married,3,1,12.0,4.0,4.0,3.0,228.25,1,0.82,High Risk
54855,0,7.0,Mobile Phone,1,7.0,Debit Card,Female,3.0,5,Laptop & Accessory,1,Single,2,0,15.0,2.0,2.0,5.0,194.49,0,0.0,Low Risk
54856,1,1.0,Mobile Phone,3,7.0,Debit Card,Male,3.0,5,Fashion,3,Married,7,0,12.0,6.0,12.0,3.0,231.08999999999997,1,0.97,High Risk
54857,0,19.0,Computer,1,11.0,Debit Card,Male,3.0,4,Laptop & Accessory,4,Married,3,0,13.0,2.0,2.0,9.0,169.47,0,0.0,Low Risk
54858,0,3.0,Computer,3,27.0,COD,Female,3.0,4,Mobile Phone,1,Married,3,0,16.0,1.0,2.0,3.0,146.57,0,0.01,Low Risk
54859,0,9.0,Mobile Phone,3,25.0,Credit Card,Female,3.0,4,Laptop & Accessory,3,Married,3,0,17.0,2.0,2.0,1.0,171.01,0,0.02,Low Risk
54860,0,26.0,Mobile Phone,1,7.0,Debit Card,Male,4.0,4,Grocery,1,Married,4,0,15.0,4.0,8.0,9.0,295.99,0,0.0,Low Risk
54861,1,21.0,Mobile Phone,1,9.0,COD,Male,3.0,4,Mobile Phone,3,Single,6,0,25.0,1.0,2.0,1.0,149.79,1,0.88,High Risk
54862,0,27.0,Mobile Phone,3,9.0,Credit Card,Male,3.0,4,Grocery,3,Married,8,0,14.0,1.0,16.0,3.0,273.52,0,0.02,Low Risk
54863,0,4.0,Mobile Phone,3,15.0,UPI,Male,4.0,4,Fashion,3,Married,7,0,12.0,3.0,8.0,8.0,197.64,0,0.06,Low Risk
54864,0,12.0,Computer,3,17.0,COD,Female,3.0,4,Laptop & Accessory,1,Single,3,1,14.0,2.0,2.0,4.0,181.66,0,0.04,Low Risk
54865,0,9.0,Mobile Phone,3,10.0,Debit Card,Male,4.0,4,Fashion,1,Married,8,0,14.0,1.0,2.0,9.0,203.23,0,0.04,Low Risk
54866,0,13.0,Mobile Phone,3,9.0,Debit Card,Male,3.0,2,Fashion,3,Single,2,0,19.0,1.0,2.0,8.0,203.8,0,0.01,Low Risk
54867,1,4.0,Computer,3,31.0,Debit Card,Female,4.0,2,Grocery,4,Single,6,1,17.0,2.0,2.0,1.0,256.94,1,0.89,High Risk
54868,0,21.0,Computer,1,23.0,Credit Card,Male,4.0,2,Laptop & Accessory,3,Married,3,1,20.0,2.0,3.0,8.0,175.67,0,0.0,Low Risk
54869,0,10.0,Computer,3,15.0,COD,Male,3.0,4,Laptop & Accessory,1,Married,6,0,14.0,2.0,2.0,8.0,175.79,0,0.04,Low Risk
54870,1,1.0,Computer,1,16.0,Credit Card,Male,3.0,5,Mobile Phone,5,Single,2,1,23.0,1.0,2.0,3.0,148.21,1,0.92,High Risk
54871,0,7.0,Computer,3,24.0,Debit Card,Male,3.0,4,Grocery,3,Single,3,0,15.0,6.0,7.0,1.0,299.44,0,0.06,Low Risk
54872,1,1.0,Phone,1,17.0,Debit Card,Female,4.0,5,Mobile Phone,5,Single,8,1,21.0,2.0,2.0,1.0,149.04,1,0.98,High Risk
54873,0,7.0,Mobile Phone,1,20.0,Debit Card,Female,3.0,4,Mobile Phone,1,Single,5,0,19.0,2.0,2.0,3.0,159.52,0,0.0,Low Risk
54874,0,19.0,Phone,1,7.0,Credit Card,Female,4.0,4,Mobile Phone,1,Married,5,0,15.0,2.0,2.0,3.0,147.7,0,0.0,Low Risk
54875,0,24.0,Mobile Phone,1,7.0,Credit Card,Male,4.0,4,Grocery,1,Married,11,0,15.0,1.0,2.0,4.0,298.99,0,0.0,Low Risk
54876,0,7.0,Computer,1,7.0,UPI,Female,3.0,2,Laptop & Accessory,4,Married,3,1,14.0,2.0,2.0,3.0,179.88,0,0.02,Low Risk
54877,0,15.0,Computer,1,16.0,Credit Card,Male,4.0,4,Others,3,Married,4,0,15.0,1.0,2.0,12.0,319.19,0,0.0,Low Risk
54878,0,1.0,Mobile Phone,1,23.0,COD,Female,3.0,4,Mobile Phone,4,Married,11,0,15.0,3.0,3.0,3.0,153.11,0,0.08,Low Risk
54879,0,19.0,Computer,1,30.0,Debit Card,Male,3.0,4,Laptop & Accessory,5,Married,3,1,16.0,2.0,2.0,9.0,161.33,0,0.02,Low Risk
54880,0,21.0,Mobile Phone,3,11.0,Debit Card,Female,3.0,4,Laptop & Accessory,1,Single,3,1,18.0,2.0,2.0,8.0,166.63,0,0.02,Low Risk
54881,1,1.0,Phone,1,29.0,Debit Card,Female,3.0,4,Mobile Phone,3,Married,6,1,12.0,1.0,2.0,2.0,146.32,1,0.98,High Risk
54882,0,24.0,Mobile Phone,1,31.0,Debit Card,Male,4.0,4,Grocery,3,Married,5,1,19.0,1.0,2.0,6.0,264.73,0,0.0,Low Risk
54883,0,12.0,Computer,1,17.0,Credit Card,Male,4.0,4,Mobile Phone,3,Married,2,0,18.0,1.0,2.0,3.0,151.84,0,0.0,Low Risk
54884,0,20.0,Mobile Phone,1,14.0,Credit Card,Male,4.0,4,Fashion,3,Married,8,0,14.0,2.0,2.0,8.0,233.45,0,0.0,Low Risk
54885,0,1.0,Mobile Phone,1,24.0,Credit Card,Female,3.0,5,Laptop & Accessory,3,Married,3,0,16.0,1.0,4.0,3.0,168.77,0,0.18,Low Risk
54886,1,1.0,Mobile Phone,1,21.0,UPI,Male,3.0,5,Mobile Phone,4,Married,3,1,25.0,2.0,2.0,3.0,162.43,1,0.97,High Risk
54887,0,5.0,Computer,1,7.0,Debit Card,Female,4.0,4,Laptop & Accessory,5,Married,3,0,13.0,2.0,2.0,4.0,166.48,0,0.0,Low Risk
54888,0,1.0,Computer,1,12.0,Debit Card,Male,4.0,4,Mobile Phone,1,Single,3,0,16.0,1.0,2.0,1.0,135.51,0,0.11,Low Risk
54889,0,28.0,Mobile Phone,1,24.0,Cash on Delivery,Female,3.0,4,Fashion,3,Married,10,0,12.0,1.0,2.0,9.0,232.39,0,0.0,Low Risk
54890,0,9.0,Mobile Phone,1,32.0,Credit Card,Female,3.0,4,Fashion,3,Married,3,1,12.0,1.0,11.0,3.0,228.88,0,0.05,Low Risk
54891,0,4.0,Mobile Phone,1,15.0,Debit Card,Female,4.0,2,Fashion,5,Married,2,1,13.0,1.0,2.0,8.0,239.16000000000003,0,0.0,Low Risk
54892,1,1.0,Mobile Phone,1,18.0,Credit Card,Female,4.0,5,Mobile Phone,5,Single,3,1,16.0,2.0,2.0,1.0,151.0,1,0.99,High Risk
54893,1,1.0,Computer,1,12.0,Credit Card,Female,3.0,4,Mobile Phone,4,Single,2,0,18.0,1.0,2.0,3.0,149.22,1,0.84,High Risk
54894,0,1.0,Mobile Phone,1,9.0,Credit Card,Male,3.0,2,Laptop & Accessory,1,Married,3,0,13.0,2.0,2.0,4.0,179.72,0,0.05,Low Risk
54895,0,1.0,Mobile Phone,1,15.0,Debit Card,Male,4.0,6,Mobile Phone,5,Married,3,0,16.0,1.0,2.0,2.0,149.51,0,0.11,Low Risk
54896,0,22.0,Mobile Phone,1,13.0,Debit Card,Male,4.0,5,Laptop & Accessory,3,Single,4,0,14.0,1.0,3.0,3.0,167.4,0,0.0,Low Risk
54897,0,22.0,Mobile Phone,1,11.0,Debit Card,Male,4.0,5,Fashion,3,Single,9,0,15.0,2.0,2.0,9.0,234.99,0,0.01,Low Risk
54898,0,15.0,Mobile Phone,1,14.0,Credit Card,Female,3.0,4,Laptop & Accessory,3,Single,8,0,15.0,3.0,3.0,2.0,175.03,0,0.01,Low Risk
54899,0,13.0,Mobile Phone,1,7.0,Debit Card,Female,4.0,5,Grocery,1,Married,3,0,17.0,10.0,2.0,9.0,252.42000000000002,0,0.08,Low Risk
54900,0,1.0,Mobile Phone,1,9.0,Debit Card,Female,3.0,4,Laptop & Accessory,1,Married,2,0,19.0,3.0,3.0,3.0,167.27,0,0.04,Low Risk
54901,0,9.0,Mobile Phone,1,17.0,UPI,Male,3.0,4,Mobile Phone,1,Married,3,0,21.0,1.0,2.0,3.0,164.17,0,0.0,Low Risk
54902,0,1.0,Mobile Phone,3,12.0,E wallet,Male,3.0,4,Others,3,Married,8,0,15.0,1.0,2.0,1.0,308.03,0,0.13,Low Risk
54903,0,24.0,Phone,1,16.0,Debit Card,Male,4.0,4,Mobile Phone,1,Married,6,0,19.0,2.0,2.0,1.0,148.8,0,0.03,Low Risk
54904,0,31.0,Mobile Phone,1,9.0,Debit Card,Female,4.0,5,Grocery,1,Single,5,1,14.0,1.0,5.0,4.0,262.26,0,0.03,Low Risk
54905,1,1.0,Mobile Phone,1,18.0,Credit Card,Female,4.0,6,Laptop & Accessory,4,Married,7,0,16.0,2.0,2.0,1.0,172.77,1,0.96,High Risk
54906,0,29.0,Computer,1,25.0,Credit Card,Male,4.0,4,Laptop & Accessory,4,Married,5,1,15.0,3.0,7.0,8.0,188.85,0,0.02,Low Risk
54907,0,15.0,Computer,1,14.0,Debit Card,Female,3.0,6,Others,3,Married,3,0,23.0,6.0,6.0,11.0,324.73,0,0.07,Low Risk
54908,0,12.0,Mobile Phone,3,10.0,Debit Card,Male,3.0,4,Laptop & Accessory,1,Single,10,1,13.0,2.0,2.0,1.0,193.61,0,0.04,Low Risk
54909,1,1.0,Computer,3,36.0,Credit Card,Male,4.0,6,Laptop & Accessory,5,Single,10,0,19.0,2.0,3.0,3.0,174.69,1,0.96,High Risk
54910,1,16.0,Mobile Phone,3,9.0,E wallet,Female,3.0,6,Others,1,Married,3,0,16.0,4.0,7.0,10.0,323.45,0,0.49,Medium Risk
54911,0,18.0,Mobile Phone,3,35.0,Credit Card,Female,3.0,2,Grocery,1,Married,5,1,19.0,5.0,2.0,12.0,258.2,0,0.02,Low Risk
54912,0,24.0,Computer,3,7.0,Debit Card,Female,4.0,4,Laptop & Accessory,3,Married,2,0,13.0,1.0,2.0,14.0,188.47,0,0.0,Low Risk
54913,1,1.0,Mobile Phone,1,23.0,Debit Card,Female,3.0,2,Mobile Phone,5,Single,3,0,17.0,4.0,16.0,15.0,152.43,1,0.78,High Risk
54914,0,13.0,Computer,1,29.0,Credit Card,Female,3.0,4,Fashion,5,Single,3,1,14.0,2.0,2.0,9.0,233.8,0,0.04,Low Risk
54915,0,7.0,Computer,3,15.0,Debit Card,Female,3.0,5,Mobile Phone,1,Single,2,0,20.0,1.0,3.0,3.0,148.42,0,0.06,Low Risk
54916,0,19.0,Mobile Phone,3,18.0,Debit Card,Female,3.0,4,Grocery,1,Married,5,0,15.0,1.0,2.0,2.0,301.5,0,0.0,Low Risk
54917,0,6.0,Computer,1,36.0,Credit Card,Female,4.0,4,Mobile Phone,3,Single,11,0,13.0,7.0,8.0,8.0,165.25,0,0.05,Low Risk
54918,0,8.0,Mobile Phone,3,7.0,E wallet,Male,4.0,2,Laptop & Accessory,1,Married,2,0,12.0,1.0,2.0,3.0,222.25,0,0.05,Low Risk
54919,0,31.0,Mobile Phone,3,7.0,Cash on Delivery,Male,4.0,4,Fashion,1,Married,5,1,15.0,2.0,2.0,5.0,244.04000000000002,0,0.06,Low Risk
54920,0,19.0,Phone,2,31.0,Credit Card,Male,3.0,4,Mobile Phone,4,Single,3,0,17.0,1.0,2.0,5.0,146.77,0,0.03,Low Risk
54921,0,27.0,Computer,3,9.0,E wallet,Female,3.0,5,Fashion,4,Married,4,0,13.0,6.0,7.0,13.0,200.25,0,0.01,Low Risk
54922,1,1.0,Mobile Phone,1,22.0,UPI,Male,3.0,4,Laptop & Accessory,3,Married,9,0,15.0,1.0,2.0,1.0,173.34,1,0.94,High Risk
54923,1,1.0,Computer,1,9.0,Debit Card,Male,3.0,4,Mobile Phone,5,Married,8,1,15.0,1.0,2.0,3.0,145.42,1,0.85,High Risk
54924,0,8.0,Phone,3,17.0,Debit Card,Female,3.0,4,Mobile Phone,3,Married,3,1,20.0,1.0,2.0,1.0,147.2,0,0.07,Low Risk
54925,0,2.0,Phone,3,17.0,Credit Card,Male,4.0,4,Mobile Phone,4,Married,3,0,23.0,1.0,2.0,1.0,135.52,0,0.0,Low Risk
54926,0,12.0,Computer,1,10.0,UPI,Male,3.0,4,Mobile Phone,3,Married,5,0,17.0,3.0,3.0,3.0,153.21,0,0.0,Low Risk
54927,0,24.0,Mobile Phone,1,9.0,Credit Card,Male,4.0,4,Others,3,Married,4,1,15.0,5.0,8.0,8.0,317.37,0,0.04,Low Risk
54928,0,11.0,Mobile Phone,1,10.0,UPI,Female,3.0,4,Laptop & Accessory,4,Single,5,0,16.0,2.0,2.0,2.0,166.07,0,0.0,Low Risk
54929,0,14.0,Mobile Phone,3,33.0,E wallet,Male,4.0,4,Laptop & Accessory,5,Married,3,0,15.0,4.0,8.0,6.0,208.96,0,0.04,Low Risk
54930,0,1.0,Computer,1,7.0,Credit Card,Female,4.0,5,Mobile Phone,3,Married,3,0,14.0,1.0,2.0,4.0,145.07,0,0.06,Low Risk
54931,0,20.0,Mobile Phone,1,7.0,Credit Card,Male,3.0,4,Others,1,Married,11,0,15.0,2.0,3.0,3.0,321.27,0,0.0,Low Risk
54932,0,28.0,Mobile Phone,3,9.0,Debit Card,Female,3.0,5,Fashion,3,Married,8,0,12.0,7.0,2.0,1.0,231.86,0,0.01,Low Risk
54933,0,30.0,Computer,1,16.0,Credit Card,Female,4.0,4,Mobile Phone,3,Married,4,0,20.0,2.0,2.0,4.0,154.42,0,0.0,Low Risk
54934,0,10.0,Mobile Phone,1,19.0,Credit Card,Female,3.0,5,Fashion,1,Single,2,0,12.0,6.0,8.0,3.0,213.58,0,0.12,Low Risk
54935,0,29.0,Computer,1,9.0,Credit Card,Male,3.0,5,Grocery,5,Single,9,0,15.0,3.0,7.0,3.0,292.56,0,0.0,Low Risk
54936,0,17.0,Mobile Phone,3,32.0,Credit Card,Male,4.0,5,Fashion,1,Married,7,0,14.0,2.0,2.0,1.0,232.98000000000002,0,0.01,Low Risk
54937,1,1.0,Computer,3,16.0,E wallet,Female,3.0,4,Mobile Phone,1,Single,3,1,15.0,2.0,2.0,3.0,148.23,1,0.97,High Risk
54938,1,1.0,Phone,1,17.0,Debit Card,Female,3.0,5,Mobile Phone,5,Single,3,0,14.0,1.0,2.0,1.0,139.16,1,0.86,High Risk
54939,0,20.0,Mobile Phone,1,15.0,Debit Card,Female,4.0,5,Laptop & Accessory,5,Married,10,1,24.0,2.0,2.0,8.0,171.15,0,0.05,Low Risk
54940,1,15.0,Mobile Phone,1,11.0,Debit Card,Male,3.0,4,Mobile Phone,3,Married,11,1,13.0,1.0,3.0,8.0,149.61,1,0.66,Medium Risk
54941,1,1.0,Computer,1,31.0,Cash on Delivery,Male,4.0,5,Fashion,5,Single,3,0,13.0,2.0,2.0,3.0,212.22,1,0.91,High Risk
54942,0,1.0,Mobile Phone,1,7.0,Credit Card,Male,3.0,5,Mobile Phone,5,Married,3,0,17.0,2.0,2.0,4.0,164.55,0,0.04,Low Risk
54943,0,4.0,Mobile Phone,1,27.0,UPI,Male,3.0,4,Laptop & Accessory,5,Married,2,0,16.0,1.0,2.0,3.0,224.57,0,0.01,Low Risk
54944,0,15.0,Mobile Phone,1,14.0,COD,Female,3.0,2,Mobile Phone,3,Married,3,0,14.0,1.0,2.0,9.0,158.76,0,0.03,Low Risk
54945,0,12.0,Mobile Phone,1,24.0,Debit Card,Female,4.0,5,Fashion,3,Married,2,0,19.0,2.0,2.0,3.0,213.23,0,0.01,Low Risk
54946,0,14.0,Mobile Phone,1,27.0,Cash on Delivery,Male,4.0,4,Fashion,1,Married,6,0,21.0,4.0,12.0,3.0,228.22,0,0.06,Low Risk
54947,0,1.0,Computer,1,15.0,Debit Card,Male,3.0,6,Mobile Phone,3,Married,3,0,20.0,2.0,2.0,3.0,171.21,0,0.03,Low Risk
54948,0,29.0,Computer,1,9.0,Debit Card,Male,4.0,4,Fashion,4,Married,5,0,19.0,1.0,2.0,3.0,234.76,0,0.0,Low Risk
54949,0,2.0,Mobile Phone,1,17.0,UPI,Female,3.0,4,Laptop & Accessory,3,Single,5,0,14.0,1.0,2.0,8.0,161.6,0,0.0,Low Risk
54950,1,8.0,Mobile Phone,2,7.0,Credit Card,Male,4.0,5,Fashion,5,Married,11,0,15.0,3.0,4.0,3.0,229.82,1,0.9,High Risk
54951,0,7.0,Mobile Phone,1,12.0,Debit Card,Male,3.0,5,Fashion,1,Married,6,0,16.0,2.0,2.0,3.0,196.19,0,0.0,Low Risk
54952,1,1.0,Mobile Phone,3,11.0,Cash on Delivery,Male,3.0,4,Fashion,5,Single,2,1,23.0,3.0,5.0,3.0,220.82,1,0.96,High Risk
54953,1,1.0,Computer,1,36.0,Credit Card,Female,3.0,5,Laptop & Accessory,3,Single,3,0,23.0,3.0,4.0,9.0,170.08,1,0.82,High Risk
54954,0,2.0,Phone,1,22.0,Debit Card,Male,3.0,4,Mobile Phone,3,Married,3,0,17.0,1.0,3.0,3.0,147.07,0,0.0,Low Risk
54955,0,8.0,Computer,1,10.0,Debit Card,Male,3.0,4,Laptop & Accessory,1,Single,2,0,18.0,2.0,2.0,5.0,202.56,0,0.01,Low Risk
54956,0,11.0,Mobile Phone,3,17.0,Debit Card,Female,3.0,5,Laptop & Accessory,1,Married,4,1,15.0,2.0,2.0,1.0,191.94,0,0.02,Low Risk
54957,1,1.0,Mobile Phone,1,11.0,COD,Male,3.0,4,Mobile Phone,1,Married,3,1,16.0,5.0,6.0,7.0,161.91,1,0.7,High Risk
54958,1,1.0,Phone,1,28.0,Credit Card,Male,3.0,4,Mobile Phone,3,Married,3,0,21.0,2.0,2.0,1.0,148.77,1,0.85,High Risk
54959,1,1.0,Phone,1,32.0,Credit Card,Male,3.0,5,Mobile Phone,4,Single,6,1,21.0,2.0,3.0,3.0,148.13,1,0.97,High Risk
54960,0,16.0,Mobile Phone,1,9.0,Credit Card,Male,3.0,4,Grocery,5,Married,2,0,15.0,6.0,14.0,8.0,301.65,0,0.02,Low Risk
54961,1,1.0,Computer,1,7.0,Credit Card,Male,3.0,5,Mobile Phone,4,Married,3,0,16.0,2.0,2.0,1.0,150.96,1,0.81,High Risk
54962,1,14.0,Computer,3,7.0,UPI,Male,3.0,4,Laptop & Accessory,3,Single,5,1,15.0,2.0,2.0,1.0,172.28,1,0.74,High Risk
54963,0,7.0,Computer,3,14.0,Debit Card,Female,2.0,4,Laptop & Accessory,4,Married,2,0,18.0,1.0,2.0,3.0,168.02,0,0.0,Low Risk
54964,0,8.0,Computer,1,10.0,Debit Card,Male,3.0,5,Mobile Phone,1,Married,5,0,18.0,1.0,2.0,1.0,154.79,0,0.02,Low Risk
54965,0,22.0,Computer,1,7.0,Credit Card,Male,3.0,2,Grocery,1,Single,4,0,15.0,1.0,3.0,2.0,293.85,0,0.01,Low Risk
54966,0,19.0,Computer,3,16.0,Debit Card,Female,4.0,5,Laptop & Accessory,3,Married,3,0,14.0,5.0,5.0,13.0,180.93,0,0.01,Low Risk
54967,0,26.0,Mobile Phone,1,6.0,Debit Card,Male,3.0,4,Fashion,4,Single,9,0,20.0,3.0,5.0,3.0,229.45,0,0.02,Low Risk
54968,0,12.0,Mobile Phone,3,17.0,E wallet,Male,4.0,5,Fashion,3,Married,2,1,15.0,2.0,3.0,3.0,212.4,0,0.0,Low Risk
54969,0,3.0,Mobile Phone,1,35.0,Debit Card,Female,4.0,4,Mobile Phone,1,Married,6,0,23.0,2.0,2.0,8.0,150.14,0,0.01,Low Risk
54970,0,2.0,Mobile Phone,1,10.0,Credit Card,Female,4.0,4,Fashion,4,Married,2,0,18.0,1.0,2.0,8.0,201.55,0,0.02,Low Risk
54971,0,20.0,Mobile Phone,3,10.0,E wallet,Male,3.0,4,Grocery,3,Married,5,0,15.0,5.0,5.0,10.0,299.65,0,0.02,Low Risk
54972,0,12.0,Mobile Phone,3,9.0,E wallet,Male,3.0,4,Fashion,4,Single,9,0,17.0,2.0,2.0,1.0,198.51,0,0.11,Low Risk
54973,0,17.0,Computer,1,34.0,Debit Card,Female,3.0,4,Fashion,5,Married,10,0,12.0,2.0,2.0,2.0,233.2,0,0.03,Low Risk
54974,1,3.0,Computer,1,9.0,Debit Card,Male,3.0,4,Grocery,1,Married,9,0,12.0,11.0,2.0,6.0,246.69,1,0.89,High Risk
54975,0,14.0,Mobile Phone,1,21.0,Credit Card,Male,3.0,5,Others,3,Single,3,0,15.0,4.0,5.0,10.0,321.26,0,0.0,Low Risk
54976,0,1.0,Phone,1,7.0,COD,Female,4.0,5,Mobile Phone,4,Single,3,1,12.0,2.0,3.0,3.0,145.7,0,0.18,Low Risk
54977,0,13.0,Computer,1,16.0,Debit Card,Male,4.0,4,Laptop & Accessory,4,Single,11,0,16.0,2.0,2.0,4.0,192.82,0,0.0,Low Risk
54978,0,10.0,Computer,1,25.0,Debit Card,Male,4.0,4,Laptop & Accessory,1,Single,4,0,21.0,1.0,2.0,10.0,202.79,0,0.02,Low Risk
54979,0,5.0,Computer,3,27.0,Debit Card,Male,4.0,2,Mobile Phone,1,Married,2,0,13.0,3.0,3.0,3.0,152.91,0,0.0,Low Risk
54980,0,2.0,Mobile Phone,1,9.0,Debit Card,Male,4.0,5,Mobile Phone,4,Married,2,0,18.0,1.0,2.0,5.0,157.01,0,0.01,Low Risk
54981,0,9.0,Computer,3,18.0,E wallet,Male,3.0,4,Laptop & Accessory,1,Married,3,0,12.0,2.0,2.0,3.0,174.68,0,0.02,Low Risk
54982,0,23.0,Mobile Phone,3,15.0,Cash on Delivery,Male,3.0,5,Grocery,4,Married,8,0,18.0,2.0,2.0,4.0,256.2,0,0.03,Low Risk
54983,0,8.0,Computer,1,9.0,Debit Card,Male,4.0,4,Laptop & Accessory,3,Single,4,0,12.0,2.0,2.0,3.0,165.33,0,0.0,Low Risk
54984,0,3.0,Computer,1,17.0,Debit Card,Female,4.0,4,Mobile Phone,4,Married,2,0,15.0,1.0,2.0,2.0,157.91,0,0.01,Low Risk
54985,0,16.0,Mobile Phone,1,36.0,Credit Card,Male,3.0,6,Laptop & Accessory,1,Single,6,0,20.0,2.0,2.0,1.0,167.72,0,0.02,Low Risk
54986,0,3.0,Mobile Phone,1,15.0,Credit Card,Male,4.0,5,Laptop & Accessory,1,Married,3,1,16.0,2.0,2.0,3.0,175.56,0,0.02,Low Risk
54987,0,12.0,Mobile Phone,2,7.0,UPI,Male,3.0,2,Mobile Phone,3,Married,3,0,14.0,4.0,6.0,1.0,153.44,0,0.0,Low Risk
54988,0,2.0,Computer,1,13.0,Debit Card,Male,3.0,5,Mobile Phone,3,Married,3,1,15.0,2.0,2.0,3.0,152.03,0,0.1,Low Risk
54989,1,1.0,Computer,1,15.0,Credit Card,Male,4.0,4,Mobile Phone,3,Single,3,0,13.0,2.0,2.0,1.0,144.04,1,0.91,High Risk
54990,1,1.0,Mobile Phone,3,16.0,E wallet,Female,4.0,4,Laptop & Accessory,5,Single,5,1,18.0,1.0,2.0,4.0,207.24,1,0.93,High Risk
54991,0,15.0,Mobile Phone,1,19.0,Debit Card,Male,3.0,4,Mobile Phone,1,Married,5,1,12.0,2.0,2.0,1.0,172.66,0,0.07,Low Risk
54992,1,1.0,Computer,1,22.0,Credit Card,Male,4.0,4,Mobile Phone,3,Married,3,0,13.0,2.0,3.0,3.0,151.1,1,0.82,High Risk
54993,0,11.0,Mobile Phone,1,32.0,Credit Card,Female,3.0,5,Laptop & Accessory,1,Married,9,0,14.0,2.0,2.0,4.0,182.31,0,0.0,Low Risk
54994,0,1.0,Mobile Phone,1,13.0,Debit Card,Male,3.0,5,Mobile Phone,3,Married,3,0,14.0,2.0,3.0,3.0,150.39,0,0.07,Low Risk
54995,0,8.0,Mobile Phone,3,16.0,Debit Card,Female,4.0,4,Laptop & Accessory,3,Married,3,0,21.0,1.0,2.0,4.0,182.14,0,0.01,Low Risk
54996,0,9.0,Mobile Phone,2,15.0,COD,Male,4.0,4,Mobile Phone,3,Single,3,0,18.0,1.0,2.0,5.0,168.23,0,0.0,Low Risk
54997,1,1.0,Mobile Phone,3,30.0,Debit Card,Female,3.0,5,Fashion,5,Married,3,0,14.0,2.0,4.0,11.0,198.36,1,0.83,High Risk
54998,0,14.0,Computer,1,16.0,Credit Card,Female,3.0,4,Fashion,3,Single,11,0,18.0,2.0,2.0,14.0,259.99,0,0.01,Low Risk
54999,1,6.0,Computer,3,19.0,Debit Card,Male,3.0,4,Grocery,5,Single,2,1,13.0,1.0,14.0,15.0,262.58,1,0.92,High Risk
55000,0,16.0,Mobile Phone,3,11.0,E wallet,Male,3.0,4,Laptop & Accessory,5,Single,9,0,14.0,2.0,2.0,6.0,176.55,0,0.02,Low Risk
55001,0,9.0,Phone,1,7.0,Credit Card,Male,3.0,5,Mobile Phone,3,Married,8,0,13.0,2.0,2.0,8.0,147.58,0,0.02,Low Risk
55002,0,1.0,Mobile Phone,1,31.0,Credit Card,Male,3.0,4,Mobile Phone,4,Single,10,0,23.0,1.0,2.0,3.0,160.97,0,0.21,Low Risk
55003,1,1.0,Mobile Phone,1,19.0,Debit Card,Female,4.0,4,Mobile Phone,1,Married,3,1,12.0,2.0,2.0,1.0,150.15,1,0.98,High Risk
55004,0,1.0,Mobile Phone,1,10.0,Credit Card,Male,3.0,2,Mobile Phone,1,Married,3,0,23.0,2.0,2.0,8.0,169.2,0,0.04,Low Risk
55005,0,4.0,Mobile Phone,3,17.0,E wallet,Male,4.0,5,Laptop & Accessory,3,Married,3,0,19.0,1.0,2.0,5.0,190.78,0,0.0,Low Risk
55006,0,14.0,Computer,1,33.0,Credit Card,Female,4.0,5,Laptop & Accessory,1,Married,5,1,14.0,1.0,2.0,1.0,169.22,0,0.01,Low Risk
55007,0,9.0,Mobile Phone,1,9.0,Debit Card,Male,3.0,5,Fashion,4,Married,4,0,19.0,3.0,7.0,3.0,227.74,0,0.01,Low Risk
55008,0,8.0,Computer,1,8.0,Credit Card,Male,4.0,5,Laptop & Accessory,5,Single,2,0,21.0,1.0,5.0,10.0,178.43,0,0.0,Low Risk
55009,0,9.0,Computer,1,11.0,UPI,Male,3.0,5,Mobile Phone,1,Married,3,0,14.0,2.0,3.0,3.0,148.76,0,0.01,Low Risk
55010,1,7.0,Mobile Phone,3,16.0,E wallet,Female,3.0,6,Laptop & Accessory,3,Single,10,0,14.0,1.0,2.0,4.0,178.46,1,0.86,High Risk
55011,0,6.0,Computer,3,9.0,Debit Card,Female,4.0,4,Mobile Phone,5,Married,3,0,13.0,2.0,2.0,1.0,153.27,0,0.05,Low Risk
55012,0,30.0,Mobile Phone,1,11.0,Cash on Delivery,Female,4.0,4,Others,5,Married,6,0,14.0,5.0,5.0,3.0,324.43,0,0.0,Low Risk
55013,0,3.0,Mobile Phone,1,13.0,Credit Card,Female,3.0,4,Mobile Phone,1,Married,3,0,14.0,1.0,2.0,9.0,156.31,0,0.0,Low Risk
55014,0,1.0,Mobile Phone,1,16.0,Debit Card,Male,3.0,4,Mobile Phone,5,Single,3,0,26.0,1.0,2.0,1.0,150.52,0,0.09,Low Risk
55015,0,19.0,Mobile Phone,1,14.0,Credit Card,Female,3.0,4,Mobile Phone,3,Married,6,1,20.0,1.0,2.0,3.0,169.77,0,0.01,Low Risk
55016,0,11.0,Mobile Phone,1,8.0,Debit Card,Female,3.0,5,Laptop & Accessory,1,Married,3,0,14.0,1.0,4.0,12.0,189.74,0,0.0,Low Risk
55017,0,1.0,Mobile Phone,1,6.0,Debit Card,Male,3.0,5,Mobile Phone,3,Single,3,0,13.0,1.0,2.0,3.0,155.33,0,0.02,Low Risk
55018,1,8.0,Mobile Phone,1,17.0,Debit Card,Male,4.0,4,Mobile Phone,3,Single,3,1,12.0,2.0,2.0,3.0,154.36,1,0.74,High Risk
55019,0,27.0,Mobile Phone,1,14.0,Credit Card,Female,3.0,4,Others,3,Married,5,0,15.0,4.0,5.0,8.0,311.06,0,0.0,Low Risk
55020,0,3.0,Phone,1,22.0,Debit Card,Female,4.0,6,Mobile Phone,1,Married,2,1,19.0,2.0,2.0,4.0,146.68,0,0.07,Low Risk
55021,1,1.0,Computer,1,10.0,Debit Card,Male,3.0,5,Mobile Phone,1,Married,2,1,12.0,1.0,2.0,1.0,153.53,1,0.96,High Risk
55022,0,20.0,Mobile Phone,3,9.0,E wallet,Female,4.0,4,Grocery,5,Married,10,0,15.0,7.0,16.0,10.0,295.48,0,0.04,Low Risk
55023,0,18.0,Computer,1,24.0,Debit Card,Male,4.0,6,Mobile Phone,3,Single,4,0,14.0,2.0,2.0,1.0,147.9,0,0.1,Low Risk
55024,0,7.0,Mobile Phone,2,9.0,UPI,Male,4.0,4,Mobile Phone,3,Married,3,0,14.0,2.0,2.0,5.0,161.0,0,0.0,Low Risk
55025,1,5.0,Computer,1,12.0,Debit Card,Male,4.0,5,Mobile Phone,5,Married,8,0,18.0,1.0,2.0,1.0,146.07,1,0.85,High Risk
55026,0,4.0,Mobile Phone,3,36.0,Debit Card,Male,4.0,4,Laptop & Accessory,5,Married,10,0,20.0,2.0,2.0,4.0,166.15,0,0.06,Low Risk
55027,0,14.0,Computer,3,9.0,Credit Card,Male,4.0,4,Laptop & Accessory,4,Married,7,0,13.0,2.0,2.0,1.0,168.27,0,0.03,Low Risk
55028,0,24.0,Computer,1,9.0,Credit Card,Female,2.0,4,Grocery,5,Married,4,0,15.0,1.0,3.0,3.0,303.56,0,0.01,Low Risk
55029,0,2.0,Mobile Phone,1,26.0,Credit Card,Male,4.0,5,Mobile Phone,5,Married,3,0,13.0,2.0,4.0,4.0,156.96,0,0.03,Low Risk
55030,0,20.0,Mobile Phone,1,22.0,Debit Card,Male,3.0,4,Others,4,Married,7,0,15.0,2.0,2.0,4.0,315.81,0,0.0,Low Risk
55031,0,9.0,Mobile Phone,3,24.0,Debit Card,Male,4.0,4,Laptop & Accessory,5,Married,5,1,16.0,1.0,2.0,3.0,214.66,0,0.08,Low Risk
55032,1,1.0,Phone,1,24.0,Debit Card,Female,4.0,4,Mobile Phone,4,Married,3,0,14.0,2.0,2.0,1.0,147.1,1,0.85,High Risk
55033,0,7.0,Computer,3,32.0,Credit Card,Female,3.0,4,Laptop & Accessory,3,Married,3,0,13.0,1.0,2.0,2.0,170.39,0,0.0,Low Risk
55034,0,10.0,Mobile Phone,1,13.0,Debit Card,Male,3.0,6,Mobile Phone,3,Married,3,0,15.0,2.0,2.0,8.0,152.41,0,0.01,Low Risk
55035,0,4.0,Mobile Phone,1,14.0,Debit Card,Male,3.0,4,Laptop & Accessory,3,Married,3,0,14.0,5.0,9.0,10.0,159.91,0,0.0,Low Risk
55036,0,18.0,Mobile Phone,1,36.0,UPI,Male,3.0,4,Laptop & Accessory,1,Single,3,0,26.0,7.0,14.0,18.0,170.41,0,0.03,Low Risk
55037,0,1.0,Mobile Phone,3,28.0,E wallet,Male,3.0,2,Mobile Phone,1,Single,3,0,18.0,3.0,3.0,3.0,151.78,0,0.06,Low Risk
55038,0,20.0,Mobile Phone,1,9.0,Cash on Delivery,Male,3.0,4,Laptop & Accessory,1,Married,4,0,12.0,1.0,2.0,5.0,198.79,0,0.02,Low Risk
55039,0,16.0,Computer,2,9.0,Credit Card,Male,4.0,2,Laptop & Accessory,5,Married,9,0,17.0,2.0,2.0,4.0,187.72,0,0.03,Low Risk
55040,0,31.0,Mobile Phone,3,14.0,E wallet,Male,3.0,2,Laptop & Accessory,1,Married,2,1,19.0,1.0,2.0,10.0,177.2,0,0.0,Low Risk
55041,0,6.0,Computer,1,20.0,UPI,Female,4.0,5,Mobile Phone,4,Married,3,0,21.0,3.0,3.0,3.0,159.0,0,0.0,Low Risk
55042,0,6.0,Computer,1,9.0,Debit Card,Female,3.0,4,Laptop & Accessory,3,Single,6,1,15.0,2.0,2.0,8.0,174.98,0,0.01,Low Risk
55043,0,10.0,Mobile Phone,1,8.0,Cash on Delivery,Female,4.0,6,Fashion,5,Married,4,1,22.0,8.0,8.0,3.0,227.52,0,0.02,Low Risk
55044,0,7.0,Mobile Phone,1,16.0,Credit Card,Male,3.0,4,Mobile Phone,1,Married,2,0,14.0,1.0,5.0,11.0,152.81,0,0.0,Low Risk
55045,0,14.0,Mobile Phone,3,17.0,Cash on Delivery,Female,3.0,5,Laptop & Accessory,4,Married,9,0,13.0,2.0,2.0,4.0,193.52,0,0.03,Low Risk
55046,0,1.0,Mobile Phone,3,17.0,Debit Card,Male,3.0,4,Laptop & Accessory,1,Single,2,0,15.0,2.0,2.0,2.0,174.5,0,0.13,Low Risk
55047,0,4.0,Mobile Phone,1,8.0,Credit Card,Male,4.0,4,Mobile Phone,4,Married,2,1,22.0,4.0,6.0,8.0,160.79,0,0.09,Low Risk
55048,0,16.0,Computer,1,33.0,Credit Card,Female,3.0,4,Fashion,5,Married,5,1,18.0,1.0,2.0,1.0,256.91,0,0.02,Low Risk
55049,0,9.0,Computer,3,15.0,E wallet,Female,4.0,5,Fashion,1,Married,6,1,12.0,4.0,5.0,3.0,228.77,0,0.05,Low Risk
55050,0,1.0,Phone,1,21.0,Debit Card,Male,3.0,4,Mobile Phone,5,Married,3,1,15.0,6.0,7.0,9.0,147.35,0,0.19,Low Risk
55051,0,28.0,Computer,1,8.0,Debit Card,Female,3.0,4,Fashion,3,Married,9,0,18.0,1.0,2.0,3.0,230.02,0,0.0,Low Risk
55052,0,18.0,Phone,1,9.0,Debit Card,Female,4.0,2,Mobile Phone,1,Married,3,0,14.0,2.0,8.0,8.0,145.11,0,0.03,Low Risk
55053,1,1.0,Computer,1,17.0,Credit Card,Female,4.0,5,Mobile Phone,4,Single,3,1,26.0,1.0,2.0,1.0,143.59,1,0.99,High Risk
55054,0,3.0,Mobile Phone,1,8.0,Debit Card,Female,4.0,4,Mobile Phone,1,Married,3,0,16.0,2.0,2.0,3.0,162.6,0,0.0,Low Risk
55055,0,28.0,Mobile Phone,1,10.0,Debit Card,Male,3.0,4,Grocery,1,Married,5,0,15.0,1.0,2.0,10.0,302.79,0,0.01,Low Risk
55056,0,5.0,Mobile Phone,1,18.0,Credit Card,Male,4.0,4,Laptop & Accessory,5,Married,3,1,13.0,2.0,2.0,2.0,193.33,0,0.01,Low Risk
55057,0,5.0,Mobile Phone,1,31.0,Credit Card,Female,4.0,5,Laptop & Accessory,5,Single,3,0,20.0,2.0,2.0,9.0,193.12,0,0.01,Low Risk
55058,0,31.0,Mobile Phone,3,10.0,Debit Card,Female,3.0,5,Laptop & Accessory,1,Single,7,0,18.0,1.0,2.0,6.0,176.71,0,0.01,Low Risk
55059,0,17.0,Mobile Phone,1,10.0,Debit Card,Male,4.0,6,Others,1,Married,5,0,15.0,2.0,2.0,8.0,322.4,0,0.04,Low Risk
55060,0,23.0,Mobile Phone,1,11.0,Credit Card,Male,3.0,5,Others,3,Married,4,0,15.0,1.0,2.0,1.0,312.11,0,0.0,Low Risk
55061,0,10.0,Computer,1,10.0,COD,Male,3.0,4,Mobile Phone,4,Married,3,0,13.0,1.0,2.0,8.0,161.92,0,0.0,Low Risk
55062,0,22.0,Mobile Phone,1,9.0,COD,Male,4.0,2,Mobile Phone,4,Single,7,0,12.0,1.0,2.0,1.0,150.59,0,0.1,Low Risk
55063,0,1.0,Mobile Phone,1,11.0,Debit Card,Male,4.0,4,Mobile Phone,3,Married,3,0,12.0,2.0,2.0,4.0,150.17,0,0.03,Low Risk
55064,0,3.0,Mobile Phone,1,14.0,Debit Card,Male,3.0,4,Laptop & Accessory,1,Married,3,1,12.0,2.0,2.0,1.0,191.23,0,0.03,Low Risk
55065,0,22.0,Mobile Phone,1,8.0,Debit Card,Male,4.0,5,Others,1,Single,8,0,15.0,2.0,2.0,1.0,307.65,0,0.0,Low Risk
55066,0,3.0,Mobile Phone,1,8.0,Debit Card,Female,3.0,5,Grocery,1,Married,5,0,15.0,1.0,2.0,8.0,286.24,0,0.01,Low Risk
55067,0,8.0,Mobile Phone,1,27.0,COD,Female,3.0,2,Mobile Phone,3,Married,2,0,18.0,2.0,2.0,1.0,150.85,0,0.02,Low Risk
55068,0,18.0,Mobile Phone,3,12.0,E wallet,Male,3.0,4,Others,4,Married,9,0,15.0,2.0,4.0,11.0,307.13,0,0.02,Low Risk
55069,0,7.0,Mobile Phone,3,17.0,E wallet,Male,3.0,2,Fashion,3,Married,2,1,15.0,1.0,2.0,9.0,208.8,0,0.01,Low Risk
55070,0,1.0,Mobile Phone,1,32.0,Debit Card,Female,3.0,2,Mobile Phone,1,Single,3,1,13.0,1.0,2.0,2.0,154.94,0,0.12,Low Risk
55071,0,1.0,Phone,1,8.0,Debit Card,Male,3.0,4,Mobile Phone,3,Married,3,0,23.0,2.0,2.0,2.0,137.23,0,0.06,Low Risk
55072,1,1.0,Computer,3,31.0,Debit Card,Male,4.0,6,Mobile Phone,1,Single,3,1,15.0,2.0,2.0,1.0,136.18,1,0.99,High Risk
55073,0,1.0,Mobile Phone,1,11.0,Debit Card,Male,3.0,4,Mobile Phone,1,Single,3,1,21.0,3.0,3.0,3.0,153.75,0,0.16,Low Risk
55074,1,9.0,Mobile Phone,3,9.0,E wallet,Female,4.0,6,Others,4,Single,4,1,15.0,2.0,2.0,12.0,313.24,1,0.86,High Risk
55075,0,29.0,Computer,1,15.0,Credit Card,Male,3.0,5,Grocery,4,Married,3,1,16.0,3.0,16.0,1.0,260.77,0,0.02,Low Risk
55076,1,1.0,Computer,1,17.0,Debit Card,Female,3.0,5,Mobile Phone,3,Single,3,0,21.0,2.0,3.0,3.0,151.25,1,0.87,High Risk
55077,0,20.0,Mobile Phone,3,11.0,E wallet,Female,3.0,5,Others,4,Married,4,0,15.0,2.0,2.0,9.0,312.89,0,0.01,Low Risk
55078,0,8.0,Mobile Phone,3,9.0,E wallet,Female,3.0,4,Laptop & Accessory,5,Single,2,1,13.0,2.0,2.0,3.0,170.38,0,0.05,Low Risk
55079,0,25.0,Computer,3,16.0,Debit Card,Male,3.0,4,Others,4,Married,6,1,25.0,7.0,12.0,11.0,323.47,0,0.03,Low Risk
55080,0,31.0,Mobile Phone,1,25.0,Credit Card,Male,4.0,4,Fashion,1,Single,8,0,13.0,4.0,6.0,3.0,230.12,0,0.0,Low Risk
55081,0,8.0,Computer,1,26.0,Credit Card,Female,3.0,4,Laptop & Accessory,4,Married,6,0,14.0,1.0,6.0,11.0,169.44,0,0.0,Low Risk
55082,0,2.0,Computer,1,8.0,Credit Card,Male,3.0,4,Mobile Phone,3,Single,2,1,12.0,2.0,2.0,3.0,146.54,0,0.17,Low Risk
55083,0,18.0,Mobile Phone,1,11.0,Debit Card,Male,4.0,2,Others,5,Married,3,0,15.0,3.0,15.0,14.0,316.9,0,0.03,Low Risk
55084,0,8.0,Computer,2,18.0,Debit Card,Male,3.0,5,Laptop & Accessory,4,Married,6,0,12.0,1.0,2.0,9.0,169.9,0,0.02,Low Risk
55085,0,9.0,Mobile Phone,1,13.0,Debit Card,Male,4.0,4,Mobile Phone,3,Married,2,1,15.0,2.0,3.0,3.0,160.06,0,0.03,Low Risk
55086,0,16.0,Phone,1,14.0,Credit Card,Female,4.0,2,Laptop & Accessory,4,Married,8,1,17.0,1.0,2.0,1.0,148.72,0,0.01,Low Risk
55087,0,17.0,Mobile Phone,3,11.0,E wallet,Female,3.0,5,Fashion,1,Single,5,0,15.0,11.0,16.0,3.0,227.31,0,0.08,Low Risk
55088,0,10.0,Mobile Phone,1,9.0,Debit Card,Female,3.0,4,Laptop & Accessory,4,Single,11,1,12.0,5.0,6.0,13.0,179.1,0,0.01,Low Risk
55089,1,8.0,Mobile Phone,1,22.0,Credit Card,Female,4.0,4,Fashion,1,Married,3,0,12.0,1.0,2.0,6.0,204.78,1,0.75,High Risk
55090,0,2.0,Computer,1,9.0,Debit Card,Male,3.0,5,Mobile Phone,1,Married,3,1,13.0,1.0,3.0,3.0,163.67,0,0.11,Low Risk
55091,0,25.0,Computer,1,13.0,Credit Card,Female,3.0,5,Mobile Phone,3,Single,2,0,15.0,4.0,8.0,8.0,153.38,0,0.0,Low Risk
55092,0,4.0,Computer,1,16.0,Credit Card,Female,4.0,4,Laptop & Accessory,3,Single,9,1,19.0,1.0,2.0,8.0,171.95,0,0.0,Low Risk
55093,1,1.0,Mobile Phone,1,14.0,COD,Female,3.0,4,Mobile Phone,3,Married,5,1,14.0,5.0,8.0,8.0,158.39,1,0.95,High Risk
55094,0,2.0,Phone,1,8.0,COD,Male,3.0,4,Mobile Phone,5,Single,4,0,12.0,2.0,2.0,3.0,145.8,0,0.12,Low Risk
55095,0,1.0,Phone,1,8.0,Credit Card,Female,3.0,4,Mobile Phone,4,Single,3,0,19.0,2.0,3.0,2.0,145.96,0,0.01,Low Risk
55096,0,6.0,Mobile Phone,3,15.0,Credit Card,Male,3.0,2,Laptop & Accessory,1,Married,3,0,16.0,1.0,2.0,9.0,187.09,0,0.0,Low Risk
55097,0,19.0,Computer,1,32.0,Credit Card,Female,3.0,4,Others,4,Single,5,0,15.0,1.0,2.0,1.0,305.61,0,0.01,Low Risk
55098,0,13.0,Mobile Phone,1,20.0,Credit Card,Female,4.0,5,Grocery,4,Married,8,1,15.0,11.0,16.0,3.0,296.23,0,0.02,Low Risk
55099,0,31.0,Phone,1,30.0,Debit Card,Male,3.0,4,Mobile Phone,3,Married,3,0,13.0,2.0,3.0,3.0,148.72,0,0.0,Low Risk
55100,1,1.0,Mobile Phone,1,14.0,Debit Card,Male,4.0,4,Laptop & Accessory,3,Married,3,0,19.0,1.0,2.0,2.0,173.83,1,0.83,High Risk
55101,1,3.0,Mobile Phone,1,30.0,Credit Card,Male,4.0,4,Mobile Phone,5,Single,2,0,14.0,1.0,2.0,4.0,164.04,1,0.56,Medium Risk
55102,0,4.0,Mobile Phone,1,13.0,COD,Female,3.0,5,Laptop & Accessory,1,Married,2,0,13.0,6.0,7.0,8.0,171.27,0,0.0,Low Risk
55103,0,10.0,Mobile Phone,1,17.0,Cash on Delivery,Female,4.0,4,Fashion,3,Married,5,0,13.0,2.0,2.0,8.0,195.94,0,0.01,Low Risk
55104,0,20.0,Mobile Phone,2,8.0,Debit Card,Female,3.0,4,Mobile Phone,5,Single,8,0,13.0,3.0,6.0,8.0,159.23,0,0.03,Low Risk
55105,0,2.0,Computer,1,8.0,Debit Card,Female,3.0,6,Laptop & Accessory,1,Married,2,0,12.0,8.0,8.0,6.0,191.74,0,0.04,Low Risk
55106,0,24.0,Mobile Phone,1,35.0,Debit Card,Female,3.0,4,Grocery,5,Married,6,1,15.0,1.0,2.0,3.0,293.8,0,0.01,Low Risk
55107,1,4.0,Mobile Phone,3,32.0,E wallet,Male,3.0,5,Fashion,4,Single,4,1,13.0,2.0,2.0,3.0,215.94,1,0.76,High Risk
55108,1,16.0,Mobile Phone,3,12.0,Debit Card,Male,4.0,4,Fashion,4,Single,11,1,20.0,8.0,8.0,3.0,209.46,1,0.95,High Risk
55109,0,4.0,Mobile Phone,1,24.0,Credit Card,Female,4.0,4,Fashion,5,Married,3,1,24.0,2.0,2.0,9.0,244.16000000000003,0,0.01,Low Risk
55110,0,13.0,Mobile Phone,1,25.0,Debit Card,Male,3.0,4,Laptop & Accessory,3,Single,2,0,12.0,2.0,2.0,8.0,170.34,0,0.03,Low Risk
55111,0,5.0,Computer,3,9.0,Debit Card,Female,3.0,4,Fashion,3,Married,3,1,20.0,9.0,10.0,3.0,223.52,0,0.0,Low Risk
55112,0,15.0,Computer,3,17.0,Credit Card,Male,3.0,6,Laptop & Accessory,4,Single,3,0,14.0,4.0,12.0,10.0,186.51,0,0.01,Low Risk
55113,1,1.0,Computer,3,8.0,Debit Card,Female,3.0,4,Mobile Phone,4,Single,3,1,12.0,3.0,3.0,3.0,148.02,1,0.89,High Risk
55114,1,8.0,Phone,1,10.0,Debit Card,Male,3.0,4,Mobile Phone,5,Married,6,0,13.0,2.0,2.0,3.0,148.62,1,0.82,High Risk
55115,0,16.0,Computer,1,9.0,Debit Card,Male,3.0,4,Grocery,3,Married,2,1,15.0,1.0,3.0,11.0,303.61,0,0.0,Low Risk
55116,0,29.0,Mobile Phone,1,9.0,Credit Card,Female,3.0,6,Others,3,Married,6,0,15.0,5.0,10.0,12.0,316.87,0,0.07,Low Risk
55117,0,30.0,Mobile Phone,2,15.0,Debit Card,Male,4.0,4,Others,4,Single,8,0,15.0,3.0,8.0,8.0,322.17,0,0.01,Low Risk
55118,0,14.0,Computer,1,23.0,Debit Card,Male,4.0,4,Mobile Phone,3,Married,11,0,17.0,2.0,2.0,1.0,160.44,0,0.02,Low Risk
55119,0,8.0,Mobile Phone,1,16.0,Debit Card,Male,3.0,4,Fashion,1,Married,2,0,12.0,1.0,2.0,3.0,210.0,0,0.09,Low Risk
55120,0,14.0,Mobile Phone,1,9.0,Debit Card,Male,4.0,4,Laptop & Accessory,1,Single,3,0,14.0,4.0,9.0,9.0,171.61,0,0.0,Low Risk
55121,0,15.0,Computer,3,8.0,E wallet,Female,4.0,4,Laptop & Accessory,5,Married,2,0,18.0,1.0,2.0,8.0,166.03,0,0.0,Low Risk
55122,0,9.0,Computer,1,11.0,Debit Card,Male,3.0,4,Laptop & Accessory,3,Single,3,1,12.0,2.0,2.0,2.0,167.49,0,0.01,Low Risk
55123,0,25.0,Mobile Phone,2,12.0,Debit Card,Male,3.0,4,Grocery,4,Married,3,1,12.0,1.0,2.0,11.0,265.26,0,0.0,Low Risk
55124,0,12.0,Mobile Phone,3,9.0,Debit Card,Female,3.0,4,Laptop & Accessory,5,Married,5,0,16.0,1.0,2.0,8.0,193.93,0,0.0,Low Risk
55125,0,8.0,Mobile Phone,3,22.0,Credit Card,Female,4.0,4,Laptop & Accessory,5,Single,3,0,13.0,5.0,10.0,7.0,186.25,0,0.01,Low Risk
55126,0,1.0,Mobile Phone,1,26.0,Credit Card,Male,4.0,4,Mobile Phone,1,Married,5,0,12.0,1.0,2.0,3.0,161.69,0,0.05,Low Risk
55127,1,21.0,Mobile Phone,1,14.0,Credit Card,Female,3.0,5,Fashion,5,Married,9,1,15.0,2.0,6.0,3.0,225.08,1,0.82,High Risk
55128,0,14.0,Phone,1,8.0,Debit Card,Male,3.0,4,Mobile Phone,4,Married,5,0,23.0,2.0,2.0,4.0,148.87,0,0.01,Low Risk
55129,0,10.0,Computer,3,14.0,E wallet,Female,3.0,2,Laptop & Accessory,5,Married,4,0,17.0,6.0,7.0,14.0,171.39,0,0.01,Low Risk
55130,0,22.0,Mobile Phone,1,11.0,Debit Card,Male,3.0,4,Fashion,1,Single,3,0,12.0,2.0,2.0,9.0,203.98,0,0.03,Low Risk
55131,0,1.0,Mobile Phone,3,18.0,Credit Card,Female,4.0,2,Mobile Phone,1,Married,10,0,15.0,1.0,2.0,1.0,150.34,0,0.06,Low Risk
55132,0,25.0,Mobile Phone,1,18.0,Cash on Delivery,Female,3.0,5,Grocery,4,Single,5,0,17.0,1.0,2.0,4.0,256.42,0,0.0,Low Risk
55133,0,1.0,Computer,1,8.0,Debit Card,Female,4.0,4,Mobile Phone,1,Single,3,0,16.0,2.0,2.0,1.0,141.11,0,0.05,Low Risk
55134,0,9.0,Mobile Phone,1,8.0,Credit Card,Female,3.0,5,Laptop & Accessory,1,Married,2,0,13.0,1.0,2.0,1.0,178.63,0,0.0,Low Risk
55135,0,1.0,Computer,3,9.0,Debit Card,Male,3.0,6,Laptop & Accessory,1,Single,5,0,21.0,1.0,2.0,1.0,175.71,0,0.06,Low Risk
55136,1,19.0,Mobile Phone,3,20.0,E wallet,Male,3.0,2,Grocery,3,Single,8,1,18.0,1.0,4.0,9.0,261.95,1,0.85,High Risk
55137,0,30.0,Mobile Phone,1,30.0,Debit Card,Male,4.0,4,Grocery,4,Married,6,1,13.0,14.0,2.0,10.0,259.02,0,0.0,Low Risk
55138,0,8.0,Computer,1,33.0,COD,Female,4.0,5,Mobile Phone,3,Married,3,0,21.0,2.0,2.0,1.0,145.29,0,0.0,Low Risk
55139,0,14.0,Mobile Phone,1,9.0,Credit Card,Female,3.0,2,Laptop & Accessory,3,Married,7,0,21.0,7.0,12.0,9.0,188.77,0,0.03,Low Risk
55140,0,8.0,Mobile Phone,1,36.0,Credit Card,Male,3.0,4,Laptop & Accessory,3,Married,6,0,14.0,6.0,8.0,8.0,179.29,0,0.02,Low Risk
55141,1,1.0,Computer,3,9.0,Debit Card,Female,3.0,5,Mobile Phone,1,Single,9,0,15.0,1.0,2.0,1.0,152.85,1,0.84,High Risk
55142,1,1.0,Computer,3,25.0,E wallet,Female,4.0,4,Laptop & Accessory,3,Married,2,1,19.0,1.0,4.0,3.0,171.14,1,0.89,High Risk
55143,0,12.0,Computer,1,14.0,Debit Card,Male,3.0,2,Mobile Phone,3,Married,3,0,12.0,1.0,2.0,4.0,151.1,0,0.0,Low Risk
55144,0,8.0,Mobile Phone,1,9.0,COD,Female,4.0,4,Laptop & Accessory,1,Single,3,0,12.0,5.0,5.0,12.0,191.87,0,0.0,Low Risk
55145,0,2.0,Mobile Phone,3,33.0,Debit Card,Male,3.0,5,Laptop & Accessory,5,Married,3,0,12.0,2.0,2.0,5.0,172.24,0,0.01,Low Risk
55146,1,1.0,Mobile Phone,1,29.0,Credit Card,Male,4.0,4,Laptop & Accessory,3,Married,3,1,16.0,6.0,7.0,8.0,186.79,1,0.82,High Risk
55147,0,13.0,Mobile Phone,3,28.0,Debit Card,Male,3.0,5,Laptop & Accessory,1,Married,5,1,13.0,1.0,2.0,5.0,186.2,0,0.03,Low Risk
55148,0,25.0,Computer,3,9.0,E wallet,Male,3.0,4,Fashion,4,Married,4,0,12.0,4.0,4.0,3.0,230.96,0,0.01,Low Risk
55149,0,15.0,Computer,1,29.0,Debit Card,Female,4.0,4,Laptop & Accessory,1,Married,5,1,15.0,3.0,4.0,4.0,179.67,0,0.0,Low Risk
55150,0,11.0,Mobile Phone,1,11.0,Debit Card,Male,3.0,4,Mobile Phone,3,Married,9,1,16.0,2.0,2.0,4.0,154.96,0,0.01,Low Risk
55151,0,7.0,Computer,3,12.0,Debit Card,Male,4.0,4,Laptop & Accessory,1,Married,8,0,14.0,2.0,2.0,3.0,224.98,0,0.03,Low Risk
55152,0,6.0,Mobile Phone,3,9.0,E wallet,Male,3.0,4,Laptop & Accessory,4,Married,2,1,14.0,2.0,2.0,3.0,165.78,0,0.01,Low Risk
55153,0,13.0,Computer,1,32.0,Debit Card,Male,4.0,4,Fashion,3,Married,5,0,22.0,1.0,2.0,6.0,234.2,0,0.01,Low Risk
55154,0,1.0,Mobile Phone,3,25.0,Debit Card,Male,4.0,2,Laptop & Accessory,3,Married,4,0,12.0,2.0,2.0,3.0,187.32,0,0.21,Low Risk
55155,0,26.0,Computer,1,35.0,Credit Card,Female,3.0,2,Grocery,3,Married,4,1,12.0,2.0,2.0,3.0,257.47,0,0.01,Low Risk
55156,0,17.0,Mobile Phone,1,13.0,Credit Card,Female,4.0,5,Laptop & Accessory,3,Single,3,1,15.0,1.0,2.0,9.0,165.81,0,0.0,Low Risk
55157,0,1.0,Mobile Phone,3,17.0,E wallet,Female,4.0,5,Laptop & Accessory,1,Married,3,1,12.0,2.0,5.0,5.0,182.69,0,0.07,Low Risk
55158,1,1.0,Phone,1,24.0,Debit Card,Female,3.0,4,Mobile Phone,3,Single,3,1,14.0,5.0,8.0,8.0,148.94,1,0.99,High Risk
55159,0,1.0,Mobile Phone,1,9.0,Credit Card,Male,3.0,5,Mobile Phone,1,Single,2,0,13.0,2.0,2.0,2.0,164.04,0,0.02,Low Risk
55160,0,16.0,Mobile Phone,2,17.0,UPI,Female,3.0,4,Grocery,5,Married,2,0,15.0,1.0,2.0,10.0,292.99,0,0.01,Low Risk
55161,0,26.0,Mobile Phone,1,15.0,UPI,Female,3.0,4,Mobile Phone,5,Married,11,0,14.0,2.0,2.0,5.0,154.5,0,0.0,Low Risk
55162,0,11.0,Mobile Phone,1,18.0,Credit Card,Female,4.0,4,Mobile Phone,3,Single,6,0,19.0,2.0,2.0,3.0,161.29,0,0.01,Low Risk
55163,0,9.0,Computer,1,25.0,Debit Card,Male,3.0,4,Fashion,1,Single,4,0,12.0,3.0,3.0,3.0,218.62,0,0.06,Low Risk
55164,0,1.0,Mobile Phone,1,8.0,COD,Male,3.0,4,Mobile Phone,1,Married,6,0,12.0,1.0,2.0,3.0,157.29,0,0.09,Low Risk
55165,0,1.0,Mobile Phone,1,14.0,UPI,Male,4.0,2,Mobile Phone,5,Single,2,0,13.0,1.0,2.0,8.0,160.78,0,0.1,Low Risk
55166,0,3.0,Mobile Phone,2,24.0,UPI,Male,3.0,5,Fashion,5,Single,3,0,14.0,1.0,2.0,10.0,204.88,0,0.01,Low Risk
55167,1,13.0,Computer,1,35.0,Debit Card,Male,4.0,5,Laptop & Accessory,5,Single,5,0,21.0,1.0,2.0,4.0,167.84,1,0.74,High Risk
55168,1,1.0,Computer,1,21.0,UPI,Female,3.0,4,Fashion,1,Single,2,1,13.0,5.0,8.0,8.0,200.53,1,0.95,High Risk
55169,0,28.0,Mobile Phone,1,8.0,Credit Card,Female,3.0,4,Grocery,1,Single,8,0,15.0,7.0,13.0,8.0,298.28,0,0.04,Low Risk
55170,0,31.0,Mobile Phone,1,8.0,Credit Card,Female,4.0,4,Others,5,Married,5,1,15.0,2.0,2.0,6.0,322.01,0,0.02,Low Risk
55171,0,29.0,Mobile Phone,1,8.0,Credit Card,Male,3.0,2,Grocery,1,Married,4,0,14.0,1.0,2.0,1.0,272.32,0,0.0,Low Risk
55172,0,10.0,Mobile Phone,3,10.0,E wallet,Female,4.0,4,Laptop & Accessory,4,Single,5,1,17.0,1.0,2.0,3.0,217.78,0,0.02,Low Risk
55173,1,1.0,Computer,3,8.0,Debit Card,Female,3.0,6,Mobile Phone,3,Single,3,0,13.0,1.0,2.0,1.0,138.59,1,0.83,High Risk
55174,0,4.0,Mobile Phone,3,14.0,E wallet,Female,4.0,4,Laptop & Accessory,5,Married,9,0,15.0,2.0,2.0,3.0,172.79,0,0.0,Low Risk
55175,0,5.0,Mobile Phone,1,15.0,Debit Card,Female,4.0,4,Grocery,4,Single,5,0,12.0,1.0,2.0,1.0,289.22,0,0.0,Low Risk
55176,0,8.0,Computer,1,8.0,UPI,Male,4.0,4,Mobile Phone,5,Married,7,0,15.0,2.0,2.0,4.0,154.96,0,0.06,Low Risk
55177,1,1.0,Phone,1,15.0,Debit Card,Female,3.0,5,Mobile Phone,4,Single,3,0,13.0,1.0,2.0,1.0,137.61,1,0.6,Medium Risk
55178,0,1.0,Phone,1,18.0,Debit Card,Male,4.0,4,Mobile Phone,5,Married,2,0,15.0,2.0,2.0,5.0,145.99,0,0.02,Low Risk
55179,0,10.0,Mobile Phone,1,11.0,Debit Card,Male,3.0,5,Laptop & Accessory,1,Single,3,0,17.0,1.0,2.0,9.0,183.1,0,0.0,Low Risk
55180,0,10.0,Mobile Phone,3,23.0,E wallet,Female,4.0,5,Laptop & Accessory,5,Married,6,0,14.0,2.0,2.0,3.0,181.47,0,0.02,Low Risk
55181,0,21.0,Mobile Phone,1,8.0,COD,Male,4.0,4,Mobile Phone,1,Married,9,0,13.0,2.0,2.0,3.0,159.2,0,0.02,Low Risk
55182,1,1.0,Mobile Phone,3,16.0,Debit Card,Male,4.0,5,Mobile Phone,5,Married,5,0,13.0,3.0,3.0,3.0,169.0,1,0.82,High Risk
55183,0,11.0,Computer,1,12.0,COD,Male,3.0,2,Mobile Phone,3,Single,2,0,15.0,1.0,2.0,4.0,160.0,0,0.0,Low Risk
55184,0,30.0,Phone,1,8.0,Debit Card,Female,3.0,4,Mobile Phone,5,Married,4,0,23.0,1.0,2.0,1.0,145.66,0,0.01,Low Risk
55185,0,21.0,Mobile Phone,1,9.0,Credit Card,Female,3.0,4,Grocery,3,Married,5,0,15.0,3.0,6.0,7.0,296.69,0,0.0,Low Risk
55186,0,1.0,Mobile Phone,3,11.0,Credit Card,Female,3.0,4,Laptop & Accessory,3,Married,3,1,13.0,2.0,2.0,4.0,166.62,0,0.04,Low Risk
55187,0,6.0,Mobile Phone,3,14.0,E wallet,Male,4.0,4,Laptop & Accessory,1,Married,6,0,13.0,1.0,2.0,3.0,217.04,0,0.0,Low Risk
55188,0,8.0,Mobile Phone,1,8.0,Debit Card,Female,3.0,5,Mobile Phone,4,Married,7,0,18.0,2.0,2.0,3.0,157.94,0,0.0,Low Risk
55189,0,15.0,Phone,1,12.0,Credit Card,Male,3.0,2,Mobile Phone,3,Married,4,1,13.0,1.0,2.0,4.0,146.27,0,0.03,Low Risk
55190,0,14.0,Computer,1,16.0,UPI,Male,3.0,4,Laptop & Accessory,3,Married,5,0,12.0,1.0,2.0,8.0,164.75,0,0.0,Low Risk
55191,0,5.0,Mobile Phone,3,15.0,Debit Card,Male,3.0,4,Fashion,1,Married,3,0,19.0,3.0,2.0,10.0,232.93,0,0.05,Low Risk
55192,1,10.0,Mobile Phone,3,16.0,E wallet,Male,3.0,4,Fashion,1,Married,6,0,12.0,5.0,5.0,3.0,225.96,1,0.8,High Risk
55193,1,3.0,Computer,1,9.0,Debit Card,Female,3.0,5,Mobile Phone,5,Single,4,1,24.0,1.0,2.0,1.0,161.46,1,0.85,High Risk
55194,1,1.0,Computer,1,8.0,Debit Card,Female,4.0,2,Fashion,4,Single,3,0,12.0,2.0,5.0,8.0,199.46,1,0.93,High Risk
55195,0,19.0,Mobile Phone,1,27.0,Credit Card,Male,4.0,6,Fashion,5,Married,4,1,19.0,2.0,2.0,8.0,233.51,0,0.0,Low Risk
55196,0,5.0,Phone,2,15.0,Credit Card,Female,4.0,2,Mobile Phone,4,Single,11,0,19.0,2.0,2.0,3.0,146.09,0,0.01,Low Risk
55197,1,1.0,Computer,1,9.0,Debit Card,Male,4.0,4,Mobile Phone,1,Married,8,1,14.0,1.0,3.0,3.0,162.22,1,0.87,High Risk
55198,0,19.0,Mobile Phone,1,36.0,Cash on Delivery,Male,3.0,4,Fashion,1,Married,6,1,19.0,2.0,2.0,3.0,218.8,0,0.01,Low Risk
55199,0,22.0,Mobile Phone,3,14.0,E wallet,Male,4.0,4,Laptop & Accessory,5,Married,6,0,12.0,1.0,3.0,3.0,179.86,0,0.0,Low Risk
55200,1,1.0,Mobile Phone,2,16.0,COD,Female,3.0,4,Mobile Phone,3,Married,3,0,16.0,3.0,3.0,3.0,152.42,1,0.65,Medium Risk
55201,0,14.0,Computer,1,15.0,Credit Card,Male,3.0,5,Fashion,4,Married,4,0,12.0,1.0,5.0,9.0,262.57,0,0.01,Low Risk
55202,0,2.0,Mobile Phone,3,12.0,Credit Card,Male,3.0,4,Laptop & Accessory,5,Single,2,0,19.0,1.0,2.0,3.0,209.63,0,0.05,Low Risk
55203,0,18.0,Computer,1,12.0,Debit Card,Male,3.0,5,Mobile Phone,3,Single,5,0,15.0,1.0,2.0,4.0,156.62,0,0.0,Low Risk
55204,0,27.0,Mobile Phone,1,9.0,Credit Card,Male,3.0,2,Grocery,4,Single,6,0,13.0,1.0,9.0,9.0,290.98,0,0.02,Low Risk
55205,0,23.0,Mobile Phone,1,12.0,COD,Male,4.0,4,Laptop & Accessory,3,Married,4,0,15.0,1.0,2.0,3.0,191.51,0,0.01,Low Risk
55206,0,14.0,Phone,1,9.0,Credit Card,Male,4.0,4,Mobile Phone,3,Married,4,0,15.0,2.0,2.0,3.0,148.45,0,0.0,Low Risk
55207,0,18.0,Mobile Phone,1,27.0,Debit Card,Male,3.0,4,Mobile Phone,4,Single,3,0,14.0,2.0,2.0,4.0,159.2,0,0.0,Low Risk
55208,0,7.0,Computer,3,14.0,Credit Card,Male,3.0,4,Laptop & Accessory,5,Married,2,0,15.0,2.0,2.0,4.0,168.73,0,0.0,Low Risk
55209,0,8.0,Mobile Phone,3,10.0,UPI,Male,3.0,6,Laptop & Accessory,5,Single,5,0,19.0,3.0,4.0,13.0,172.59,0,0.04,Low Risk
55210,0,4.0,Mobile Phone,3,23.0,Debit Card,Male,4.0,4,Laptop & Accessory,3,Married,10,0,16.0,2.0,3.0,3.0,178.01,0,0.01,Low Risk
55211,0,16.0,Computer,1,16.0,Credit Card,Female,4.0,4,Mobile Phone,1,Single,3,0,14.0,1.0,6.0,9.0,161.73,0,0.0,Low Risk
55212,0,18.0,Computer,3,8.0,E wallet,Female,4.0,4,Laptop & Accessory,3,Married,9,0,13.0,1.0,2.0,1.0,172.68,0,0.03,Low Risk
55213,0,4.0,Computer,1,14.0,COD,Male,4.0,4,Mobile Phone,3,Married,3,0,14.0,1.0,2.0,1.0,137.74,0,0.02,Low Risk
55214,0,31.0,Mobile Phone,1,8.0,Debit Card,Male,4.0,2,Laptop & Accessory,3,Married,2,0,25.0,2.0,3.0,9.0,174.0,0,0.0,Low Risk
55215,0,23.0,Mobile Phone,1,14.0,Debit Card,Male,3.0,4,Fashion,4,Married,5,0,15.0,1.0,2.0,3.0,229.66,0,0.0,Low Risk
55216,0,8.0,Computer,1,22.0,Credit Card,Male,4.0,4,Grocery,5,Married,9,0,15.0,3.0,7.0,10.0,295.07,0,0.01,Low Risk
55217,1,1.0,Computer,3,8.0,COD,Male,4.0,4,Mobile Phone,3,Married,5,0,16.0,2.0,2.0,3.0,154.09,1,0.73,High Risk
55218,1,1.0,Computer,3,20.0,COD,Female,3.0,4,Laptop & Accessory,4,Single,7,0,12.0,2.0,2.0,1.0,182.65,1,0.97,High Risk
55219,1,1.0,Mobile Phone,3,31.0,Credit Card,Female,3.0,5,Laptop & Accessory,4,Single,2,1,24.0,5.0,11.0,11.0,170.99,1,0.89,High Risk
55220,0,9.0,Phone,3,14.0,Debit Card,Male,4.0,4,Mobile Phone,3,Married,3,0,14.0,1.0,2.0,1.0,149.04,0,0.03,Low Risk
55221,1,1.0,Computer,1,16.0,Credit Card,Male,3.0,4,Mobile Phone,5,Single,4,1,12.0,1.0,2.0,1.0,156.72,1,0.96,High Risk
55222,0,1.0,Computer,3,20.0,Debit Card,Female,4.0,4,Mobile Phone,4,Married,3,0,14.0,1.0,2.0,1.0,145.33,0,0.32,Low Risk
55223,0,18.0,Computer,1,9.0,Credit Card,Male,3.0,4,Fashion,3,Single,7,1,19.0,3.0,3.0,3.0,227.09,0,0.02,Low Risk
55224,0,3.0,Mobile Phone,3,26.0,Debit Card,Male,4.0,5,Laptop & Accessory,3,Married,3,0,15.0,2.0,2.0,3.0,211.2,0,0.0,Low Risk
55225,0,4.0,Phone,2,8.0,Debit Card,Male,3.0,4,Mobile Phone,3,Married,2,0,22.0,1.0,2.0,4.0,145.64,0,0.01,Low Risk
55226,0,29.0,Mobile Phone,1,11.0,Debit Card,Male,2.0,4,Laptop & Accessory,3,Married,2,1,17.0,2.0,2.0,3.0,165.35,0,0.0,Low Risk
55227,0,7.0,Mobile Phone,1,11.0,Credit Card,Female,3.0,5,Mobile Phone,4,Married,10,0,12.0,2.0,2.0,3.0,163.38,0,0.0,Low Risk
55228,0,21.0,Mobile Phone,3,21.0,Credit Card,Female,4.0,4,Laptop & Accessory,3,Married,5,1,18.0,2.0,2.0,3.0,170.91,0,0.01,Low Risk
55229,1,1.0,Computer,1,9.0,Credit Card,Male,3.0,5,Mobile Phone,5,Single,9,0,12.0,2.0,2.0,1.0,150.61,1,0.83,High Risk
55230,0,2.0,Phone,1,8.0,Debit Card,Male,4.0,5,Mobile Phone,3,Married,3,0,15.0,1.0,2.0,1.0,140.63,0,0.01,Low Risk
55231,0,2.0,Computer,3,14.0,Debit Card,Male,3.0,4,Laptop & Accessory,5,Single,2,0,15.0,2.0,2.0,4.0,173.98,0,0.02,Low Risk
55232,0,23.0,Mobile Phone,1,10.0,Credit Card,Female,3.0,5,Laptop & Accessory,5,Married,6,0,26.0,1.0,2.0,3.0,172.89,0,0.01,Low Risk
55233,0,3.0,Computer,1,9.0,Debit Card,Female,4.0,4,Mobile Phone,4,Married,2,0,14.0,2.0,2.0,3.0,156.8,0,0.0,Low Risk
55234,0,2.0,Mobile Phone,1,36.0,Debit Card,Male,4.0,6,Laptop & Accessory,4,Married,3,0,15.0,1.0,2.0,8.0,190.49,0,0.02,Low Risk
55235,0,7.0,Mobile Phone,1,15.0,Debit Card,Male,4.0,4,Laptop & Accessory,3,Single,4,1,18.0,2.0,2.0,1.0,188.88,0,0.12,Low Risk
55236,0,6.0,Mobile Phone,1,17.0,Credit Card,Male,4.0,4,Fashion,1,Single,4,0,26.0,1.0,2.0,1.0,237.44,0,0.01,Low Risk
55237,0,28.0,Computer,1,18.0,Credit Card,Female,3.0,4,Grocery,1,Married,5,0,21.0,1.0,2.0,13.0,285.32,0,0.0,Low Risk
55238,1,1.0,Phone,1,8.0,COD,Male,4.0,5,Mobile Phone,5,Single,8,0,14.0,2.0,2.0,8.0,148.62,1,0.94,High Risk
55239,0,18.0,Mobile Phone,1,35.0,Debit Card,Male,3.0,4,Grocery,5,Married,5,0,14.0,1.0,15.0,18.0,288.28,0,0.03,Low Risk
55240,0,13.0,Mobile Phone,1,13.0,Debit Card,Female,3.0,4,Fashion,4,Single,6,0,19.0,3.0,3.0,3.0,208.76,0,0.01,Low Risk
55241,0,20.0,Mobile Phone,3,10.0,Debit Card,Female,3.0,4,Grocery,4,Married,10,0,13.0,1.0,6.0,2.0,291.06,0,0.03,Low Risk
55242,0,9.0,Mobile Phone,1,23.0,Debit Card,Female,4.0,5,Fashion,4,Single,3,0,20.0,4.0,4.0,3.0,211.06,0,0.01,Low Risk
55243,0,1.0,Phone,1,27.0,Debit Card,Male,4.0,4,Laptop & Accessory,3,Single,2,0,15.0,2.0,2.0,3.0,147.72,0,0.01,Low Risk
55244,1,4.0,Phone,1,16.0,Debit Card,Male,3.0,4,Mobile Phone,5,Single,5,0,15.0,2.0,2.0,1.0,145.18,1,0.73,High Risk
55245,0,8.0,Mobile Phone,3,8.0,Cash on Delivery,Male,4.0,5,Fashion,3,Married,3,1,15.0,8.0,9.0,7.0,195.83,0,0.01,Low Risk
55246,1,1.0,Computer,1,10.0,Debit Card,Female,3.0,4,Mobile Phone,3,Single,3,0,13.0,3.0,8.0,8.0,165.84,1,0.85,High Risk
55247,0,24.0,Computer,1,29.0,Credit Card,Male,3.0,6,Grocery,1,Single,3,1,14.0,1.0,14.0,10.0,269.11,0,0.05,Low Risk
55248,0,8.0,Phone,3,14.0,COD,Male,3.0,4,Mobile Phone,3,Married,2,1,26.0,4.0,6.0,8.0,148.08,0,0.1,Low Risk
55249,0,16.0,Mobile Phone,1,9.0,Credit Card,Male,4.0,5,Mobile Phone,4,Married,6,0,15.0,1.0,2.0,1.0,173.41,0,0.01,Low Risk
55250,0,11.0,Mobile Phone,1,20.0,Credit Card,Male,3.0,4,Laptop & Accessory,1,Married,3,0,18.0,3.0,4.0,8.0,167.85,0,0.02,Low Risk
55251,0,3.0,Mobile Phone,1,15.0,UPI,Female,3.0,6,Laptop & Accessory,5,Married,5,0,14.0,2.0,2.0,3.0,222.15,0,0.02,Low Risk
55252,0,7.0,Mobile Phone,1,32.0,Debit Card,Male,3.0,5,Laptop & Accessory,4,Single,3,0,14.0,2.0,2.0,3.0,168.2,0,0.0,Low Risk
55253,0,19.0,Phone,1,35.0,COD,Male,4.0,4,Mobile Phone,1,Married,6,0,21.0,2.0,2.0,4.0,146.32,0,0.0,Low Risk
55254,0,16.0,Computer,1,9.0,Debit Card,Male,3.0,4,Fashion,1,Married,4,1,15.0,5.0,14.0,3.0,226.24,0,0.01,Low Risk
55255,0,14.0,Mobile Phone,3,16.0,Credit Card,Male,3.0,4,Laptop & Accessory,5,Married,2,0,13.0,8.0,8.0,2.0,179.73,0,0.04,Low Risk
55256,0,7.0,Mobile Phone,1,35.0,Debit Card,Male,4.0,4,Laptop & Accessory,3,Married,3,1,13.0,5.0,6.0,8.0,177.07,0,0.03,Low Risk
55257,0,14.0,Mobile Phone,2,13.0,Credit Card,Male,3.0,4,Grocery,1,Single,3,1,22.0,1.0,8.0,8.0,289.37,0,0.02,Low Risk
55258,0,1.0,Phone,1,28.0,COD,Male,3.0,5,Mobile Phone,5,Married,2,0,15.0,1.0,2.0,1.0,147.96,0,0.13,Low Risk
55259,0,14.0,Computer,1,15.0,Debit Card,Male,4.0,4,Laptop & Accessory,1,Married,5,1,19.0,2.0,3.0,3.0,165.69,0,0.01,Low Risk
55260,0,19.0,Mobile Phone,1,8.0,Cash on Delivery,Male,4.0,4,Fashion,4,Married,3,0,13.0,4.0,8.0,8.0,199.41,0,0.0,Low Risk
55261,0,9.0,Phone,3,35.0,Debit Card,Female,4.0,5,Mobile Phone,3,Married,2,0,24.0,3.0,5.0,3.0,149.3,0,0.02,Low Risk
55262,0,6.0,Mobile Phone,1,12.0,Debit Card,Female,4.0,5,Laptop & Accessory,4,Married,5,0,13.0,2.0,3.0,6.0,183.78,0,0.0,Low Risk
55263,0,10.0,Mobile Phone,3,9.0,Debit Card,Male,4.0,4,Mobile Phone,1,Single,5,1,22.0,2.0,2.0,3.0,151.44,0,0.02,Low Risk
55264,0,22.0,Mobile Phone,3,23.0,Debit Card,Female,4.0,4,Laptop & Accessory,3,Married,10,0,15.0,8.0,8.0,8.0,189.39,0,0.07,Low Risk
55265,0,3.0,Mobile Phone,1,16.0,Debit Card,Male,4.0,2,Mobile Phone,3,Married,8,0,19.0,1.0,2.0,1.0,149.51,0,0.01,Low Risk
55266,0,7.0,Mobile Phone,3,15.0,Debit Card,Male,3.0,4,Laptop & Accessory,5,Married,4,0,14.0,3.0,3.0,3.0,188.92,0,0.0,Low Risk
55267,1,1.0,Mobile Phone,3,8.0,Debit Card,Male,4.0,5,Laptop & Accessory,5,Married,3,0,12.0,2.0,7.0,3.0,222.14,1,0.81,High Risk
55268,0,12.0,Computer,2,17.0,UPI,Male,4.0,4,Laptop & Accessory,3,Married,5,0,12.0,1.0,2.0,3.0,185.77,0,0.0,Low Risk
55269,0,9.0,Phone,1,8.0,Credit Card,Male,4.0,5,Mobile Phone,5,Single,3,0,20.0,2.0,2.0,3.0,149.5,0,0.02,Low Risk
55270,0,8.0,Mobile Phone,3,36.0,Cash on Delivery,Male,3.0,4,Fashion,4,Married,5,0,13.0,2.0,2.0,3.0,217.5,0,0.03,Low Risk
55271,1,1.0,Phone,1,9.0,Debit Card,Female,4.0,4,Mobile Phone,5,Married,3,1,13.0,2.0,2.0,1.0,145.74,1,0.87,High Risk
55272,1,17.0,Mobile Phone,1,9.0,Cash on Delivery,Female,4.0,5,Fashion,1,Married,2,0,17.0,1.0,2.0,3.0,226.69,1,0.65,Medium Risk
55273,1,2.0,Mobile Phone,1,9.0,Credit Card,Male,3.0,4,Laptop & Accessory,4,Married,6,0,12.0,2.0,2.0,5.0,173.55,1,0.51,Medium Risk
55274,0,6.0,Computer,1,8.0,COD,Male,4.0,4,Laptop & Accessory,5,Married,6,0,15.0,1.0,2.0,3.0,165.87,0,0.03,Low Risk
55275,0,22.0,Phone,1,22.0,UPI,Female,4.0,4,Mobile Phone,5,Married,10,0,13.0,7.0,8.0,7.0,148.67,0,0.1,Low Risk
55276,0,8.0,Mobile Phone,1,14.0,Credit Card,Male,3.0,4,Mobile Phone,1,Single,3,0,14.0,1.0,2.0,1.0,154.72,0,0.0,Low Risk
55277,0,29.0,Mobile Phone,3,33.0,E wallet,Male,3.0,5,Others,1,Married,3,0,15.0,1.0,3.0,14.0,320.86,0,0.0,Low Risk
55278,0,8.0,Mobile Phone,1,8.0,Debit Card,Male,3.0,4,Laptop & Accessory,1,Married,11,0,18.0,1.0,3.0,2.0,179.84,0,0.0,Low Risk
55279,0,1.0,Phone,1,10.0,Debit Card,Female,3.0,4,Mobile Phone,1,Married,3,0,22.0,2.0,2.0,1.0,145.61,0,0.05,Low Risk
55280,0,12.0,Mobile Phone,3,21.0,Debit Card,Male,4.0,4,Laptop & Accessory,4,Married,2,0,12.0,4.0,8.0,3.0,224.24,0,0.02,Low Risk
55281,0,12.0,Mobile Phone,3,23.0,Debit Card,Female,3.0,4,Laptop & Accessory,4,Single,4,0,13.0,2.0,2.0,3.0,166.98,0,0.01,Low Risk
55282,0,10.0,Mobile Phone,3,8.0,Debit Card,Female,4.0,4,Laptop & Accessory,3,Single,8,0,14.0,2.0,2.0,1.0,193.15,0,0.01,Low Risk
55283,0,3.0,Mobile Phone,1,10.0,Credit Card,Male,3.0,4,Mobile Phone,5,Single,3,1,19.0,1.0,2.0,6.0,172.23,0,0.0,Low Risk
55284,0,9.0,Mobile Phone,1,17.0,Credit Card,Female,3.0,4,Laptop & Accessory,3,Single,5,1,17.0,1.0,2.0,5.0,186.42,0,0.0,Low Risk
55285,0,13.0,Mobile Phone,3,13.0,Credit Card,Male,3.0,2,Fashion,3,Married,4,0,12.0,4.0,8.0,7.0,207.37,0,0.0,Low Risk
55286,0,3.0,Computer,1,9.0,Debit Card,Male,3.0,4,Laptop & Accessory,1,Married,3,0,20.0,2.0,2.0,3.0,213.53,0,0.01,Low Risk
55287,0,24.0,Mobile Phone,3,16.0,E wallet,Male,3.0,4,Others,3,Married,6,1,15.0,1.0,2.0,1.0,318.31,0,0.03,Low Risk
55288,0,1.0,Phone,1,17.0,COD,Male,3.0,2,Mobile Phone,3,Married,4,0,17.0,1.0,3.0,3.0,145.73,0,0.04,Low Risk
55289,0,10.0,Computer,1,13.0,Debit Card,Male,4.0,2,Laptop & Accessory,5,Married,5,1,14.0,1.0,2.0,3.0,180.62,0,0.01,Low Risk
55290,0,16.0,Mobile Phone,1,16.0,UPI,Male,4.0,5,Others,1,Single,10,0,15.0,2.0,2.0,2.0,321.13,0,0.01,Low Risk
55291,0,9.0,Mobile Phone,1,35.0,Debit Card,Male,3.0,2,Laptop & Accessory,3,Married,3,0,18.0,7.0,7.0,9.0,159.07,0,0.0,Low Risk
55292,0,8.0,Computer,1,17.0,COD,Male,4.0,5,Laptop & Accessory,3,Married,3,0,15.0,2.0,8.0,8.0,175.63,0,0.0,Low Risk
55293,0,14.0,Mobile Phone,3,21.0,Debit Card,Female,3.0,4,Laptop & Accessory,5,Married,3,0,16.0,1.0,2.0,3.0,171.39,0,0.0,Low Risk
55294,0,17.0,Mobile Phone,1,34.0,COD,Male,3.0,2,Mobile Phone,4,Married,7,0,13.0,2.0,2.0,3.0,173.76,0,0.0,Low Risk
55295,0,9.0,Mobile Phone,1,14.0,Debit Card,Male,4.0,5,Mobile Phone,1,Married,3,0,19.0,2.0,2.0,2.0,151.9,0,0.01,Low Risk
55296,0,20.0,Mobile Phone,3,8.0,Debit Card,Male,3.0,2,Grocery,5,Single,3,0,15.0,1.0,2.0,13.0,300.67,0,0.0,Low Risk
55297,1,1.0,Phone,1,31.0,Credit Card,Male,3.0,4,Mobile Phone,4,Married,3,1,18.0,1.0,2.0,1.0,149.08,1,0.99,High Risk
55298,0,1.0,Computer,1,33.0,UPI,Female,3.0,5,Mobile Phone,3,Married,3,1,15.0,2.0,2.0,4.0,153.14,0,0.09,Low Risk
55299,0,24.0,Computer,1,27.0,Credit Card,Male,3.0,4,Grocery,3,Married,4,1,16.0,1.0,2.0,14.0,237.45,0,0.0,Low Risk
55300,0,6.0,Mobile Phone,1,12.0,UPI,Female,3.0,2,Mobile Phone,1,Married,5,0,18.0,2.0,2.0,3.0,158.12,0,0.0,Low Risk
55301,0,18.0,Mobile Phone,1,14.0,Credit Card,Female,3.0,4,Others,1,Married,2,1,15.0,1.0,2.0,11.0,315.49,0,0.01,Low Risk
55302,0,4.0,Phone,1,14.0,Credit Card,Male,3.0,5,Mobile Phone,4,Married,3,0,13.0,2.0,2.0,2.0,146.41,0,0.0,Low Risk
55303,0,19.0,Mobile Phone,1,12.0,Credit Card,Female,3.0,6,Laptop & Accessory,5,Single,3,1,15.0,1.0,2.0,5.0,182.69,0,0.01,Low Risk
55304,0,19.0,Computer,3,33.0,E wallet,Male,3.0,5,Laptop & Accessory,5,Married,3,0,16.0,4.0,5.0,6.0,168.85,0,0.0,Low Risk
55305,0,5.0,Computer,3,9.0,UPI,Male,3.0,4,Laptop & Accessory,5,Single,9,0,14.0,2.0,2.0,4.0,178.32,0,0.04,Low Risk
55306,0,10.0,Mobile Phone,1,19.0,Debit Card,Female,4.0,4,Laptop & Accessory,3,Married,11,1,13.0,1.0,2.0,2.0,171.63,0,0.04,Low Risk
55307,0,8.0,Computer,1,17.0,Debit Card,Male,3.0,2,Laptop & Accessory,1,Married,3,0,14.0,4.0,8.0,3.0,172.24,0,0.0,Low Risk
55308,0,23.0,Mobile Phone,1,32.0,Debit Card,Female,3.0,4,Mobile Phone,5,Married,3,0,15.0,2.0,2.0,5.0,157.11,0,0.0,Low Risk
55309,0,13.0,Mobile Phone,1,17.0,Credit Card,Male,4.0,4,Laptop & Accessory,5,Married,4,0,14.0,4.0,8.0,8.0,178.77,0,0.0,Low Risk
55310,0,1.0,Mobile Phone,1,26.0,UPI,Male,4.0,5,Mobile Phone,5,Married,3,0,12.0,1.0,2.0,8.0,165.66,0,0.11,Low Risk
55311,0,9.0,Mobile Phone,1,25.0,Debit Card,Male,3.0,2,Laptop & Accessory,5,Married,3,0,12.0,2.0,2.0,11.0,177.08,0,0.0,Low Risk
55312,0,2.0,Mobile Phone,1,34.0,Credit Card,Female,3.0,6,Laptop & Accessory,5,Married,2,0,22.0,2.0,2.0,1.0,173.77,0,0.1,Low Risk
55313,0,1.0,Mobile Phone,1,12.0,Credit Card,Male,4.0,4,Mobile Phone,1,Single,3,0,19.0,1.0,3.0,3.0,156.17,0,0.01,Low Risk
55314,1,1.0,Computer,3,10.0,Credit Card,Female,4.0,4,Mobile Phone,1,Single,3,1,13.0,2.0,2.0,1.0,140.69,1,0.9,High Risk
55315,0,21.0,Mobile Phone,2,33.0,Debit Card,Female,4.0,4,Others,3,Married,5,0,15.0,2.0,2.0,1.0,321.58,0,0.0,Low Risk
55316,0,13.0,Mobile Phone,1,10.0,Credit Card,Male,4.0,5,Laptop & Accessory,3,Married,2,0,16.0,1.0,2.0,8.0,155.69,0,0.0,Low Risk
55317,0,14.0,Mobile Phone,1,22.0,Debit Card,Female,4.0,5,Fashion,3,Married,3,0,14.0,7.0,15.0,3.0,229.35,0,0.05,Low Risk
55318,0,9.0,Computer,1,15.0,Debit Card,Female,3.0,4,Laptop & Accessory,3,Married,3,0,13.0,1.0,3.0,10.0,166.48,0,0.0,Low Risk
55319,0,11.0,Mobile Phone,1,26.0,Debit Card,Male,3.0,4,Laptop & Accessory,3,Married,5,0,18.0,1.0,2.0,3.0,182.68,0,0.0,Low Risk
55320,0,13.0,Computer,1,11.0,Credit Card,Female,3.0,4,Laptop & Accessory,3,Single,2,0,14.0,4.0,4.0,9.0,175.42,0,0.0,Low Risk
55321,0,19.0,Mobile Phone,1,9.0,UPI,Female,3.0,5,Laptop & Accessory,1,Married,3,0,20.0,4.0,4.0,10.0,182.7,0,0.0,Low Risk
55322,0,12.0,Mobile Phone,1,9.0,Credit Card,Female,3.0,5,Fashion,3,Married,5,1,20.0,1.0,2.0,3.0,202.56,0,0.0,Low Risk
55323,1,1.0,Mobile Phone,3,17.0,Credit Card,Male,3.0,5,Fashion,5,Married,11,0,18.0,1.0,7.0,3.0,228.06,1,0.99,High Risk
55324,0,11.0,Mobile Phone,1,17.0,Credit Card,Female,4.0,4,Mobile Phone,4,Married,3,0,12.0,5.0,8.0,8.0,164.36,0,0.0,Low Risk
55325,0,14.0,Mobile Phone,1,23.0,Debit Card,Female,3.0,4,Fashion,1,Single,8,1,16.0,4.0,4.0,4.0,204.45,0,0.03,Low Risk
55326,0,18.0,Computer,2,8.0,UPI,Male,3.0,4,Laptop & Accessory,1,Married,6,1,12.0,2.0,2.0,3.0,182.43,0,0.0,Low Risk
55327,0,22.0,Computer,1,11.0,Credit Card,Male,3.0,5,Grocery,1,Married,4,0,26.0,1.0,3.0,3.0,277.02,0,0.01,Low Risk
55328,1,1.0,Mobile Phone,3,22.0,Credit Card,Male,3.0,6,Laptop & Accessory,1,Married,8,1,15.0,1.0,3.0,3.0,179.4,1,0.96,High Risk
55329,0,1.0,Computer,1,9.0,COD,Female,3.0,4,Mobile Phone,1,Single,3,1,14.0,1.0,2.0,4.0,162.6,0,0.2,Low Risk
55330,0,1.0,Mobile Phone,1,15.0,Credit Card,Female,3.0,2,Mobile Phone,3,Married,9,0,18.0,1.0,2.0,3.0,160.17,0,0.04,Low Risk
55331,0,1.0,Computer,1,9.0,Credit Card,Male,3.0,4,Mobile Phone,1,Single,4,0,14.0,1.0,2.0,3.0,150.8,0,0.17,Low Risk
55332,1,4.0,Phone,1,14.0,Debit Card,Male,4.0,4,Mobile Phone,5,Single,5,1,15.0,1.0,2.0,4.0,146.66,1,0.77,High Risk
55333,0,3.0,Mobile Phone,3,17.0,Credit Card,Male,3.0,5,Laptop & Accessory,3,Single,11,0,12.0,2.0,2.0,5.0,183.69,0,0.03,Low Risk
55334,0,10.0,Mobile Phone,1,12.0,Debit Card,Female,3.0,4,Fashion,5,Married,6,0,13.0,2.0,2.0,3.0,205.08,0,0.01,Low Risk
55335,0,1.0,Computer,1,9.0,Debit Card,Male,4.0,2,Laptop & Accessory,3,Married,3,0,18.0,2.0,2.0,8.0,177.06,0,0.04,Low Risk
55336,0,13.0,Mobile Phone,1,19.0,Credit Card,Male,4.0,4,Laptop & Accessory,4,Married,6,0,22.0,2.0,2.0,1.0,177.95,0,0.01,Low Risk
55337,0,23.0,Mobile Phone,1,29.0,UPI,Female,4.0,4,Grocery,4,Married,5,0,17.0,1.0,2.0,3.0,289.13,0,0.0,Low Risk
55338,0,24.0,Mobile Phone,1,24.0,Debit Card,Female,3.0,5,Fashion,5,Married,7,0,16.0,1.0,2.0,12.0,257.69,0,0.0,Low Risk
55339,0,1.0,Mobile Phone,3,9.0,Credit Card,Female,3.0,4,Mobile Phone,3,Single,3,0,20.0,1.0,3.0,3.0,152.83,0,0.17,Low Risk
55340,0,8.0,Mobile Phone,1,10.0,Debit Card,Female,4.0,4,Laptop & Accessory,4,Married,3,0,13.0,2.0,8.0,10.0,179.33,0,0.0,Low Risk
55341,0,10.0,Phone,1,14.0,Debit Card,Male,4.0,4,Mobile Phone,4,Single,4,0,12.0,1.0,2.0,4.0,145.13,0,0.02,Low Risk
55342,0,23.0,Mobile Phone,1,13.0,Debit Card,Female,3.0,5,Grocery,3,Married,4,1,20.0,1.0,3.0,13.0,264.66,0,0.0,Low Risk
55343,0,10.0,Computer,1,8.0,Credit Card,Female,3.0,5,Laptop & Accessory,3,Married,2,0,16.0,1.0,2.0,3.0,168.74,0,0.0,Low Risk
55344,0,10.0,Mobile Phone,1,10.0,Debit Card,Male,4.0,2,Laptop & Accessory,5,Married,8,0,21.0,1.0,2.0,5.0,193.42,0,0.01,Low Risk
55345,0,28.0,Mobile Phone,1,29.0,Credit Card,Female,4.0,4,Grocery,3,Married,5,0,15.0,4.0,5.0,8.0,299.26,0,0.01,Low Risk
55346,0,17.0,Mobile Phone,1,22.0,Debit Card,Male,4.0,5,Grocery,3,Married,3,0,15.0,3.0,7.0,12.0,301.03,0,0.01,Low Risk
55347,1,1.0,Computer,3,19.0,UPI,Male,3.0,4,Laptop & Accessory,1,Single,5,1,25.0,6.0,7.0,8.0,170.81,1,0.91,High Risk
55348,0,12.0,Computer,1,8.0,Debit Card,Male,3.0,4,Laptop & Accessory,1,Married,9,0,16.0,2.0,3.0,10.0,172.35,0,0.01,Low Risk
55349,0,3.0,Mobile Phone,3,12.0,Credit Card,Male,3.0,5,Laptop & Accessory,4,Married,3,1,14.0,1.0,2.0,10.0,166.87,0,0.0,Low Risk
55350,0,7.0,Mobile Phone,3,9.0,Credit Card,Male,4.0,4,Laptop & Accessory,1,Married,3,0,15.0,2.0,2.0,5.0,180.05,0,0.0,Low Risk
55351,0,6.0,Mobile Phone,1,9.0,Credit Card,Male,3.0,4,Laptop & Accessory,4,Married,2,0,14.0,2.0,2.0,7.0,179.7,0,0.01,Low Risk
55352,0,5.0,Mobile Phone,3,12.0,Debit Card,Female,4.0,4,Laptop & Accessory,1,Married,3,0,12.0,1.0,2.0,3.0,179.76,0,0.0,Low Risk
55353,0,23.0,Mobile Phone,1,23.0,Credit Card,Female,4.0,4,Mobile Phone,5,Married,6,1,17.0,1.0,3.0,3.0,150.87,0,0.03,Low Risk
55354,0,12.0,Computer,1,9.0,Credit Card,Female,3.0,5,Mobile Phone,4,Single,3,0,23.0,1.0,4.0,4.0,149.4,0,0.02,Low Risk
55355,0,21.0,Mobile Phone,3,9.0,Debit Card,Female,3.0,2,Grocery,4,Married,8,0,15.0,1.0,2.0,3.0,284.72,0,0.0,Low Risk
55356,0,23.0,Mobile Phone,1,8.0,Debit Card,Male,3.0,4,Grocery,3,Single,6,0,15.0,1.0,2.0,1.0,278.79,0,0.0,Low Risk
55357,0,15.0,Mobile Phone,3,30.0,Debit Card,Male,4.0,4,Fashion,3,Single,5,1,17.0,1.0,2.0,3.0,195.82,0,0.11,Low Risk
55358,0,1.0,Mobile Phone,3,16.0,Debit Card,Male,3.0,4,Mobile Phone,5,Single,3,0,12.0,1.0,2.0,3.0,152.28,0,0.09,Low Risk
55359,0,7.0,Computer,3,23.0,Debit Card,Female,3.0,4,Laptop & Accessory,1,Married,3,1,26.0,1.0,2.0,3.0,178.68,0,0.01,Low Risk
55360,0,10.0,Mobile Phone,1,33.0,Debit Card,Male,4.0,4,Laptop & Accessory,3,Married,8,0,15.0,2.0,2.0,3.0,178.47,0,0.0,Low Risk
55361,0,18.0,Mobile Phone,2,8.0,Debit Card,Female,3.0,4,Mobile Phone,1,Married,6,1,19.0,3.0,3.0,3.0,156.95,0,0.0,Low Risk
55362,1,1.0,Mobile Phone,1,15.0,Credit Card,Male,4.0,5,Mobile Phone,3,Single,3,1,12.0,2.0,2.0,3.0,164.89,1,0.92,High Risk
55363,0,12.0,Mobile Phone,1,11.0,Credit Card,Female,3.0,4,Mobile Phone,3,Married,9,0,20.0,1.0,2.0,1.0,158.06,0,0.01,Low Risk
55364,0,27.0,Mobile Phone,1,31.0,Credit Card,Male,3.0,2,Fashion,1,Married,5,0,16.0,1.0,2.0,3.0,195.05,0,0.0,Low Risk
55365,1,12.0,Computer,3,14.0,Credit Card,Female,4.0,4,Mobile Phone,3,Married,4,1,12.0,2.0,8.0,8.0,151.55,1,0.82,High Risk
55366,1,1.0,Phone,1,9.0,Debit Card,Male,4.0,4,Mobile Phone,4,Single,3,0,13.0,1.0,2.0,1.0,138.93,1,0.87,High Risk
55367,0,1.0,Computer,1,14.0,Credit Card,Male,4.0,4,Mobile Phone,1,Single,3,0,21.0,1.0,6.0,8.0,150.7,0,0.07,Low Risk
55368,0,29.0,Mobile Phone,1,29.0,COD,Male,4.0,5,Mobile Phone,4,Married,7,0,13.0,2.0,2.0,3.0,160.37,0,0.02,Low Risk
55369,0,8.0,Mobile Phone,1,12.0,Credit Card,Male,3.0,5,Laptop & Accessory,1,Married,3,0,15.0,1.0,5.0,14.0,164.86,0,0.0,Low Risk
55370,0,31.0,Mobile Phone,1,8.0,Credit Card,Male,4.0,6,Fashion,1,Married,5,0,21.0,2.0,2.0,1.0,233.82999999999998,0,0.01,Low Risk
55371,0,7.0,Phone,1,28.0,Credit Card,Male,4.0,2,Mobile Phone,4,Married,3,0,19.0,1.0,3.0,14.0,145.28,0,0.0,Low Risk
55372,0,11.0,Computer,3,8.0,Credit Card,Male,3.0,6,Laptop & Accessory,1,Married,3,0,15.0,2.0,2.0,3.0,220.25,0,0.01,Low Risk
55373,0,8.0,Mobile Phone,1,26.0,Debit Card,Female,3.0,5,Mobile Phone,1,Married,3,0,13.0,2.0,9.0,8.0,154.29,0,0.01,Low Risk
55374,1,1.0,Phone,3,14.0,Debit Card,Male,4.0,4,Mobile Phone,1,Married,3,1,22.0,2.0,2.0,3.0,147.75,1,0.94,High Risk
55375,0,18.0,Mobile Phone,1,9.0,Debit Card,Female,4.0,2,Fashion,1,Married,3,1,20.0,2.0,7.0,8.0,203.79,0,0.0,Low Risk
55376,0,9.0,Computer,1,9.0,Credit Card,Male,4.0,5,Mobile Phone,1,Single,2,1,15.0,2.0,2.0,5.0,174.3,0,0.0,Low Risk
55377,0,17.0,Mobile Phone,3,9.0,Credit Card,Male,4.0,4,Laptop & Accessory,1,Married,3,1,18.0,4.0,9.0,9.0,203.47,0,0.02,Low Risk
55378,0,1.0,Mobile Phone,1,16.0,Credit Card,Male,4.0,2,Mobile Phone,3,Married,3,0,17.0,1.0,2.0,5.0,169.01,0,0.06,Low Risk
55379,0,15.0,Mobile Phone,3,13.0,E wallet,Male,3.0,4,Fashion,3,Single,3,0,13.0,4.0,9.0,3.0,217.41,0,0.04,Low Risk
55380,0,3.0,Mobile Phone,1,16.0,Credit Card,Female,3.0,4,Mobile Phone,3,Married,11,0,18.0,1.0,2.0,3.0,154.74,0,0.0,Low Risk
55381,0,10.0,Mobile Phone,3,9.0,Debit Card,Female,3.0,4,Laptop & Accessory,1,Single,5,0,16.0,7.0,7.0,8.0,170.02,0,0.04,Low Risk
55382,0,19.0,Computer,1,8.0,Debit Card,Male,4.0,5,Fashion,3,Married,5,0,24.0,5.0,2.0,5.0,232.48000000000002,0,0.0,Low Risk
55383,1,1.0,Phone,2,29.0,UPI,Male,3.0,6,Mobile Phone,3,Married,3,0,12.0,1.0,2.0,1.0,140.55,1,0.97,High Risk
55384,1,11.0,Computer,3,16.0,Debit Card,Male,3.0,6,Grocery,3,Married,9,0,12.0,7.0,2.0,11.0,254.36,1,0.9,High Risk
55385,0,1.0,Phone,1,24.0,Credit Card,Male,4.0,6,Mobile Phone,3,Married,3,0,16.0,2.0,2.0,3.0,148.05,0,0.05,Low Risk
55386,0,19.0,Mobile Phone,1,35.0,Cash on Delivery,Female,3.0,5,Grocery,4,Single,3,0,15.0,7.0,9.0,7.0,292.04,0,0.02,Low Risk
55387,0,6.0,Computer,1,17.0,Debit Card,Male,3.0,4,Mobile Phone,3,Married,8,0,14.0,1.0,2.0,4.0,159.33,0,0.01,Low Risk
55388,0,5.0,Mobile Phone,1,9.0,Debit Card,Male,4.0,4,Mobile Phone,3,Married,3,0,15.0,2.0,2.0,4.0,159.77,0,0.0,Low Risk
55389,0,15.0,Computer,2,11.0,UPI,Male,3.0,6,Laptop & Accessory,4,Married,8,0,20.0,1.0,2.0,3.0,189.3,0,0.02,Low Risk
55390,0,14.0,Mobile Phone,1,15.0,Debit Card,Female,4.0,4,Laptop & Accessory,5,Married,4,1,17.0,2.0,2.0,1.0,190.16,0,0.04,Low Risk
55391,0,1.0,Mobile Phone,1,36.0,Credit Card,Male,4.0,4,Mobile Phone,5,Married,3,0,14.0,2.0,2.0,3.0,164.07,0,0.0,Low Risk
55392,0,20.0,Mobile Phone,1,20.0,Debit Card,Male,3.0,4,Laptop & Accessory,4,Single,8,0,15.0,2.0,2.0,10.0,180.62,0,0.0,Low Risk
55393,0,9.0,Mobile Phone,1,34.0,Debit Card,Male,3.0,4,Laptop & Accessory,3,Married,4,0,17.0,2.0,2.0,8.0,193.83,0,0.0,Low Risk
55394,0,4.0,Mobile Phone,1,23.0,Debit Card,Male,3.0,4,Mobile Phone,1,Married,3,0,13.0,1.0,2.0,9.0,153.62,0,0.0,Low Risk
55395,0,21.0,Computer,3,9.0,E wallet,Male,3.0,4,Laptop & Accessory,4,Married,9,0,12.0,1.0,2.0,1.0,174.78,0,0.04,Low Risk
55396,0,20.0,Mobile Phone,3,9.0,Debit Card,Male,4.0,4,Fashion,1,Married,6,1,13.0,1.0,2.0,3.0,228.68,0,0.0,Low Risk
55397,1,1.0,Mobile Phone,3,20.0,E wallet,Male,4.0,5,Laptop & Accessory,5,Married,7,1,14.0,2.0,3.0,3.0,186.34,1,0.95,High Risk
55398,1,1.0,Mobile Phone,3,8.0,Debit Card,Male,3.0,6,Laptop & Accessory,4,Single,8,0,16.0,1.0,2.0,1.0,192.35,1,0.88,High Risk
55399,0,1.0,Mobile Phone,1,11.0,Credit Card,Female,3.0,4,Mobile Phone,4,Single,3,0,14.0,1.0,2.0,3.0,157.95,0,0.09,Low Risk
55400,0,5.0,Computer,1,31.0,COD,Female,2.0,4,Laptop & Accessory,1,Single,4,0,21.0,1.0,2.0,5.0,177.38,0,0.0,Low Risk
55401,0,13.0,Computer,1,8.0,Debit Card,Male,4.0,4,Laptop & Accessory,1,Married,3,1,16.0,1.0,6.0,9.0,189.72,0,0.0,Low Risk
55402,0,6.0,Mobile Phone,3,26.0,Debit Card,Male,4.0,6,Fashion,3,Married,5,0,14.0,1.0,2.0,3.0,221.1,0,0.04,Low Risk
55403,0,14.0,Mobile Phone,3,14.0,Credit Card,Male,3.0,4,Others,4,Single,3,0,15.0,13.0,13.0,9.0,323.33,0,0.12,Low Risk
55404,0,19.0,Mobile Phone,2,11.0,Debit Card,Female,3.0,6,Fashion,3,Married,6,0,22.0,2.0,2.0,3.0,222.56,0,0.0,Low Risk
55405,0,4.0,Computer,1,9.0,COD,Female,4.0,5,Mobile Phone,5,Single,2,0,17.0,1.0,2.0,8.0,174.68,0,0.0,Low Risk
55406,0,1.0,Computer,2,17.0,Credit Card,Male,3.0,4,Mobile Phone,1,Married,2,0,15.0,1.0,3.0,2.0,146.45,0,0.02,Low Risk
55407,1,1.0,Computer,2,15.0,UPI,Female,4.0,5,Mobile Phone,1,Married,8,0,12.0,2.0,2.0,3.0,146.8,0,0.44,Medium Risk
55408,0,5.0,Mobile Phone,3,12.0,Cash on Delivery,Male,3.0,4,Laptop & Accessory,3,Married,3,0,20.0,2.0,2.0,3.0,208.46,0,0.0,Low Risk
55409,0,1.0,Mobile Phone,1,15.0,Credit Card,Female,4.0,4,Mobile Phone,1,Single,3,0,12.0,1.0,2.0,5.0,159.45,0,0.02,Low Risk
55410,1,1.0,Mobile Phone,3,16.0,E wallet,Female,3.0,6,Mobile Phone,4,Single,3,0,14.0,3.0,3.0,3.0,152.6,1,0.9,High Risk
55411,0,3.0,Computer,1,8.0,Debit Card,Male,4.0,2,Laptop & Accessory,3,Single,10,1,13.0,2.0,2.0,3.0,187.94,0,0.08,Low Risk
55412,0,4.0,Mobile Phone,3,22.0,E wallet,Male,4.0,5,Fashion,5,Married,4,0,12.0,2.0,2.0,8.0,196.4,0,0.0,Low Risk
55413,0,8.0,Mobile Phone,1,9.0,Credit Card,Male,4.0,2,Mobile Phone,1,Married,2,1,15.0,2.0,2.0,3.0,154.32,0,0.04,Low Risk
55414,0,7.0,Computer,3,9.0,E wallet,Female,4.0,4,Laptop & Accessory,4,Single,10,0,16.0,2.0,2.0,8.0,176.47,0,0.01,Low Risk
55415,0,23.0,Mobile Phone,3,18.0,E wallet,Female,4.0,4,Laptop & Accessory,1,Single,5,0,13.0,1.0,2.0,5.0,170.07,0,0.0,Low Risk
55416,1,1.0,Mobile Phone,3,23.0,Debit Card,Female,4.0,4,Fashion,5,Single,4,1,21.0,2.0,2.0,3.0,210.64,1,0.98,High Risk
55417,0,12.0,Computer,1,9.0,Credit Card,Female,4.0,5,Mobile Phone,4,Married,6,0,15.0,1.0,2.0,6.0,149.68,0,0.0,Low Risk
55418,1,1.0,Mobile Phone,3,23.0,E wallet,Male,4.0,4,Fashion,3,Married,4,0,14.0,1.0,2.0,1.0,206.61,1,0.97,High Risk
55419,0,3.0,Phone,1,11.0,COD,Female,4.0,5,Mobile Phone,5,Married,3,0,14.0,1.0,2.0,1.0,146.09,0,0.11,Low Risk
55420,0,4.0,Mobile Phone,1,23.0,Debit Card,Male,3.0,2,Laptop & Accessory,3,Married,5,0,17.0,2.0,2.0,8.0,177.94,0,0.0,Low Risk
55421,0,6.0,Computer,1,12.0,COD,Male,4.0,4,Mobile Phone,4,Single,4,0,15.0,2.0,2.0,8.0,152.18,0,0.01,Low Risk
55422,0,12.0,Mobile Phone,1,25.0,Credit Card,Male,3.0,6,Laptop & Accessory,1,Married,5,1,17.0,1.0,2.0,1.0,183.11,0,0.02,Low Risk
55423,1,7.0,Computer,1,24.0,COD,Male,3.0,5,Mobile Phone,3,Married,11,1,17.0,2.0,2.0,1.0,149.37,1,0.95,High Risk
55424,0,16.0,Mobile Phone,1,19.0,Credit Card,Male,3.0,4,Mobile Phone,4,Married,10,0,23.0,2.0,2.0,5.0,152.66,0,0.0,Low Risk
55425,0,29.0,Mobile Phone,1,9.0,Credit Card,Male,3.0,5,Others,5,Married,10,0,15.0,2.0,2.0,1.0,315.38,0,0.02,Low Risk
55426,0,7.0,Computer,1,11.0,COD,Male,3.0,4,Laptop & Accessory,4,Married,7,0,16.0,1.0,2.0,8.0,155.55,0,0.0,Low Risk
55427,0,15.0,Phone,1,16.0,Debit Card,Male,4.0,4,Mobile Phone,5,Married,3,0,21.0,1.0,2.0,5.0,147.89,0,0.0,Low Risk
55428,0,8.0,Computer,3,17.0,Debit Card,Male,3.0,4,Laptop & Accessory,3,Married,3,1,15.0,2.0,2.0,8.0,165.01,0,0.02,Low Risk
55429,0,27.0,Computer,1,8.0,Credit Card,Female,3.0,5,Grocery,3,Married,6,1,21.0,2.0,2.0,3.0,254.64999999999998,0,0.0,Low Risk
55430,0,17.0,Mobile Phone,2,9.0,Debit Card,Male,4.0,4,Mobile Phone,1,Single,2,0,14.0,2.0,2.0,9.0,160.39,0,0.0,Low Risk
55431,0,8.0,Mobile Phone,3,10.0,Debit Card,Female,3.0,6,Laptop & Accessory,1,Single,7,0,13.0,3.0,3.0,3.0,185.29,0,0.22,Low Risk
55432,1,1.0,Mobile Phone,3,14.0,E wallet,Male,3.0,4,Mobile Phone,4,Single,3,0,14.0,1.0,2.0,1.0,151.79,1,0.96,High Risk
55433,0,12.0,Mobile Phone,1,13.0,UPI,Female,3.0,5,Mobile Phone,3,Married,3,0,12.0,2.0,2.0,5.0,162.02,0,0.0,Low Risk
55434,1,1.0,Phone,1,15.0,Credit Card,Female,4.0,4,Mobile Phone,5,Married,3,1,18.0,1.0,2.0,1.0,148.98,1,0.96,High Risk
55435,0,5.0,Mobile Phone,3,36.0,E wallet,Female,4.0,5,Laptop & Accessory,1,Married,3,0,15.0,1.0,6.0,8.0,179.68,0,0.01,Low Risk
55436,0,25.0,Mobile Phone,1,10.0,Cash on Delivery,Female,3.0,4,Fashion,3,Married,4,0,12.0,3.0,2.0,3.0,256.16,0,0.01,Low Risk
55437,0,11.0,Mobile Phone,3,16.0,E wallet,Male,3.0,5,Laptop & Accessory,4,Married,3,0,15.0,2.0,2.0,4.0,166.89,0,0.0,Low Risk
55438,0,20.0,Mobile Phone,1,9.0,Credit Card,Male,3.0,4,Others,1,Married,9,1,15.0,3.0,3.0,3.0,318.28,0,0.06,Low Risk
55439,0,10.0,Mobile Phone,1,17.0,Debit Card,Male,3.0,4,Fashion,5,Married,9,1,14.0,3.0,6.0,8.0,208.21,0,0.13,Low Risk
55440,1,8.0,Computer,1,8.0,Credit Card,Male,4.0,4,Mobile Phone,4,Married,3,1,13.0,3.0,3.0,4.0,148.42,1,0.87,High Risk
55441,0,11.0,Mobile Phone,2,15.0,UPI,Male,3.0,4,Laptop & Accessory,4,Married,4,0,14.0,4.0,5.0,8.0,165.71,0,0.0,Low Risk
55442,1,1.0,Mobile Phone,3,34.0,Debit Card,Male,3.0,4,Laptop & Accessory,1,Single,3,1,19.0,4.0,8.0,8.0,183.13,1,0.98,High Risk
55443,0,7.0,Mobile Phone,1,15.0,Debit Card,Male,3.0,2,Mobile Phone,5,Married,8,0,20.0,4.0,8.0,7.0,156.43,0,0.03,Low Risk
55444,0,2.0,Phone,1,8.0,Debit Card,Male,3.0,4,Mobile Phone,1,Married,3,0,12.0,1.0,2.0,4.0,145.44,0,0.01,Low Risk
55445,0,13.0,Mobile Phone,1,17.0,Credit Card,Male,4.0,4,Fashion,3,Single,9,0,22.0,3.0,2.0,3.0,259.64,0,0.01,Low Risk
55446,0,20.0,Computer,3,33.0,Debit Card,Male,4.0,5,Laptop & Accessory,4,Single,10,0,16.0,2.0,3.0,3.0,204.91,0,0.0,Low Risk
55447,0,14.0,Mobile Phone,1,9.0,Debit Card,Female,4.0,4,Mobile Phone,5,Married,6,0,18.0,2.0,2.0,3.0,158.77,0,0.02,Low Risk
55448,0,16.0,Mobile Phone,1,20.0,Credit Card,Male,4.0,2,Laptop & Accessory,5,Married,7,0,19.0,2.0,2.0,1.0,180.38,0,0.0,Low Risk
55449,0,9.0,Computer,1,9.0,Credit Card,Male,3.0,4,Laptop & Accessory,1,Married,4,0,15.0,2.0,2.0,8.0,182.62,0,0.0,Low Risk
55450,0,12.0,Computer,2,9.0,UPI,Male,4.0,4,Mobile Phone,4,Married,7,0,14.0,3.0,4.0,9.0,150.92,0,0.04,Low Risk
55451,1,1.0,Computer,1,16.0,Debit Card,Male,4.0,4,Laptop & Accessory,5,Married,6,0,18.0,1.0,2.0,8.0,178.46,1,0.9,High Risk
55452,1,1.0,Mobile Phone,1,17.0,Credit Card,Male,3.0,4,Laptop & Accessory,5,Single,3,0,16.0,1.0,2.0,9.0,167.13,1,0.95,High Risk
55453,0,13.0,Computer,3,27.0,Debit Card,Male,3.0,4,Laptop & Accessory,1,Married,4,0,19.0,2.0,3.0,3.0,166.27,0,0.0,Low Risk
55454,0,17.0,Computer,1,16.0,Debit Card,Male,3.0,4,Mobile Phone,3,Single,6,0,14.0,2.0,2.0,3.0,149.38,0,0.0,Low Risk
55455,0,15.0,Mobile Phone,1,12.0,Debit Card,Male,3.0,2,Laptop & Accessory,4,Single,5,0,13.0,1.0,2.0,3.0,193.7,0,0.0,Low Risk
55456,0,15.0,Mobile Phone,3,11.0,E wallet,Female,3.0,4,Fashion,3,Married,2,1,14.0,6.0,14.0,3.0,229.47,0,0.03,Low Risk
55457,0,4.0,Mobile Phone,1,17.0,Credit Card,Female,4.0,4,Fashion,3,Single,11,0,15.0,1.0,2.0,3.0,221.67,0,0.01,Low Risk
55458,1,1.0,Phone,2,27.0,Credit Card,Female,4.0,4,Mobile Phone,4,Married,2,1,12.0,1.0,2.0,5.0,146.48,1,0.95,High Risk
55459,1,10.0,Mobile Phone,1,28.0,Credit Card,Female,4.0,4,Laptop & Accessory,4,Married,6,0,23.0,4.0,4.0,3.0,214.26,1,0.9,High Risk
55460,0,14.0,Mobile Phone,1,8.0,Debit Card,Female,3.0,4,Laptop & Accessory,1,Married,6,0,18.0,1.0,2.0,4.0,190.13,0,0.01,Low Risk
55461,0,8.0,Mobile Phone,3,15.0,Cash on Delivery,Male,4.0,2,Laptop & Accessory,3,Married,3,0,22.0,3.0,5.0,9.0,192.99,0,0.0,Low Risk
55462,0,31.0,Computer,3,9.0,Credit Card,Male,3.0,4,Grocery,4,Married,6,0,23.0,1.0,15.0,15.0,287.91,0,0.05,Low Risk
55463,0,9.0,Mobile Phone,1,30.0,Credit Card,Male,4.0,6,Mobile Phone,3,Married,2,0,17.0,1.0,2.0,4.0,152.05,0,0.04,Low Risk
55464,0,21.0,Mobile Phone,1,11.0,Debit Card,Female,4.0,5,Fashion,4,Married,10,1,13.0,6.0,15.0,3.0,228.33,0,0.06,Low Risk
55465,0,14.0,Mobile Phone,1,19.0,Debit Card,Female,3.0,4,Laptop & Accessory,5,Married,4,0,13.0,2.0,8.0,8.0,169.48,0,0.0,Low Risk
55466,0,28.0,Mobile Phone,1,14.0,Credit Card,Female,4.0,4,Laptop & Accessory,1,Married,6,0,16.0,2.0,2.0,8.0,193.54,0,0.01,Low Risk
55467,0,5.0,Computer,3,14.0,E wallet,Female,4.0,4,Fashion,5,Married,4,0,15.0,3.0,3.0,3.0,221.37,0,0.01,Low Risk
55468,0,2.0,Mobile Phone,1,8.0,Credit Card,Female,4.0,4,Mobile Phone,5,Married,3,0,26.0,2.0,2.0,3.0,160.91,0,0.01,Low Risk
55469,0,12.0,Mobile Phone,3,9.0,E wallet,Female,4.0,6,Laptop & Accessory,1,Married,4,1,21.0,1.0,2.0,4.0,179.05,0,0.0,Low Risk
55470,0,1.0,Mobile Phone,3,17.0,Credit Card,Male,3.0,4,Laptop & Accessory,1,Single,3,0,14.0,2.0,2.0,3.0,171.84,0,0.02,Low Risk
55471,0,31.0,Computer,1,22.0,Debit Card,Male,3.0,4,Grocery,3,Married,4,1,15.0,1.0,3.0,3.0,282.87,0,0.0,Low Risk
55472,0,1.0,Computer,1,21.0,Credit Card,Female,3.0,4,Mobile Phone,3,Single,3,0,17.0,2.0,2.0,1.0,140.14,0,0.09,Low Risk
55473,1,1.0,Mobile Phone,2,25.0,UPI,Male,3.0,2,Mobile Phone,5,Married,2,0,18.0,2.0,2.0,1.0,154.56,1,0.84,High Risk
55474,1,1.0,Phone,2,20.0,UPI,Male,3.0,5,Mobile Phone,5,Married,6,1,16.0,3.0,3.0,1.0,148.35,1,0.99,High Risk
55475,0,19.0,Computer,3,9.0,Debit Card,Female,4.0,4,Laptop & Accessory,3,Married,6,0,23.0,4.0,6.0,8.0,176.54,0,0.0,Low Risk
55476,0,10.0,Mobile Phone,1,9.0,UPI,Female,4.0,4,Laptop & Accessory,4,Married,6,1,23.0,2.0,2.0,1.0,194.62,0,0.04,Low Risk
55477,0,17.0,Computer,3,9.0,Debit Card,Male,4.0,4,Laptop & Accessory,1,Married,3,0,21.0,8.0,8.0,8.0,181.75,0,0.0,Low Risk
55478,0,1.0,Computer,1,12.0,Debit Card,Female,3.0,4,Mobile Phone,1,Single,2,1,15.0,2.0,2.0,3.0,148.79,0,0.09,Low Risk
55479,0,3.0,Computer,1,27.0,Credit Card,Male,3.0,4,Mobile Phone,1,Married,3,0,14.0,2.0,4.0,11.0,163.12,0,0.0,Low Risk
55480,0,6.0,Computer,3,17.0,E wallet,Male,4.0,4,Laptop & Accessory,1,Single,10,0,14.0,1.0,2.0,1.0,171.48,0,0.01,Low Risk
55481,0,16.0,Computer,1,17.0,COD,Male,3.0,4,Mobile Phone,3,Married,5,0,23.0,4.0,4.0,4.0,154.36,0,0.02,Low Risk
55482,0,21.0,Phone,1,16.0,Debit Card,Female,4.0,4,Mobile Phone,3,Single,6,0,13.0,1.0,3.0,1.0,146.05,0,0.02,Low Risk
55483,0,20.0,Mobile Phone,1,9.0,Debit Card,Male,3.0,4,Fashion,1,Married,5,0,15.0,1.0,5.0,3.0,210.78,0,0.01,Low Risk
55484,0,2.0,Computer,2,8.0,Debit Card,Male,3.0,4,Mobile Phone,1,Married,3,0,16.0,2.0,3.0,3.0,152.06,0,0.0,Low Risk
55485,0,3.0,Mobile Phone,1,36.0,Debit Card,Male,4.0,6,Laptop & Accessory,3,Married,10,0,18.0,1.0,2.0,7.0,188.84,0,0.08,Low Risk
55486,0,16.0,Mobile Phone,1,15.0,Debit Card,Male,3.0,4,Mobile Phone,3,Single,6,0,14.0,2.0,2.0,1.0,164.68,0,0.01,Low Risk
55487,1,1.0,Mobile Phone,3,9.0,E wallet,Male,3.0,5,Laptop & Accessory,4,Single,9,1,13.0,2.0,3.0,3.0,224.07,1,0.98,High Risk
55488,0,20.0,Mobile Phone,3,10.0,Cash on Delivery,Female,3.0,2,Grocery,5,Married,4,0,13.0,3.0,2.0,9.0,257.25,0,0.01,Low Risk
55489,0,1.0,Mobile Phone,3,30.0,Credit Card,Female,3.0,5,Laptop & Accessory,3,Married,3,0,22.0,4.0,6.0,9.0,160.4,0,0.06,Low Risk
55490,0,3.0,Mobile Phone,2,13.0,Credit Card,Male,3.0,5,Mobile Phone,4,Married,3,0,12.0,2.0,2.0,1.0,153.04,0,0.01,Low Risk
55491,0,17.0,Mobile Phone,1,13.0,Credit Card,Female,3.0,5,Others,3,Married,9,0,15.0,7.0,7.0,15.0,318.92,0,0.11,Low Risk
55492,0,22.0,Mobile Phone,1,17.0,Debit Card,Male,4.0,5,Others,4,Married,6,0,15.0,4.0,13.0,10.0,321.65,0,0.01,Low Risk
55493,1,1.0,Computer,1,31.0,Debit Card,Male,4.0,5,Mobile Phone,1,Single,3,1,25.0,2.0,2.0,1.0,149.39,1,0.98,High Risk
55494,1,10.0,Mobile Phone,3,17.0,Debit Card,Female,4.0,4,Fashion,4,Married,7,0,22.0,2.0,2.0,8.0,198.14,1,0.84,High Risk
55495,0,1.0,Computer,1,22.0,Debit Card,Female,4.0,5,Mobile Phone,5,Married,2,0,20.0,1.0,8.0,4.0,172.74,0,0.07,Low Risk
55496,0,13.0,Mobile Phone,1,26.0,UPI,Male,3.0,4,Laptop & Accessory,1,Married,10,0,15.0,1.0,3.0,3.0,164.02,0,0.01,Low Risk
55497,0,29.0,Mobile Phone,1,9.0,COD,Male,4.0,5,Mobile Phone,1,Married,10,0,21.0,2.0,2.0,5.0,151.62,0,0.01,Low Risk
55498,0,2.0,Mobile Phone,3,10.0,Credit Card,Female,4.0,4,Mobile Phone,4,Married,3,0,20.0,2.0,2.0,1.0,153.56,0,0.0,Low Risk
55499,1,1.0,Phone,3,16.0,Credit Card,Male,3.0,4,Mobile Phone,1,Single,3,0,14.0,1.0,2.0,1.0,135.81,1,0.76,High Risk
55500,1,1.0,Mobile Phone,1,14.0,Debit Card,Male,4.0,4,Mobile Phone,4,Single,3,1,24.0,2.0,2.0,1.0,149.72,1,1.0,High Risk
55501,0,10.0,Mobile Phone,3,17.0,COD,Female,4.0,5,Laptop & Accessory,3,Married,3,1,14.0,1.0,2.0,8.0,181.73,0,0.03,Low Risk
55502,0,5.0,Mobile Phone,1,27.0,Debit Card,Male,3.0,4,Laptop & Accessory,3,Married,3,0,12.0,1.0,2.0,3.0,166.97,0,0.0,Low Risk
55503,0,8.0,Mobile Phone,3,11.0,Debit Card,Male,4.0,4,Fashion,1,Married,4,1,14.0,1.0,2.0,3.0,222.13,0,0.0,Low Risk
55504,0,3.0,Phone,1,14.0,Debit Card,Male,3.0,4,Mobile Phone,5,Single,5,0,15.0,1.0,2.0,3.0,145.62,0,0.04,Low Risk
55505,0,11.0,Mobile Phone,1,14.0,Credit Card,Male,4.0,4,Laptop & Accessory,5,Married,7,1,23.0,1.0,2.0,5.0,167.84,0,0.0,Low Risk
55506,0,9.0,Mobile Phone,1,23.0,UPI,Female,3.0,5,Laptop & Accessory,4,Married,2,1,12.0,1.0,2.0,3.0,172.88,0,0.02,Low Risk
55507,0,19.0,Mobile Phone,1,32.0,Debit Card,Female,4.0,5,Laptop & Accessory,1,Married,2,0,14.0,1.0,4.0,9.0,184.06,0,0.01,Low Risk
55508,0,10.0,Computer,2,9.0,UPI,Male,4.0,5,Laptop & Accessory,1,Single,3,0,22.0,2.0,2.0,9.0,163.86,0,0.0,Low Risk
55509,0,14.0,Mobile Phone,1,8.0,Debit Card,Male,4.0,4,Grocery,5,Married,4,0,15.0,3.0,12.0,17.0,293.23,0,0.01,Low Risk
55510,0,1.0,Mobile Phone,1,8.0,Debit Card,Female,3.0,5,Mobile Phone,3,Married,3,1,14.0,1.0,2.0,1.0,154.33,0,0.23,Low Risk
55511,0,1.0,Mobile Phone,3,9.0,Credit Card,Female,3.0,2,Laptop & Accessory,3,Single,2,0,15.0,1.0,2.0,8.0,190.0,0,0.09,Low Risk
55512,0,22.0,Computer,1,29.0,Credit Card,Female,3.0,4,Grocery,1,Married,5,0,15.0,2.0,5.0,8.0,296.74,0,0.0,Low Risk
55513,0,18.0,Mobile Phone,1,8.0,Debit Card,Male,4.0,2,Laptop & Accessory,5,Married,4,0,16.0,2.0,3.0,3.0,175.33,0,0.0,Low Risk
55514,1,1.0,Computer,1,23.0,COD,Male,3.0,6,Mobile Phone,5,Married,3,1,24.0,1.0,4.0,1.0,148.07,1,0.94,High Risk
55515,1,20.0,Mobile Phone,1,31.0,Debit Card,Male,4.0,4,Mobile Phone,1,Single,3,0,17.0,1.0,2.0,1.0,150.87,1,0.89,High Risk
55516,0,10.0,Mobile Phone,3,24.0,E wallet,Male,3.0,5,Laptop & Accessory,4,Married,4,0,17.0,2.0,2.0,4.0,180.07,0,0.0,Low Risk
55517,0,15.0,Mobile Phone,3,15.0,E wallet,Female,3.0,4,Laptop & Accessory,4,Married,7,0,22.0,1.0,2.0,5.0,168.93,0,0.0,Low Risk
55518,0,16.0,Mobile Phone,1,13.0,Credit Card,Male,3.0,4,Fashion,5,Married,11,0,14.0,6.0,2.0,8.0,258.48,0,0.03,Low Risk
55519,0,5.0,Mobile Phone,3,17.0,Credit Card,Female,3.0,4,Laptop & Accessory,1,Married,4,1,12.0,2.0,2.0,5.0,190.83,0,0.02,Low Risk
55520,0,8.0,Mobile Phone,3,10.0,Credit Card,Female,4.0,5,Laptop & Accessory,1,Married,5,1,13.0,1.0,2.0,2.0,206.03,0,0.0,Low Risk
55521,0,5.0,Mobile Phone,1,11.0,Credit Card,Female,4.0,2,Mobile Phone,3,Married,10,0,13.0,2.0,3.0,3.0,164.78,0,0.0,Low Risk
55522,0,1.0,Computer,1,13.0,UPI,Male,4.0,2,Mobile Phone,1,Married,2,0,19.0,3.0,8.0,8.0,150.44,0,0.0,Low Risk
55523,0,19.0,Computer,1,8.0,Credit Card,Male,3.0,4,Laptop & Accessory,3,Single,6,0,13.0,1.0,2.0,4.0,178.99,0,0.01,Low Risk
55524,0,7.0,Mobile Phone,3,17.0,E wallet,Male,3.0,4,Laptop & Accessory,3,Single,3,0,15.0,1.0,2.0,10.0,179.87,0,0.0,Low Risk
55525,0,2.0,Computer,3,8.0,Debit Card,Male,3.0,5,Laptop & Accessory,1,Married,3,1,13.0,2.0,2.0,8.0,193.34,0,0.0,Low Risk
55526,1,1.0,Computer,3,31.0,COD,Male,3.0,2,Mobile Phone,5,Single,3,0,18.0,1.0,2.0,1.0,135.91,1,0.91,High Risk
55527,0,13.0,Computer,3,28.0,Debit Card,Female,3.0,6,Laptop & Accessory,3,Married,8,0,20.0,1.0,2.0,3.0,182.36,0,0.02,Low Risk
55528,0,1.0,Phone,1,9.0,COD,Male,3.0,4,Mobile Phone,4,Married,3,0,12.0,1.0,2.0,3.0,147.26,0,0.03,Low Risk
55529,0,8.0,Computer,1,29.0,UPI,Male,3.0,5,Laptop & Accessory,1,Married,3,1,16.0,4.0,7.0,12.0,182.47,0,0.0,Low Risk
55530,1,1.0,Mobile Phone,3,20.0,E wallet,Female,3.0,4,Laptop & Accessory,3,Single,5,1,12.0,1.0,3.0,3.0,223.54,1,0.96,High Risk
55531,0,21.0,Computer,1,21.0,COD,Male,4.0,4,Laptop & Accessory,4,Married,10,0,19.0,1.0,2.0,8.0,179.67,0,0.0,Low Risk
55532,0,30.0,Mobile Phone,3,18.0,E wallet,Female,3.0,5,Laptop & Accessory,5,Married,6,0,17.0,1.0,2.0,1.0,178.8,0,0.02,Low Risk
55533,0,13.0,Mobile Phone,1,16.0,Credit Card,Male,3.0,4,Laptop & Accessory,5,Married,3,0,26.0,1.0,8.0,10.0,176.51,0,0.0,Low Risk
55534,0,12.0,Computer,1,15.0,Credit Card,Female,3.0,5,Laptop & Accessory,4,Married,3,1,17.0,2.0,2.0,8.0,146.33,0,0.0,Low Risk
55535,0,61.0,Mobile Phone,3,28.0,Debit Card,Female,4.0,4,Grocery,1,Married,6,1,15.0,1.0,2.0,1.0,303.75,0,0.02,Low Risk
55536,1,1.0,Computer,1,12.0,Debit Card,Female,3.0,2,Mobile Phone,3,Single,5,1,15.0,1.0,2.0,4.0,149.32,1,0.95,High Risk
55537,0,12.0,Mobile Phone,1,16.0,Debit Card,Male,4.0,4,Mobile Phone,1,Married,4,0,20.0,1.0,2.0,4.0,172.71,0,0.0,Low Risk
55538,0,23.0,Computer,1,9.0,Debit Card,Male,3.0,4,Others,1,Married,5,0,15.0,5.0,5.0,4.0,316.61,0,0.01,Low Risk
55539,0,16.0,Mobile Phone,3,19.0,E wallet,Male,4.0,4,Laptop & Accessory,1,Married,5,1,13.0,2.0,2.0,1.0,175.87,0,0.01,Low Risk
55540,1,1.0,Computer,2,29.0,UPI,Female,3.0,5,Mobile Phone,4,Married,3,0,13.0,2.0,2.0,1.0,153.63,1,0.89,High Risk
55541,0,9.0,Mobile Phone,3,25.0,Credit Card,Male,4.0,4,Laptop & Accessory,5,Married,2,0,17.0,2.0,2.0,5.0,180.61,0,0.02,Low Risk
55542,0,2.0,Computer,1,23.0,Credit Card,Male,3.0,4,Mobile Phone,3,Single,3,0,15.0,1.0,2.0,5.0,146.44,0,0.02,Low Risk
55543,0,5.0,Computer,1,10.0,Credit Card,Male,3.0,4,Mobile Phone,5,Married,3,1,14.0,3.0,3.0,4.0,155.65,0,0.1,Low Risk
55544,0,10.0,Computer,1,16.0,Debit Card,Male,4.0,2,Mobile Phone,4,Married,3,0,23.0,2.0,2.0,3.0,153.1,0,0.0,Low Risk
55545,0,8.0,Mobile Phone,3,8.0,E wallet,Male,3.0,4,Fashion,1,Single,3,0,22.0,3.0,3.0,3.0,223.88,0,0.02,Low Risk
55546,0,8.0,Mobile Phone,3,20.0,Credit Card,Male,3.0,4,Fashion,3,Married,3,0,19.0,1.0,2.0,3.0,211.28,0,0.0,Low Risk
55547,0,1.0,Mobile Phone,1,8.0,Credit Card,Male,4.0,4,Mobile Phone,5,Single,2,0,14.0,8.0,8.0,7.0,153.67,0,0.17,Low Risk
55548,0,3.0,Mobile Phone,1,8.0,Debit Card,Male,3.0,4,Laptop & Accessory,5,Married,2,0,13.0,1.0,2.0,3.0,178.73,0,0.0,Low Risk
55549,0,6.0,Computer,1,22.0,Credit Card,Female,3.0,4,Laptop & Accessory,1,Married,7,0,19.0,1.0,2.0,3.0,191.67,0,0.0,Low Risk
55550,0,5.0,Computer,1,8.0,Debit Card,Male,3.0,6,Laptop & Accessory,5,Married,3,0,22.0,7.0,9.0,8.0,175.03,0,0.03,Low Risk
55551,1,1.0,Phone,1,24.0,COD,Male,3.0,5,Mobile Phone,1,Married,7,0,13.0,2.0,2.0,4.0,148.67,1,0.87,High Risk
55552,0,12.0,Mobile Phone,3,8.0,Debit Card,Male,3.0,5,Mobile Phone,5,Single,6,0,15.0,2.0,2.0,1.0,153.58,0,0.01,Low Risk
55553,0,9.0,Mobile Phone,3,14.0,Debit Card,Female,3.0,4,Laptop & Accessory,1,Married,3,1,12.0,2.0,2.0,10.0,177.04,0,0.0,Low Risk
55554,0,1.0,Mobile Phone,3,16.0,E wallet,Male,3.0,4,Laptop & Accessory,1,Single,3,0,15.0,2.0,2.0,8.0,166.05,0,0.02,Low Risk
55555,0,6.0,Mobile Phone,1,12.0,Debit Card,Male,3.0,5,Laptop & Accessory,1,Single,10,0,25.0,2.0,2.0,3.0,221.79,0,0.02,Low Risk
55556,1,1.0,Computer,3,33.0,E wallet,Male,4.0,4,Laptop & Accessory,1,Married,3,1,12.0,1.0,2.0,9.0,181.17,1,0.96,High Risk
55557,1,17.0,Mobile Phone,3,31.0,Debit Card,Male,4.0,4,Fashion,5,Single,8,1,14.0,1.0,3.0,3.0,229.48,1,0.92,High Risk
55558,0,28.0,Mobile Phone,1,16.0,Debit Card,Female,4.0,4,Laptop & Accessory,3,Married,5,0,12.0,2.0,3.0,4.0,153.97,0,0.0,Low Risk
55559,0,7.0,Computer,1,14.0,Debit Card,Male,3.0,4,Laptop & Accessory,3,Married,3,0,21.0,1.0,3.0,9.0,184.68,0,0.0,Low Risk
55560,0,17.0,Mobile Phone,1,18.0,Debit Card,Male,2.0,4,Fashion,3,Married,3,0,18.0,2.0,2.0,10.0,200.1,0,0.0,Low Risk
55561,0,12.0,Computer,2,8.0,UPI,Male,3.0,4,Mobile Phone,4,Married,2,1,12.0,1.0,2.0,3.0,154.91,0,0.02,Low Risk
55562,0,29.0,Mobile Phone,2,33.0,UPI,Male,4.0,2,Others,4,Married,6,1,15.0,2.0,2.0,5.0,321.36,0,0.02,Low Risk
55563,0,5.0,Phone,1,9.0,Credit Card,Female,3.0,6,Mobile Phone,1,Married,3,1,12.0,1.0,2.0,1.0,136.29,0,0.32,Low Risk
55564,0,13.0,Mobile Phone,3,22.0,E wallet,Male,4.0,4,Grocery,5,Single,2,0,13.0,5.0,2.0,11.0,258.41,0,0.01,Low Risk
55565,0,16.0,Computer,1,30.0,Debit Card,Male,3.0,5,Laptop & Accessory,3,Single,3,0,13.0,4.0,4.0,8.0,168.32,0,0.0,Low Risk
55566,0,5.0,Computer,1,17.0,Credit Card,Female,3.0,4,Fashion,3,Married,6,0,21.0,4.0,2.0,9.0,235.31,0,0.02,Low Risk
55567,0,28.0,Mobile Phone,1,17.0,Credit Card,Female,4.0,4,Laptop & Accessory,5,Single,8,1,20.0,1.0,2.0,5.0,169.4,0,0.0,Low Risk
55568,0,1.0,Mobile Phone,1,8.0,Debit Card,Male,3.0,5,Laptop & Accessory,3,Single,3,0,13.0,2.0,2.0,3.0,171.17,0,0.07,Low Risk
55569,0,1.0,Mobile Phone,1,19.0,UPI,Male,4.0,4,Mobile Phone,1,Single,3,0,14.0,2.0,2.0,5.0,151.47,0,0.02,Low Risk
55570,0,14.0,Computer,1,18.0,COD,Female,4.0,4,Laptop & Accessory,3,Married,3,0,12.0,8.0,10.0,5.0,188.23,0,0.03,Low Risk
55571,0,14.0,Mobile Phone,3,9.0,E wallet,Female,4.0,4,Laptop & Accessory,4,Married,5,0,15.0,2.0,6.0,11.0,181.77,0,0.02,Low Risk
55572,0,1.0,Phone,2,9.0,UPI,Female,3.0,4,Mobile Phone,4,Married,6,0,15.0,1.0,2.0,3.0,146.87,0,0.1,Low Risk
55573,0,4.0,Mobile Phone,1,8.0,Credit Card,Male,4.0,4,Mobile Phone,4,Married,3,0,14.0,2.0,2.0,8.0,162.48,0,0.0,Low Risk
55574,0,1.0,Mobile Phone,1,9.0,UPI,Male,3.0,4,Mobile Phone,3,Married,8,1,20.0,1.0,2.0,3.0,164.77,0,0.31,Low Risk
55575,0,21.0,Mobile Phone,1,32.0,Credit Card,Male,3.0,4,Fashion,3,Single,4,0,24.0,10.0,13.0,3.0,211.33,0,0.13,Low Risk
55576,0,7.0,Computer,1,8.0,Credit Card,Male,3.0,5,Mobile Phone,3,Married,3,0,13.0,1.0,2.0,1.0,145.08,0,0.03,Low Risk
55577,0,12.0,Mobile Phone,3,8.0,Debit Card,Male,3.0,4,Laptop & Accessory,4,Married,2,0,16.0,2.0,6.0,9.0,169.4,0,0.0,Low Risk
55578,0,5.0,Mobile Phone,3,9.0,Debit Card,Male,3.0,4,Mobile Phone,3,Married,2,0,20.0,1.0,2.0,3.0,155.67,0,0.0,Low Risk
55579,0,12.0,Computer,1,13.0,Debit Card,Male,4.0,5,Laptop & Accessory,3,Married,4,0,12.0,3.0,8.0,8.0,178.21,0,0.0,Low Risk
55580,0,16.0,Mobile Phone,1,25.0,Debit Card,Male,3.0,4,Laptop & Accessory,5,Married,8,1,18.0,2.0,2.0,3.0,179.1,0,0.01,Low Risk
55581,0,15.0,Mobile Phone,1,8.0,Debit Card,Male,4.0,4,Mobile Phone,1,Married,5,0,23.0,1.0,2.0,1.0,152.82,0,0.01,Low Risk
55582,0,21.0,Computer,1,8.0,Credit Card,Female,4.0,4,Fashion,4,Married,2,0,19.0,1.0,2.0,13.0,244.57,0,0.0,Low Risk
55583,0,9.0,Mobile Phone,1,18.0,Credit Card,Male,3.0,4,Mobile Phone,3,Married,9,1,12.0,3.0,3.0,3.0,151.6,0,0.15,Low Risk
55584,0,1.0,Mobile Phone,1,8.0,Debit Card,Male,4.0,4,Mobile Phone,3,Single,2,0,13.0,2.0,2.0,3.0,158.75,0,0.0,Low Risk
55585,0,9.0,Mobile Phone,1,16.0,Credit Card,Male,3.0,4,Laptop & Accessory,3,Single,3,0,20.0,1.0,2.0,9.0,175.98,0,0.0,Low Risk
55586,0,7.0,Mobile Phone,1,22.0,Credit Card,Female,4.0,4,Laptop & Accessory,1,Married,2,1,14.0,7.0,9.0,2.0,173.78,0,0.01,Low Risk
55587,0,6.0,Mobile Phone,1,36.0,Debit Card,Female,3.0,5,Mobile Phone,4,Single,3,0,14.0,1.0,5.0,2.0,153.37,0,0.01,Low Risk
55588,0,14.0,Phone,1,8.0,Debit Card,Male,3.0,4,Mobile Phone,1,Married,10,0,20.0,2.0,2.0,1.0,149.06,0,0.01,Low Risk
55589,0,6.0,Phone,3,8.0,Credit Card,Male,4.0,5,Mobile Phone,4,Married,2,0,15.0,3.0,3.0,3.0,147.69,0,0.01,Low Risk
55590,0,13.0,Mobile Phone,1,31.0,Debit Card,Male,3.0,4,Laptop & Accessory,1,Single,9,0,14.0,1.0,2.0,8.0,166.08,0,0.0,Low Risk
55591,0,12.0,Mobile Phone,1,17.0,Credit Card,Female,4.0,6,Fashion,3,Married,5,0,13.0,1.0,2.0,12.0,257.06,0,0.0,Low Risk
55592,0,6.0,Mobile Phone,3,8.0,E wallet,Female,3.0,4,Fashion,1,Married,3,0,20.0,1.0,6.0,3.0,229.22,0,0.05,Low Risk
55593,0,11.0,Mobile Phone,1,17.0,Debit Card,Female,3.0,2,Fashion,1,Married,3,1,26.0,1.0,7.0,9.0,262.44,0,0.0,Low Risk
55594,0,1.0,Mobile Phone,3,15.0,UPI,Female,3.0,4,Laptop & Accessory,3,Married,2,1,23.0,1.0,2.0,5.0,174.07,0,0.03,Low Risk
55595,0,26.0,Computer,3,36.0,Debit Card,Male,3.0,4,Mobile Phone,1,Married,4,0,16.0,2.0,2.0,1.0,159.82,0,0.01,Low Risk
55596,0,18.0,Phone,1,8.0,Credit Card,Male,3.0,4,Mobile Phone,1,Single,8,1,13.0,2.0,2.0,3.0,149.36,0,0.06,Low Risk
55597,0,1.0,Phone,3,12.0,Credit Card,Male,3.0,4,Mobile Phone,5,Single,3,1,12.0,2.0,2.0,3.0,148.8,0,0.28,Low Risk
55598,0,13.0,Computer,1,16.0,Debit Card,Male,3.0,4,Others,1,Single,4,0,15.0,2.0,2.0,4.0,319.31,0,0.0,Low Risk
55599,1,1.0,Computer,3,16.0,E wallet,Male,3.0,4,Mobile Phone,5,Married,3,0,20.0,2.0,2.0,1.0,142.9,1,0.97,High Risk
55600,0,10.0,Mobile Phone,3,10.0,Credit Card,Female,4.0,5,Fashion,1,Married,2,0,20.0,1.0,4.0,5.0,201.44,0,0.06,Low Risk
55601,0,10.0,Computer,1,11.0,Debit Card,Female,4.0,4,Laptop & Accessory,4,Married,9,0,14.0,1.0,2.0,3.0,176.31,0,0.0,Low Risk
55602,0,30.0,Computer,1,8.0,Debit Card,Male,3.0,4,Laptop & Accessory,3,Married,3,0,22.0,1.0,2.0,10.0,188.06,0,0.0,Low Risk
55603,1,1.0,Mobile Phone,1,8.0,Credit Card,Male,3.0,4,Mobile Phone,1,Married,11,1,15.0,3.0,3.0,3.0,172.87,1,0.95,High Risk
55604,0,16.0,Mobile Phone,1,9.0,Debit Card,Male,3.0,4,Others,3,Married,7,0,15.0,1.0,5.0,15.0,313.8,0,0.01,Low Risk
55605,1,20.0,Phone,1,14.0,COD,Male,4.0,4,Mobile Phone,3,Married,10,0,12.0,7.0,10.0,9.0,148.39,1,0.93,High Risk
55606,0,15.0,Mobile Phone,1,35.0,Debit Card,Female,3.0,5,Grocery,4,Married,2,0,24.0,2.0,2.0,11.0,260.7,0,0.0,Low Risk
55607,0,8.0,Mobile Phone,3,35.0,E wallet,Female,4.0,5,Laptop & Accessory,3,Married,3,0,22.0,2.0,2.0,8.0,192.12,0,0.01,Low Risk
55608,0,10.0,Computer,3,22.0,E wallet,Male,3.0,6,Laptop & Accessory,1,Married,3,0,25.0,6.0,12.0,12.0,179.06,0,0.0,Low Risk
55609,0,15.0,Mobile Phone,3,10.0,Debit Card,Male,3.0,5,Laptop & Accessory,4,Married,4,0,12.0,2.0,2.0,3.0,214.38,0,0.0,Low Risk
55610,0,6.0,Phone,1,9.0,COD,Male,4.0,4,Mobile Phone,5,Single,3,0,15.0,1.0,2.0,3.0,149.39,0,0.0,Low Risk
55611,0,9.0,Mobile Phone,2,33.0,Debit Card,Female,3.0,4,Fashion,1,Single,3,1,17.0,2.0,2.0,3.0,213.37,0,0.0,Low Risk
55612,0,12.0,Mobile Phone,3,17.0,Debit Card,Female,4.0,4,Laptop & Accessory,1,Married,3,0,12.0,1.0,2.0,10.0,178.43,0,0.0,Low Risk
55613,1,14.0,Computer,3,8.0,Debit Card,Male,4.0,4,Laptop & Accessory,3,Married,9,0,13.0,2.0,2.0,2.0,192.28,1,0.84,High Risk
55614,0,10.0,Mobile Phone,3,18.0,E wallet,Female,4.0,5,Laptop & Accessory,1,Married,6,0,14.0,2.0,2.0,1.0,191.52,0,0.0,Low Risk
55615,0,19.0,Mobile Phone,3,27.0,Debit Card,Female,3.0,4,Laptop & Accessory,3,Single,10,0,16.0,1.0,2.0,2.0,173.5,0,0.01,Low Risk
55616,0,14.0,Mobile Phone,1,9.0,Debit Card,Male,1.0,5,Mobile Phone,3,Single,4,0,15.0,1.0,3.0,3.0,153.09,0,0.03,Low Risk
55617,0,9.0,Computer,1,25.0,Debit Card,Male,4.0,4,Laptop & Accessory,3,Married,3,1,15.0,1.0,2.0,3.0,181.89,0,0.01,Low Risk
55618,0,14.0,Phone,1,9.0,Credit Card,Female,4.0,4,Mobile Phone,3,Married,4,0,15.0,1.0,2.0,3.0,145.01,0,0.0,Low Risk
55619,0,9.0,Mobile Phone,1,8.0,Debit Card,Female,4.0,6,Mobile Phone,1,Married,3,0,13.0,2.0,2.0,2.0,154.77,0,0.0,Low Risk
55620,0,3.0,Mobile Phone,1,20.0,UPI,Male,3.0,5,Laptop & Accessory,4,Married,6,1,14.0,1.0,2.0,4.0,165.25,0,0.01,Low Risk
55621,0,3.0,Mobile Phone,1,35.0,Credit Card,Female,4.0,5,Mobile Phone,5,Single,3,0,15.0,1.0,2.0,5.0,162.85,0,0.1,Low Risk
55622,1,14.0,Mobile Phone,3,35.0,E wallet,Male,3.0,5,Fashion,5,Married,6,1,14.0,3.0,2.0,1.0,233.54000000000002,1,0.82,High Risk
55623,0,13.0,Mobile Phone,3,31.0,E wallet,Female,3.0,5,Grocery,1,Married,2,0,12.0,4.0,2.0,7.0,245.31,0,0.05,Low Risk
55624,0,5.0,Computer,1,12.0,Credit Card,Male,4.0,4,Laptop & Accessory,5,Single,2,0,20.0,2.0,2.0,3.0,224.36,0,0.03,Low Risk
55625,0,1.0,Mobile Phone,3,12.0,UPI,Female,2.0,5,Mobile Phone,3,Single,2,0,19.0,2.0,2.0,1.0,154.66,0,0.3,Low Risk
55626,0,10.0,Computer,1,30.0,Credit Card,Male,3.0,2,Laptop & Accessory,1,Married,6,0,18.0,1.0,2.0,4.0,150.71,0,0.0,Low Risk
55627,0,13.0,Mobile Phone,1,13.0,Credit Card,Male,3.0,5,Fashion,5,Married,6,0,16.0,1.0,2.0,3.0,224.91,0,0.01,Low Risk
55628,0,1.0,Mobile Phone,1,11.0,Debit Card,Male,3.0,2,Laptop & Accessory,4,Married,3,1,21.0,1.0,2.0,4.0,186.42,0,0.06,Low Risk
55629,0,23.0,Computer,3,9.0,Credit Card,Male,4.0,5,Laptop & Accessory,4,Married,4,0,15.0,2.0,2.0,9.0,178.9,0,0.0,Low Risk
55630,0,8.0,Mobile Phone,1,15.0,Credit Card,Male,3.0,2,Laptop & Accessory,3,Married,4,0,13.0,2.0,2.0,3.0,169.04,0,0.0,Low Risk
